track,race_date,race_number,race_class,distance,course_type,track_condition,class_max_rating,place_dividends,quinella_dividend,qpl_dividends,win_dividend,horse_number,horse_name,horse_code,finish_position,finishing_time,jockey,trainer,weight_carried,horse_weight,barrier_draw,running_position,win_odds,horse_rating,gear,jockey_allowance,incident_report,sec1_time,sec2_time,sec3_time,sec4_time,sec5_time,sec6_time
Sha Tin,2026/07/01,1,Class 5,1600,"TURF - ""C"" Course",GOOD TO FIRM,40,"3:25.5, 10:23.0, 7:50.0",312.0,"3,10:102.5, 3,7:240.0, 7,10:221.0",82.0,3,FRANTANCK,H429,1,94.02000000000001,H Y Yuen,P C Ng,121.0,1170.0,3,1 1 1 1,8.2,,,0,,24.08,22.86,23.02,24.06,,
Sha Tin,2026/07/01,1,Class 5,1600,"TURF - ""C"" Course",GOOD TO FIRM,40,"3:25.5, 10:23.0, 7:50.0",312.0,"3,10:102.5, 3,7:240.0, 7,10:221.0",82.0,10,ORIENTAL SURPRISE,K028,2,94.02000000000001,Z Purton,D A Hayes,120.0,1041.0,6,3 4 3 2,6.9,,,0,"Jumped only fairly.  Shortly after the start was bumped by ORIENTAL SURPRISE which shifted out.  J Orman stated that his instructions were to endeavour to shift to the outside in the Home Straight but was unable to do so.  He said when placed under pressure SUPERB GUY finished the race off in a one-paced manner and, in his opinion, may have reached the end of its preparation.  A veterinary inspection immediately following the race did not show any significant findings. <2/7/2026 Additional Veterinary Report> SUPERB GUY, which performed disappointingly, was examined by the Veterinary Officer who said at that time there were no significant findings. SUPERB GUY was again examined by the Veterinary Officer at the stables of Trainer K W Lui this morning. He said at this time he noted the horse to be lame in its right front leg. Before being allowed to race again, SUPERB GUY will be subjected to an official veterinary examination.",24.36,23.02,22.78,23.86,,
Sha Tin,2026/07/01,1,Class 5,1600,"TURF - ""C"" Course",GOOD TO FIRM,40,"3:25.5, 10:23.0, 7:50.0",312.0,"3,10:102.5, 3,7:240.0, 7,10:221.0",82.0,7,GENERAL SMART,K138,3,94.1,A Atzeni,C S Shum,126.0,1127.0,14,10 10 8 3,17.0,,,0,,25.04,22.98,22.5,23.58,,
Sha Tin,2026/07/01,1,Class 5,1600,"TURF - ""C"" Course",GOOD TO FIRM,40,"3:25.5, 10:23.0, 7:50.0",312.0,"3,10:102.5, 3,7:240.0, 7,10:221.0",82.0,11,PERFECTO MOMENTS,J003,4,94.35,M L Yeung,K H Ting,118.0,1135.0,1,4 3 4 4,3.3,,,0,,24.48,22.82,22.98,24.07,,
Sha Tin,2026/07/01,1,Class 5,1600,"TURF - ""C"" Course",GOOD TO FIRM,40,"3:25.5, 10:23.0, 7:50.0",312.0,"3,10:102.5, 3,7:240.0, 7,10:221.0",82.0,9,HAPPYDEARHAPPYDEER,J002,5,94.35,Y L Chung,A S Cruz,121.0,1106.0,4,5 6 7 5,14.0,,,0,,24.68,22.94,22.86,23.87,,
Sha Tin,2026/07/01,1,Class 5,1600,"TURF - ""C"" Course",GOOD TO FIRM,40,"3:25.5, 10:23.0, 7:50.0",312.0,"3,10:102.5, 3,7:240.0, 7,10:221.0",82.0,13,GOLD TACK,H106,6,94.37,M Chadwick,D J Hall,117.0,1074.0,11,14 14 14 6,46.0,,,0,,25.4,22.94,22.66,23.37,,
Sha Tin,2026/07/01,1,Class 5,1600,"TURF - ""C"" Course",GOOD TO FIRM,40,"3:25.5, 10:23.0, 7:50.0",312.0,"3,10:102.5, 3,7:240.0, 7,10:221.0",82.0,8,ZETTA FORCE,J546,7,94.45,E Brown,C H Yip,125.0,1046.0,2,6 5 6 7,30.0,,,0,,24.76,22.82,22.9,23.97,,
Sha Tin,2026/07/01,1,Class 5,1600,"TURF - ""C"" Course",GOOD TO FIRM,40,"3:25.5, 10:23.0, 7:50.0",312.0,"3,10:102.5, 3,7:240.0, 7,10:221.0",82.0,5,LUCKY BLESSING,K073,8,94.45,L Ferraris,W K Mo,128.0,1101.0,12,2 2 2 8,13.0,,,0,,24.16,22.98,22.9,24.41,,
Sha Tin,2026/07/01,1,Class 5,1600,"TURF - ""C"" Course",GOOD TO FIRM,40,"3:25.5, 10:23.0, 7:50.0",312.0,"3,10:102.5, 3,7:240.0, 7,10:221.0",82.0,1,RED BRICK WARRIOR,K580,9,94.50999999999999,B Avdulla,D Eustace,135.0,1117.0,10,7 7 5 9,12.0,,,0,,24.84,22.86,22.74,24.07,,
Sha Tin,2026/07/01,1,Class 5,1600,"TURF - ""C"" Course",GOOD TO FIRM,40,"3:25.5, 10:23.0, 7:50.0",312.0,"3,10:102.5, 3,7:240.0, 7,10:221.0",82.0,12,HARRY'S HERO,H332,10,94.6,K Teetan,P F Yiu,115.0,1086.0,9,12 12 12 10,11.0,,,0,,25.32,22.86,22.7,23.72,,
Sha Tin,2026/07/01,1,Class 5,1600,"TURF - ""C"" Course",GOOD TO FIRM,40,"3:25.5, 10:23.0, 7:50.0",312.0,"3,10:102.5, 3,7:240.0, 7,10:221.0",82.0,6,SUPERB GUY,K323,11,94.84,J Orman,K W Lui,127.0,1158.0,7,9 9 10 11,13.0,,,0,"Jumped only fairly.  Shortly after the start was bumped by ORIENTAL SURPRISE which shifted out.  J Orman stated that his instructions were to endeavour to shift to the outside in the Home Straight but was unable to do so.  He said when placed under pressure SUPERB GUY finished the race off in a one-paced manner and, in his opinion, may have reached the end of its preparation.  A veterinary inspection immediately following the race did not show any significant findings. <2/7/2026 Additional Veterinary Report> SUPERB GUY, which performed disappointingly, was examined by the Veterinary Officer who said at that time there were no significant findings. SUPERB GUY was again examined by the Veterinary Officer at the stables of Trainer K W Lui this morning. He said at this time he noted the horse to be lame in its right front leg. Before being allowed to race again, SUPERB GUY will be subjected to an official veterinary examination.",25.0,22.86,22.82,24.16,,
Sha Tin,2026/07/01,1,Class 5,1600,"TURF - ""C"" Course",GOOD TO FIRM,40,"3:25.5, 10:23.0, 7:50.0",312.0,"3,10:102.5, 3,7:240.0, 7,10:221.0",82.0,2,PING HAI COMET,H344,12,94.85,H Bowman,J Size,132.0,1167.0,5,8 8 9 12,32.0,,,0,,24.92,22.94,22.74,24.25,,
Sha Tin,2026/07/01,1,Class 5,1600,"TURF - ""C"" Course",GOOD TO FIRM,40,"3:25.5, 10:23.0, 7:50.0",312.0,"3,10:102.5, 3,7:240.0, 7,10:221.0",82.0,14,CASA LEGEND,G126,13,95.89,M F Poon,C W Chang,117.0,1168.0,13,13 13 11 13,47.0,,,0,,25.36,22.9,22.62,25.01,,
Sha Tin,2026/07/01,1,Class 5,1600,"TURF - ""C"" Course",GOOD TO FIRM,40,"3:25.5, 10:23.0, 7:50.0",312.0,"3,10:102.5, 3,7:240.0, 7,10:221.0",82.0,4,GALE SAGA,J152,14,96.99000000000001,C L Chau,K L Man,127.0,1175.0,8,11 11 13 14,10.0,,,0,,25.16,22.98,22.78,26.07,,
Sha Tin,2026/07/01,2,Class 5,1400,"TURF - ""C"" Course",GOOD TO FIRM,40,"2:25.0, 13:17.0, 4:21.0",188.0,"2,13:68.0, 2,4:78.0, 4,13:60.5",72.5,2,TOP TO SKY,K339,1,81.48,E Brown,C H Yip,133.0,1058.0,5,1 1 1 1,7.2,,,0,,13.47,21.24,22.78,23.99,,
Sha Tin,2026/07/01,2,Class 5,1400,"TURF - ""C"" Course",GOOD TO FIRM,40,"2:25.0, 13:17.0, 4:21.0",188.0,"2,13:68.0, 2,4:78.0, 4,13:60.5",72.5,13,SPEEDY TRIDENT,K230,2,81.88,K Teetan,Y S Tsui,123.0,1012.0,2,5 6 5 2,4.5,,,0,"For some distance near the 300 Metres made contact with JOLLY JUMPER when endeavouring to obtain a run when there was not sufficient room between JOLLY JUMPER and MANYTHANKS FOREVER.  As a result SPEEDY TRIDENT was held up for clear running between the 400 Metres and the 200 Metres when unable to obtain the run.  K Teetan was advised to exercise more care.  Sent for sampling post-race. For some distance approaching the 300 Metres was hampered when bumped by SPEEDY TRIDENT which was endeavouring to shift out.  Near the 100 Metres SPEEDY TRIDENT (K Teetan) improved into a narrow run between HE WAS ME and MANYTHANKS FOREVER and as a result made contact with MANYTHANKS FOREVER.  A short distance later SPEEDY TRIDENT was taken out by HE WAS ME, resulting in MANYTHANKS FOREVER shifting out and away from SPEEDY TRIDENT across the running of JOLLY JUMPER which was steadied.  K Teetan was advised to exercise more care in similar circumstances.  C L Chau stated that he had to make use of the horse in the early stages to go forward.  He added, in his opinion, JOLLY JUMPER was also not comfortable on today’s ""Good to Firm” track conditions.  A veterinary inspection immediately following the race did not show any significant findings.  Sent for sampling post-race.",13.67,21.52,22.74,23.95,,
Sha Tin,2026/07/01,2,Class 5,1400,"TURF - ""C"" Course",GOOD TO FIRM,40,"2:25.0, 13:17.0, 4:21.0",188.0,"2,13:68.0, 2,4:78.0, 4,13:60.5",72.5,4,HE WAS ME,J535,3,81.94,A Atzeni,A S Cruz,131.0,1155.0,3,2 3 3 3,6.8,,,0,"Crowded on jumping by HE WAS ME which shifted out.  Approaching the 1000 Metres, when racing keenly, was steadied to avoid DOUBLE SHOW (L Ferraris) which shifted in.  L Ferraris was reprimanded. For some distance approaching the 300 Metres was hampered when bumped by SPEEDY TRIDENT which was endeavouring to shift out.  Near the 100 Metres SPEEDY TRIDENT (K Teetan) improved into a narrow run between HE WAS ME and MANYTHANKS FOREVER and as a result made contact with MANYTHANKS FOREVER.  A short distance later SPEEDY TRIDENT was taken out by HE WAS ME, resulting in MANYTHANKS FOREVER shifting out and away from SPEEDY TRIDENT across the running of JOLLY JUMPER which was steadied.  K Teetan was advised to exercise more care in similar circumstances.  C L Chau stated that he had to make use of the horse in the early stages to go forward.  He added, in his opinion, JOLLY JUMPER was also not comfortable on today’s ""Good to Firm” track conditions.  A veterinary inspection immediately following the race did not show any significant findings.  Sent for sampling post-race.",13.59,21.36,22.86,24.13,,
Sha Tin,2026/07/01,2,Class 5,1400,"TURF - ""C"" Course",GOOD TO FIRM,40,"2:25.0, 13:17.0, 4:21.0",188.0,"2,13:68.0, 2,4:78.0, 4,13:60.5",72.5,8,PRINCE ALEX,G307,4,81.99,H Bowman,D J Whyte,129.0,1090.0,14,14 14 12 4,80.0,,,0,"Jumped awkwardly.  H Bowman (PRINCE ALEX) pleaded guilty to a charge of careless riding [Rule 100(1)] in that near the 250 Metres he allowed his mount to shift out when not clear of WAVE GARDEN, resulting in WAVE GARDEN having to be checked.  In accordance with previous practices, H Bowman was fined the sum of $60,000 in lieu of a one-day suspension.  In assessing penalty, the Stewards determined the carelessness grade 2 and the consequences grade 2 and also considered his very good race riding record.  Raced wide and without cover for the majority of the event.  K C Leung stated that his mount did not travel well during the event and did not appreciate the ""Good to Firm” track conditions.  A veterinary inspection immediately following the race did not show any significant findings.",14.31,21.88,22.38,23.42,,
Sha Tin,2026/07/01,2,Class 5,1400,"TURF - ""C"" Course",GOOD TO FIRM,40,"2:25.0, 13:17.0, 4:21.0",188.0,"2,13:68.0, 2,4:78.0, 4,13:60.5",72.5,9,MAZING GRACE,K166,5,82.14,R Kingscote,C W Chang,128.0,1173.0,4,7 8 7 5,10.0,,,0,,13.75,21.68,22.82,23.89,,
Sha Tin,2026/07/01,2,Class 5,1400,"TURF - ""C"" Course",GOOD TO FIRM,40,"2:25.0, 13:17.0, 4:21.0",188.0,"2,13:68.0, 2,4:78.0, 4,13:60.5",72.5,3,FORTUNE KINGO,K457,6,82.17,H T Mo,K H Ting,130.0,1207.0,11,12 13 14 6,55.0,,,0,On jumping was crowded between FORTUNE KINGO and FIGHT TIME which shifted in.  Apprentice H Y Yuen stated that from a wide barrier she was obliged to make use of the horse to go forward which resulted in it being unable to finish the race off in the Home Straight.  A veterinary inspection immediately following the race did not show any significant findings.,14.07,22.12,22.42,23.56,,
Sha Tin,2026/07/01,2,Class 5,1400,"TURF - ""C"" Course",GOOD TO FIRM,40,"2:25.0, 13:17.0, 4:21.0",188.0,"2,13:68.0, 2,4:78.0, 4,13:60.5",72.5,14,MEGA FORCE,K200,7,82.2,L Hewitson,P C Ng,126.0,1161.0,1,10 10 8 7,22.0,,,0,"Withdrawn on 30.6.26 by order of the Stewards acting on veterinary advice (lame left fore) and replaced by Standby Declared Starter MEGA FORCE.  Before being allowed to race again, BINGO BABE will be subjected to an official veterinary examination.",13.83,21.68,22.74,23.95,,
Sha Tin,2026/07/01,2,Class 5,1400,"TURF - ""C"" Course",GOOD TO FIRM,40,"2:25.0, 13:17.0, 4:21.0",188.0,"2,13:68.0, 2,4:78.0, 4,13:60.5",72.5,10,DOUBLE SHOW,G250,8,82.23,L Ferraris,B Crawford,126.0,1183.0,8,3 5 6 8,16.0,,,0,"Crowded on jumping by HE WAS ME which shifted out.  Approaching the 1000 Metres, when racing keenly, was steadied to avoid DOUBLE SHOW (L Ferraris) which shifted in.  L Ferraris was reprimanded. Jumped only fairly and shortly afterwards was checked when crowded between BRAVE WIN and DOUBLE SHOW which shifted in despite the efforts of its rider.",13.63,21.56,22.78,24.26,,
Sha Tin,2026/07/01,2,Class 5,1400,"TURF - ""C"" Course",GOOD TO FIRM,40,"2:25.0, 13:17.0, 4:21.0",188.0,"2,13:68.0, 2,4:78.0, 4,13:60.5",72.5,12,MANYTHANKS FOREVER,J065,9,82.37,H Y Yuen,W Y So,115.0,1115.0,12,6 2 2 9,10.0,,,0,"For some distance near the 300 Metres made contact with JOLLY JUMPER when endeavouring to obtain a run when there was not sufficient room between JOLLY JUMPER and MANYTHANKS FOREVER.  As a result SPEEDY TRIDENT was held up for clear running between the 400 Metres and the 200 Metres when unable to obtain the run.  K Teetan was advised to exercise more care.  Sent for sampling post-race. Shifted in on jumping and became unbalanced when it bumped MANYTHANKS FOREVER.  J Orman stated that after settling back in the field his mount failed to run on in the Home Straight and could offer no explanation for its disappointing performance.  A veterinary inspection immediately following the race did not show any significant findings. For some distance approaching the 300 Metres was hampered when bumped by SPEEDY TRIDENT which was endeavouring to shift out.  Near the 100 Metres SPEEDY TRIDENT (K Teetan) improved into a narrow run between HE WAS ME and MANYTHANKS FOREVER and as a result made contact with MANYTHANKS FOREVER.  A short distance later SPEEDY TRIDENT was taken out by HE WAS ME, resulting in MANYTHANKS FOREVER shifting out and away from SPEEDY TRIDENT across the running of JOLLY JUMPER which was steadied.  K Teetan was advised to exercise more care in similar circumstances.  C L Chau stated that he had to make use of the horse in the early stages to go forward.  He added, in his opinion, JOLLY JUMPER was also not comfortable on today’s ""Good to Firm” track conditions.  A veterinary inspection immediately following the race did not show any significant findings.  Sent for sampling post-race.",13.71,21.08,22.9,24.68,,
Sha Tin,2026/07/01,2,Class 5,1400,"TURF - ""C"" Course",GOOD TO FIRM,40,"2:25.0, 13:17.0, 4:21.0",188.0,"2,13:68.0, 2,4:78.0, 4,13:60.5",72.5,6,FIGHT TIME,H409,10,82.6,J Orman,D J Hall,130.0,1076.0,13,11 11 10 10,14.0,,,0,On jumping was crowded between FORTUNE KINGO and FIGHT TIME which shifted in.  Apprentice H Y Yuen stated that from a wide barrier she was obliged to make use of the horse to go forward which resulted in it being unable to finish the race off in the Home Straight.  A veterinary inspection immediately following the race did not show any significant findings.,13.99,21.8,22.7,24.11,,
Sha Tin,2026/07/01,2,Class 5,1400,"TURF - ""C"" Course",GOOD TO FIRM,40,"2:25.0, 13:17.0, 4:21.0",188.0,"2,13:68.0, 2,4:78.0, 4,13:60.5",72.5,7,JOLLY JUMPER,K110,11,82.65,C L Chau,W K Mo,127.0,1151.0,10,4 4 4 11,4.5,,,0,"For some distance near the 300 Metres made contact with JOLLY JUMPER when endeavouring to obtain a run when there was not sufficient room between JOLLY JUMPER and MANYTHANKS FOREVER.  As a result SPEEDY TRIDENT was held up for clear running between the 400 Metres and the 200 Metres when unable to obtain the run.  K Teetan was advised to exercise more care.  Sent for sampling post-race. For some distance approaching the 300 Metres was hampered when bumped by SPEEDY TRIDENT which was endeavouring to shift out.  Near the 100 Metres SPEEDY TRIDENT (K Teetan) improved into a narrow run between HE WAS ME and MANYTHANKS FOREVER and as a result made contact with MANYTHANKS FOREVER.  A short distance later SPEEDY TRIDENT was taken out by HE WAS ME, resulting in MANYTHANKS FOREVER shifting out and away from SPEEDY TRIDENT across the running of JOLLY JUMPER which was steadied.  K Teetan was advised to exercise more care in similar circumstances.  C L Chau stated that he had to make use of the horse in the early stages to go forward.  He added, in his opinion, JOLLY JUMPER was also not comfortable on today’s ""Good to Firm” track conditions.  A veterinary inspection immediately following the race did not show any significant findings.  Sent for sampling post-race.",13.63,21.36,22.9,24.76,,
Sha Tin,2026/07/01,2,Class 5,1400,"TURF - ""C"" Course",GOOD TO FIRM,40,"2:25.0, 13:17.0, 4:21.0",188.0,"2,13:68.0, 2,4:78.0, 4,13:60.5",72.5,1,BRAVE WIN,K421,12,82.82,C Y Ho,K W Lui,134.0,1160.0,6,9 9 11 12,37.0,,,0,Jumped only fairly and shortly afterwards was checked when crowded between BRAVE WIN and DOUBLE SHOW which shifted in despite the efforts of its rider.,13.79,21.72,22.98,24.33,,
Sha Tin,2026/07/01,2,Class 5,1400,"TURF - ""C"" Course",GOOD TO FIRM,40,"2:25.0, 13:17.0, 4:21.0",188.0,"2,13:68.0, 2,4:78.0, 4,13:60.5",72.5,11,TAI VICTORY,K124,13,83.12,A Badel,J Richards,126.0,1077.0,7,13 12 13 13,89.0,,,0,,14.19,21.8,22.58,24.55,,
Sha Tin,2026/07/01,2,Class 5,1400,"TURF - ""C"" Course",GOOD TO FIRM,40,"2:25.0, 13:17.0, 4:21.0",188.0,"2,13:68.0, 2,4:78.0, 4,13:60.5",72.5,5,WAVE GARDEN,K209,14,84.16,K C Leung,C S Shum,131.0,1066.0,9,8 7 9 14,20.0,,,0,"From the outside barrier was shifted across behind runners in the early stages.  H Bowman pleaded guilty to a careless riding charge for causing interference near the 250 Metres (see WAVE GARDEN). Jumped awkwardly.  H Bowman (PRINCE ALEX) pleaded guilty to a charge of careless riding [Rule 100(1)] in that near the 250 Metres he allowed his mount to shift out when not clear of WAVE GARDEN, resulting in WAVE GARDEN having to be checked.  In accordance with previous practices, H Bowman was fined the sum of $60,000 in lieu of a one-day suspension.  In assessing penalty, the Stewards determined the carelessness grade 2 and the consequences grade 2 and also considered his very good race riding record.  Raced wide and without cover for the majority of the event.  K C Leung stated that his mount did not travel well during the event and did not appreciate the ""Good to Firm” track conditions.  A veterinary inspection immediately following the race did not show any significant findings.",13.79,21.48,23.06,25.83,,
Sha Tin,2026/07/01,2,Class 5,1400,"TURF - ""C"" Course",GOOD TO FIRM,40,"2:25.0, 13:17.0, 4:21.0",188.0,"2,13:68.0, 2,4:78.0, 4,13:60.5",72.5,,BINGO BABE,K115,WV,,M F Poon,P F Yiu,117.0,,,---,,,,0,"Withdrawn on 30.6.26 by order of the Stewards acting on veterinary advice (lame left fore) and replaced by Standby Declared Starter MEGA FORCE.  Before being allowed to race again, BINGO BABE will be subjected to an official veterinary examination.",,,,,,
Sha Tin,2026/07/01,3,Class 4,1400,"TURF - ""C"" Course",GOOD TO FIRM,60,"2:26.0, 11:189.0, 14:15.5",3565.5,"2,11:840.5, 2,14:71.0, 11,14:447.5",88.5,2,KING OF FIGHTERS,K174,1,81.92,K Teetan,B Crawford,133.0,1124.0,8,9 10 10 1,8.8,,,0,"On jumping shifted in and made contact with GOOD LUCK BABE, resulting in FLYING SNIPER becoming unbalanced.  For some distance approaching the 500 Metres was unable to improve when awkwardly placed between BRILLIANT WINNER and KING OF FIGHTERS which shifted out.  Approaching the 250 Metres became unbalanced when being shifted to the outside of ARIEL to obtain clear running.  As a result FLYING SNIPER shifted out, resulting in its rider Z Purton having to correct his mount.  Sent for sampling post-race. Shifted out at the start and was steadied to avoid KING OF FIGHTERS.  M F Poon stated that as a result his mount settled further back in the field than intended.  A veterinary inspection immediately following the race did not show any significant findings.",13.84,21.66,22.59,23.83,,
Sha Tin,2026/07/01,3,Class 4,1400,"TURF - ""C"" Course",GOOD TO FIRM,60,"2:26.0, 11:189.0, 14:15.5",3565.5,"2,11:840.5, 2,14:71.0, 11,14:447.5",88.5,11,TRENDY RUSH,L209,2,81.97,B Avdulla,J Richards,122.0,1141.0,6,10 9 8 2,89.0,,,0,"E C W Wong (WINNING MACHINE) pleaded guilty to a charge of careless riding [Rule 100(1)] in that near the 1200 Metres he allowed his mount to shift in when not clear of CALL ME SUCCESS, resulting in CALL ME SUCCESS having to be checked.  E C W Wong was suspended from riding in races for a period to commence on Saturday, 4 July 2026 and to expire on Monday, 13 July 2026 on which day he may resume race riding (3 Hong Kong racedays).  In addition, Jockey Wong was fined $40,000.  In assessing penalty, the Stewards determined the carelessness grade 2 and the consequences grade 2 and also considered his very poor race riding record.  Near the 250 Metres WINNING MACHINE (E C W Wong) shifted out, resulting in LUCK IS BACK being taken wider.  As a result GOOD LUCK BABE (Apprentice H Y Yuen) was then taken out slightly by LUCK IS BACK before shifting out and crowding TRENDY RUSH across the running of CALL ME SUCCESS which was checked.  E C W Wong and Apprentice Yuen were severely reprimanded and advised in similar circumstances they would be required to make a greater effort to prevent their mounts from shifting ground.  A veterinary inspection immediately following the race did not show any significant findings.",13.92,21.54,22.51,24.0,,
Sha Tin,2026/07/01,3,Class 4,1400,"TURF - ""C"" Course",GOOD TO FIRM,60,"2:26.0, 11:189.0, 14:15.5",3565.5,"2,11:840.5, 2,14:71.0, 11,14:447.5",88.5,14,WINNING MACHINE,K239,3,82.03,E C W Wong,C Fownes,117.0,1175.0,5,3 4 4 3,4.0,,,0,"E C W Wong pleaded guilty to a careless riding charge for causing interference near the 1200 Metres (see CALL ME SUCCESS).  Leaving the 400 Metres improved into a narrow run between CIRCUIT CENTURY and LUCK IS BACK and as a result made contact with LUCK IS BACK.  LUCK IS BACK (Apprentice P N Wong) then shifted in, resulting in WINNING MACHINE being crowded for room between CIRCUIT CENTURY and LUCK IS BACK for some distance thereafter.  Both E C W Wong, rider of WINNING MACHINE, and Apprentice Wong were advised to exercise more care in similar circumstances.  Lay out under pressure over the final 200 Metres.  A veterinary inspection immediately following the race found that horse to have bled from both nostrils.  Before being allowed to race again, WINNING MACHINE will be required to perform satisfactorily in a barrier trial and be subjected to an official veterinary examination. Shifted out at the start and was bumped.  Leaving the 400 Metres was bumped on the hindquarters and as a result shifted in and made contact with WINNING MACHINE for some distance thereafter.  Approaching the 250 Metres was hampered when bumped by WINNING MACHINE.  Raced wide and without cover for the majority of the event.  Trainer P C Ng confirmed that the instructions were to race where comfortable but not to restrain the horse in the early stages. E C W Wong (WINNING MACHINE) pleaded guilty to a charge of careless riding [Rule 100(1)] in that near the 1200 Metres he allowed his mount to shift in when not clear of CALL ME SUCCESS, resulting in CALL ME SUCCESS having to be checked.  E C W Wong was suspended from riding in races for a period to commence on Saturday, 4 July 2026 and to expire on Monday, 13 July 2026 on which day he may resume race riding (3 Hong Kong racedays).  In addition, Jockey Wong was fined $40,000.  In assessing penalty, the Stewards determined the carelessness grade 2 and the consequences grade 2 and also considered his very poor race riding record.  Near the 250 Metres WINNING MACHINE (E C W Wong) shifted out, resulting in LUCK IS BACK being taken wider.  As a result GOOD LUCK BABE (Apprentice H Y Yuen) was then taken out slightly by LUCK IS BACK before shifting out and crowding TRENDY RUSH across the running of CALL ME SUCCESS which was checked.  E C W Wong and Apprentice Yuen were severely reprimanded and advised in similar circumstances they would be required to make a greater effort to prevent their mounts from shifting ground.  A veterinary inspection immediately following the race did not show any significant findings.",13.52,21.34,22.75,24.42,,
Sha Tin,2026/07/01,3,Class 4,1400,"TURF - ""C"" Course",GOOD TO FIRM,60,"2:26.0, 11:189.0, 14:15.5",3565.5,"2,11:840.5, 2,14:71.0, 11,14:447.5",88.5,7,GOOD LUCK BABE,K016,4,82.19,H Y Yuen,A S Cruz,116.0,1134.0,9,5 5 5 4,6.7,,,0,"Approaching the 250 Metres was hampered when taken out by GOOD LUCK BABE.  Sent for sampling post-race. B Avdulla was fined the sum of $2,000 for using the whip on consecutive occasions in 2 consecutive strides near the 150 Metres. On jumping shifted in and made contact with GOOD LUCK BABE, resulting in FLYING SNIPER becoming unbalanced.  For some distance approaching the 500 Metres was unable to improve when awkwardly placed between BRILLIANT WINNER and KING OF FIGHTERS which shifted out.  Approaching the 250 Metres became unbalanced when being shifted to the outside of ARIEL to obtain clear running.  As a result FLYING SNIPER shifted out, resulting in its rider Z Purton having to correct his mount.  Sent for sampling post-race. E C W Wong (WINNING MACHINE) pleaded guilty to a charge of careless riding [Rule 100(1)] in that near the 1200 Metres he allowed his mount to shift in when not clear of CALL ME SUCCESS, resulting in CALL ME SUCCESS having to be checked.  E C W Wong was suspended from riding in races for a period to commence on Saturday, 4 July 2026 and to expire on Monday, 13 July 2026 on which day he may resume race riding (3 Hong Kong racedays).  In addition, Jockey Wong was fined $40,000.  In assessing penalty, the Stewards determined the carelessness grade 2 and the consequences grade 2 and also considered his very poor race riding record.  Near the 250 Metres WINNING MACHINE (E C W Wong) shifted out, resulting in LUCK IS BACK being taken wider.  As a result GOOD LUCK BABE (Apprentice H Y Yuen) was then taken out slightly by LUCK IS BACK before shifting out and crowding TRENDY RUSH across the running of CALL ME SUCCESS which was checked.  E C W Wong and Apprentice Yuen were severely reprimanded and advised in similar circumstances they would be required to make a greater effort to prevent their mounts from shifting ground.  A veterinary inspection immediately following the race did not show any significant findings.",13.64,21.3,22.79,24.46,,
Sha Tin,2026/07/01,3,Class 4,1400,"TURF - ""C"" Course",GOOD TO FIRM,60,"2:26.0, 11:189.0, 14:15.5",3565.5,"2,11:840.5, 2,14:71.0, 11,14:447.5",88.5,13,FLYING SNIPER,L270,5,82.38,Z Purton,D J Hall,121.0,1176.0,10,12 11 12 5,3.6,,,0,"On jumping shifted in and made contact with GOOD LUCK BABE, resulting in FLYING SNIPER becoming unbalanced.  For some distance approaching the 500 Metres was unable to improve when awkwardly placed between BRILLIANT WINNER and KING OF FIGHTERS which shifted out.  Approaching the 250 Metres became unbalanced when being shifted to the outside of ARIEL to obtain clear running.  As a result FLYING SNIPER shifted out, resulting in its rider Z Purton having to correct his mount.  Sent for sampling post-race.",14.2,21.62,22.55,24.01,,
Sha Tin,2026/07/01,3,Class 4,1400,"TURF - ""C"" Course",GOOD TO FIRM,60,"2:26.0, 11:189.0, 14:15.5",3565.5,"2,11:840.5, 2,14:71.0, 11,14:447.5",88.5,1,GALLANT EPOCH,J451,6,82.42,E Brown,K W Lui,135.0,1193.0,1,8 6 6 6,7.6,,,0,"Jumped only fairly.  After  travelling a short distance became unbalanced when it made contact with JOY TOGETHER when taken out by GALLANT EPOCH.  The performance of RISING FROM EAST, which finished tailed out on the second consecutive occasion, was considered unacceptable.  Before being allowed to race again, RISING FROM EAST will be required to perform to the satisfaction of the Stewards in a barrier trial and be subjected to an official veterinary examination which must include additional diagnostic assessments.  A veterinary inspection immediately following the race did not show any significant findings.",13.72,21.42,22.71,24.57,,
Sha Tin,2026/07/01,3,Class 4,1400,"TURF - ""C"" Course",GOOD TO FIRM,60,"2:26.0, 11:189.0, 14:15.5",3565.5,"2,11:840.5, 2,14:71.0, 11,14:447.5",88.5,8,LUCK IS BACK,J398,7,82.48,P N Wong,P C Ng,117.0,1196.0,12,4 2 3 7,88.0,,,0,"E C W Wong pleaded guilty to a careless riding charge for causing interference near the 1200 Metres (see CALL ME SUCCESS).  Leaving the 400 Metres improved into a narrow run between CIRCUIT CENTURY and LUCK IS BACK and as a result made contact with LUCK IS BACK.  LUCK IS BACK (Apprentice P N Wong) then shifted in, resulting in WINNING MACHINE being crowded for room between CIRCUIT CENTURY and LUCK IS BACK for some distance thereafter.  Both E C W Wong, rider of WINNING MACHINE, and Apprentice Wong were advised to exercise more care in similar circumstances.  Lay out under pressure over the final 200 Metres.  A veterinary inspection immediately following the race found that horse to have bled from both nostrils.  Before being allowed to race again, WINNING MACHINE will be required to perform satisfactorily in a barrier trial and be subjected to an official veterinary examination. Bumped shortly after the start.  Approaching the 250 Metres was hampered when taken wider by LUCK IS BACK. On jumping made contact with CIRCUIT CENTURY.  A short distance later APEX GLORY was then bumped by LUCK IS BACK which  shifted out.  Near the 100 Metres was bumped by CIRCUIT CENTURY which shifted in.  K C Leung stated that his mount was disadvantaged by being pressured in the lead by CIRCUIT CENTURY and LUCK IS BACK and as a result did not finish the race off in the Home Straight.  A veterinary inspection immediately following the race did not show any significant findings. E C W Wong (WINNING MACHINE) pleaded guilty to a charge of careless riding [Rule 100(1)] in that near the 1200 Metres he allowed his mount to shift in when not clear of CALL ME SUCCESS, resulting in CALL ME SUCCESS having to be checked.  E C W Wong was suspended from riding in races for a period to commence on Saturday, 4 July 2026 and to expire on Monday, 13 July 2026 on which day he may resume race riding (3 Hong Kong racedays).  In addition, Jockey Wong was fined $40,000.  In assessing penalty, the Stewards determined the carelessness grade 2 and the consequences grade 2 and also considered his very poor race riding record.  Near the 250 Metres WINNING MACHINE (E C W Wong) shifted out, resulting in LUCK IS BACK being taken wider.  As a result GOOD LUCK BABE (Apprentice H Y Yuen) was then taken out slightly by LUCK IS BACK before shifting out and crowding TRENDY RUSH across the running of CALL ME SUCCESS which was checked.  E C W Wong and Apprentice Yuen were severely reprimanded and advised in similar circumstances they would be required to make a greater effort to prevent their mounts from shifting ground.  A veterinary inspection immediately following the race did not show any significant findings.",13.6,21.1,22.83,24.95,,
Sha Tin,2026/07/01,3,Class 4,1400,"TURF - ""C"" Course",GOOD TO FIRM,60,"2:26.0, 11:189.0, 14:15.5",3565.5,"2,11:840.5, 2,14:71.0, 11,14:447.5",88.5,10,ARIEL,G223,8,82.69,R Kingscote,D A Hayes,122.0,1210.0,11,6 7 9 8,11.0,,,0,"On jumping shifted in and made contact with GOOD LUCK BABE, resulting in FLYING SNIPER becoming unbalanced.  For some distance approaching the 500 Metres was unable to improve when awkwardly placed between BRILLIANT WINNER and KING OF FIGHTERS which shifted out.  Approaching the 250 Metres became unbalanced when being shifted to the outside of ARIEL to obtain clear running.  As a result FLYING SNIPER shifted out, resulting in its rider Z Purton having to correct his mount.  Sent for sampling post-race.",13.68,21.5,22.79,24.72,,
Sha Tin,2026/07/01,3,Class 4,1400,"TURF - ""C"" Course",GOOD TO FIRM,60,"2:26.0, 11:189.0, 14:15.5",3565.5,"2,11:840.5, 2,14:71.0, 11,14:447.5",88.5,3,JOY TOGETHER,L227,9,82.74,C L Chau,C W Chang,126.0,1112.0,3,11 12 13 9,17.0,,,0,"Jumped only fairly.  After  travelling a short distance became unbalanced when it made contact with JOY TOGETHER when taken out by GALLANT EPOCH.  The performance of RISING FROM EAST, which finished tailed out on the second consecutive occasion, was considered unacceptable.  Before being allowed to race again, RISING FROM EAST will be required to perform to the satisfaction of the Stewards in a barrier trial and be subjected to an official veterinary examination which must include additional diagnostic assessments.  A veterinary inspection immediately following the race did not show any significant findings.",14.08,21.86,22.55,24.25,,
Sha Tin,2026/07/01,3,Class 4,1400,"TURF - ""C"" Course",GOOD TO FIRM,60,"2:26.0, 11:189.0, 14:15.5",3565.5,"2,11:840.5, 2,14:71.0, 11,14:447.5",88.5,12,CIRCUIT CENTURY,K308,10,82.92,L Hewitson,C S Shum,121.0,1069.0,14,2 3 2 10,34.0,,,0,"E C W Wong pleaded guilty to a careless riding charge for causing interference near the 1200 Metres (see CALL ME SUCCESS).  Leaving the 400 Metres improved into a narrow run between CIRCUIT CENTURY and LUCK IS BACK and as a result made contact with LUCK IS BACK.  LUCK IS BACK (Apprentice P N Wong) then shifted in, resulting in WINNING MACHINE being crowded for room between CIRCUIT CENTURY and LUCK IS BACK for some distance thereafter.  Both E C W Wong, rider of WINNING MACHINE, and Apprentice Wong were advised to exercise more care in similar circumstances.  Lay out under pressure over the final 200 Metres.  A veterinary inspection immediately following the race found that horse to have bled from both nostrils.  Before being allowed to race again, WINNING MACHINE will be required to perform satisfactorily in a barrier trial and be subjected to an official veterinary examination. Bumped on jumping.  Lay in when giving ground in the Home Straight.  L Hewitson stated that from the outside barrier he was instructed to take up a forward position.  After the race an endoscopic examination was conducted on CIRCUIT CENTURY at the request of Trainer C S Shum.  The Veterinary Surgeon said this examination showed a substantial amount of blood in the horse’s trachea.  Before being allowed to race again, CIRCUIT CENTURY will be subjected to an official veterinary examination. On jumping made contact with CIRCUIT CENTURY.  A short distance later APEX GLORY was then bumped by LUCK IS BACK which  shifted out.  Near the 100 Metres was bumped by CIRCUIT CENTURY which shifted in.  K C Leung stated that his mount was disadvantaged by being pressured in the lead by CIRCUIT CENTURY and LUCK IS BACK and as a result did not finish the race off in the Home Straight.  A veterinary inspection immediately following the race did not show any significant findings.",13.44,21.3,22.71,25.47,,
Sha Tin,2026/07/01,3,Class 4,1400,"TURF - ""C"" Course",GOOD TO FIRM,60,"2:26.0, 11:189.0, 14:15.5",3565.5,"2,11:840.5, 2,14:71.0, 11,14:447.5",88.5,5,APEX GLORY,L265,11,82.99,K C Leung,K L Man,126.0,1162.0,13,1 1 1 11,52.0,,,0,On jumping made contact with CIRCUIT CENTURY.  A short distance later APEX GLORY was then bumped by LUCK IS BACK which  shifted out.  Near the 100 Metres was bumped by CIRCUIT CENTURY which shifted in.  K C Leung stated that his mount was disadvantaged by being pressured in the lead by CIRCUIT CENTURY and LUCK IS BACK and as a result did not finish the race off in the Home Straight.  A veterinary inspection immediately following the race did not show any significant findings.,13.36,21.3,22.75,25.58,,
Sha Tin,2026/07/01,3,Class 4,1400,"TURF - ""C"" Course",GOOD TO FIRM,60,"2:26.0, 11:189.0, 14:15.5",3565.5,"2,11:840.5, 2,14:71.0, 11,14:447.5",88.5,6,BRILLIANT WINNER,L203,12,83.08,M F Poon,F C Lor,126.0,1164.0,7,13 13 11 12,129.0,,,0,"On jumping shifted in and made contact with GOOD LUCK BABE, resulting in FLYING SNIPER becoming unbalanced.  For some distance approaching the 500 Metres was unable to improve when awkwardly placed between BRILLIANT WINNER and KING OF FIGHTERS which shifted out.  Approaching the 250 Metres became unbalanced when being shifted to the outside of ARIEL to obtain clear running.  As a result FLYING SNIPER shifted out, resulting in its rider Z Purton having to correct his mount.  Sent for sampling post-race.",14.28,21.7,22.31,24.79,,
Sha Tin,2026/07/01,3,Class 4,1400,"TURF - ""C"" Course",GOOD TO FIRM,60,"2:26.0, 11:189.0, 14:15.5",3565.5,"2,11:840.5, 2,14:71.0, 11,14:447.5",88.5,9,CALL ME SUCCESS,K462,13,83.5,L Ferraris,D Eustace,123.0,1075.0,4,7 8 7 13,17.0,,,0,"E C W Wong pleaded guilty to a careless riding charge for causing interference near the 1200 Metres (see CALL ME SUCCESS).  Leaving the 400 Metres improved into a narrow run between CIRCUIT CENTURY and LUCK IS BACK and as a result made contact with LUCK IS BACK.  LUCK IS BACK (Apprentice P N Wong) then shifted in, resulting in WINNING MACHINE being crowded for room between CIRCUIT CENTURY and LUCK IS BACK for some distance thereafter.  Both E C W Wong, rider of WINNING MACHINE, and Apprentice Wong were advised to exercise more care in similar circumstances.  Lay out under pressure over the final 200 Metres.  A veterinary inspection immediately following the race found that horse to have bled from both nostrils.  Before being allowed to race again, WINNING MACHINE will be required to perform satisfactorily in a barrier trial and be subjected to an official veterinary examination. E C W Wong (WINNING MACHINE) pleaded guilty to a charge of careless riding [Rule 100(1)] in that near the 1200 Metres he allowed his mount to shift in when not clear of CALL ME SUCCESS, resulting in CALL ME SUCCESS having to be checked.  E C W Wong was suspended from riding in races for a period to commence on Saturday, 4 July 2026 and to expire on Monday, 13 July 2026 on which day he may resume race riding (3 Hong Kong racedays).  In addition, Jockey Wong was fined $40,000.  In assessing penalty, the Stewards determined the carelessness grade 2 and the consequences grade 2 and also considered his very poor race riding record.  Near the 250 Metres WINNING MACHINE (E C W Wong) shifted out, resulting in LUCK IS BACK being taken wider.  As a result GOOD LUCK BABE (Apprentice H Y Yuen) was then taken out slightly by LUCK IS BACK before shifting out and crowding TRENDY RUSH across the running of CALL ME SUCCESS which was checked.  E C W Wong and Apprentice Yuen were severely reprimanded and advised in similar circumstances they would be required to make a greater effort to prevent their mounts from shifting ground.  A veterinary inspection immediately following the race did not show any significant findings.",13.72,21.46,22.75,25.57,,
Sha Tin,2026/07/01,3,Class 4,1400,"TURF - ""C"" Course",GOOD TO FIRM,60,"2:26.0, 11:189.0, 14:15.5",3565.5,"2,11:840.5, 2,14:71.0, 11,14:447.5",88.5,4,RISING FROM EAST,L145,14,90.36,M L Yeung,C H Yip,128.0,1193.0,2,14 14 14 14,110.0,,,0,"Jumped only fairly.  After  travelling a short distance became unbalanced when it made contact with JOY TOGETHER when taken out by GALLANT EPOCH.  The performance of RISING FROM EAST, which finished tailed out on the second consecutive occasion, was considered unacceptable.  Before being allowed to race again, RISING FROM EAST will be required to perform to the satisfaction of the Stewards in a barrier trial and be subjected to an official veterinary examination which must include additional diagnostic assessments.  A veterinary inspection immediately following the race did not show any significant findings.",14.36,22.42,23.67,29.91,,
Sha Tin,2026/07/01,4,Class 4,1000,"TURF - ""C"" Course",GOOD TO FIRM,60,"2:15.5, 3:46.5, 7:72.5",369.5,"2,3:111.0, 2,7:185.5, 3,7:561.5",43.0,2,LAHORE,K043,1,56.43,Z Purton,J Richards,128.0,1154.0,2,6 7 1,4.3,,,0,"On jumping made contact with FLOWING RICHES due to both runners shifting ground.  When questioned regarding his riding of GOLDEN ACE, which was having its first race start, E Brown stated that his instructions were to settle the horse where comfortable and he was given no other instructions in relation to where to position the horse during the event.  He said after being bumped at the start he did not ride his mount along in the early stages to allow it to balance and settle where comfortable in accordance with his instructions.  When questioned if there was an opportunity to encourage his mount to hold a more forward position Jockey Brown stated that as the horse raced greenly he elected to allow it to settle towards the rear of the field where it was travelling comfortably.  He added that throughout the middle stages GOLDEN ACE continued to race greenly and entering the course proper near the 400 Metres became unbalanced.  He said when positioned behind and to the outside of GOOD POWER near the 400 Metres he contemplated shifting to the inside of that runner to follow LAHORE but elected to remain racing behind JUICY DRAGON as he was of the opinion that horse was travelling well enough to provide him with a horse to follow into the event.  When questioned if there was an opportunity to ride the horse with more vigour between the 400 Metres and the 200 Metres Jockey Brown stated that as he was still assessing where he was going to improve he continued to encourage his mount forward but not applying full vigour which allowed GOLDEN ACE to improve behind JUICY DRAGON.  He said when JUICY DRAGON did not improve as he had expected this resulted in GOLDEN ACE being badly held up for clear running behind JUICY DRAGON between the 200 Metres and the 150 Metres before he was able to shift to that runner’s outside to secure clear running.  He further stated that from this point on GOLDEN ACE finished the race off well under hard riding.  Trainer C Fownes confirmed the instructions issued and expressed satisfaction with Jockey Brown’s ride.  After considering his explanation the Stewards advised Jockey Brown that, in their opinion, he should have applied more pressure to the horse in the early stages to maintain a more forward position and secondly between the 400 Metres and the 200 Metres to ride his mount with more urgency to endeavour to improve to the inside of JUICY DRAGON earlier in the Home Straight.  Jockey Brown was advised that in future he should ride his mounts in a manner to leave no room for query.  A veterinary inspection immediately following the race did not show any significant findings. Approaching the 250 Metres became unbalanced when crowded between BETTER AND BETTER and LAHORE which shifted out slightly.",13.42,20.72,22.29,,,
Sha Tin,2026/07/01,4,Class 4,1000,"TURF - ""C"" Course",GOOD TO FIRM,60,"2:15.5, 3:46.5, 7:72.5",369.5,"2,3:111.0, 2,7:185.5, 3,7:561.5",43.0,3,BEAUTY THUNDER,J299,2,56.45,C L Chau,W K Mo,125.0,1056.0,7,5 5 2,22.0,,,0,"Fractious in the barriers.  Before being allowed to race again, DRAGON SKY FORCE will be required to perform satisfactorily in a stalls test.  On jumping shifted out and made contact with BEAUTY THUNDER.  Near the 250 Metres was steadied and shifted to the outside of SYNERGY IN ACTION to continue into clear running.",13.38,20.68,22.39,,,
Sha Tin,2026/07/01,4,Class 4,1000,"TURF - ""C"" Course",GOOD TO FIRM,60,"2:15.5, 3:46.5, 7:72.5",369.5,"2,3:111.0, 2,7:185.5, 3,7:561.5",43.0,7,GOLDEN ACE,L461,3,56.63,E Brown,C Fownes,125.0,1049.0,14,13 12 3,25.0,,,0,"On jumping made contact with FLOWING RICHES due to both runners shifting ground.  When questioned regarding his riding of GOLDEN ACE, which was having its first race start, E Brown stated that his instructions were to settle the horse where comfortable and he was given no other instructions in relation to where to position the horse during the event.  He said after being bumped at the start he did not ride his mount along in the early stages to allow it to balance and settle where comfortable in accordance with his instructions.  When questioned if there was an opportunity to encourage his mount to hold a more forward position Jockey Brown stated that as the horse raced greenly he elected to allow it to settle towards the rear of the field where it was travelling comfortably.  He added that throughout the middle stages GOLDEN ACE continued to race greenly and entering the course proper near the 400 Metres became unbalanced.  He said when positioned behind and to the outside of GOOD POWER near the 400 Metres he contemplated shifting to the inside of that runner to follow LAHORE but elected to remain racing behind JUICY DRAGON as he was of the opinion that horse was travelling well enough to provide him with a horse to follow into the event.  When questioned if there was an opportunity to ride the horse with more vigour between the 400 Metres and the 200 Metres Jockey Brown stated that as he was still assessing where he was going to improve he continued to encourage his mount forward but not applying full vigour which allowed GOLDEN ACE to improve behind JUICY DRAGON.  He said when JUICY DRAGON did not improve as he had expected this resulted in GOLDEN ACE being badly held up for clear running behind JUICY DRAGON between the 200 Metres and the 150 Metres before he was able to shift to that runner’s outside to secure clear running.  He further stated that from this point on GOLDEN ACE finished the race off well under hard riding.  Trainer C Fownes confirmed the instructions issued and expressed satisfaction with Jockey Brown’s ride.  After considering his explanation the Stewards advised Jockey Brown that, in their opinion, he should have applied more pressure to the horse in the early stages to maintain a more forward position and secondly between the 400 Metres and the 200 Metres to ride his mount with more urgency to endeavour to improve to the inside of JUICY DRAGON earlier in the Home Straight.  Jockey Brown was advised that in future he should ride his mounts in a manner to leave no room for query.  A veterinary inspection immediately following the race did not show any significant findings. On jumping made contact with GOLDEN ACE due to both runners shifting ground.  A veterinary inspection immediately following the race did not show any significant findings.",13.98,20.88,21.77,,,
Sha Tin,2026/07/01,4,Class 4,1000,"TURF - ""C"" Course",GOOD TO FIRM,60,"2:15.5, 3:46.5, 7:72.5",369.5,"2,3:111.0, 2,7:185.5, 3,7:561.5",43.0,5,DRAGON SKY FORCE,L198,4,56.75,M Chadwick,P F Yiu,125.0,1089.0,6,9 10 4,28.0,,,0,"Fractious in the barriers.  Before being allowed to race again, DRAGON SKY FORCE will be required to perform satisfactorily in a stalls test.  On jumping shifted out and made contact with BEAUTY THUNDER.  Near the 250 Metres was steadied and shifted to the outside of SYNERGY IN ACTION to continue into clear running.",13.62,20.76,22.37,,,
Sha Tin,2026/07/01,4,Class 4,1000,"TURF - ""C"" Course",GOOD TO FIRM,60,"2:15.5, 3:46.5, 7:72.5",369.5,"2,3:111.0, 2,7:185.5, 3,7:561.5",43.0,14,SUPREME VOYAGER,L043,5,56.79,A Atzeni,C H Yip,120.0,1229.0,5,7 6 5,33.0,,,0,,13.46,20.68,22.65,,,
Sha Tin,2026/07/01,4,Class 4,1000,"TURF - ""C"" Course",GOOD TO FIRM,60,"2:15.5, 3:46.5, 7:72.5",369.5,"2,3:111.0, 2,7:185.5, 3,7:561.5",43.0,1,JUICY DRAGON,K405,6,56.85,H Bowman,K L Man,133.0,1084.0,4,11 8 6,17.0,,,0,"On jumping made contact with FLOWING RICHES due to both runners shifting ground.  When questioned regarding his riding of GOLDEN ACE, which was having its first race start, E Brown stated that his instructions were to settle the horse where comfortable and he was given no other instructions in relation to where to position the horse during the event.  He said after being bumped at the start he did not ride his mount along in the early stages to allow it to balance and settle where comfortable in accordance with his instructions.  When questioned if there was an opportunity to encourage his mount to hold a more forward position Jockey Brown stated that as the horse raced greenly he elected to allow it to settle towards the rear of the field where it was travelling comfortably.  He added that throughout the middle stages GOLDEN ACE continued to race greenly and entering the course proper near the 400 Metres became unbalanced.  He said when positioned behind and to the outside of GOOD POWER near the 400 Metres he contemplated shifting to the inside of that runner to follow LAHORE but elected to remain racing behind JUICY DRAGON as he was of the opinion that horse was travelling well enough to provide him with a horse to follow into the event.  When questioned if there was an opportunity to ride the horse with more vigour between the 400 Metres and the 200 Metres Jockey Brown stated that as he was still assessing where he was going to improve he continued to encourage his mount forward but not applying full vigour which allowed GOLDEN ACE to improve behind JUICY DRAGON.  He said when JUICY DRAGON did not improve as he had expected this resulted in GOLDEN ACE being badly held up for clear running behind JUICY DRAGON between the 200 Metres and the 150 Metres before he was able to shift to that runner’s outside to secure clear running.  He further stated that from this point on GOLDEN ACE finished the race off well under hard riding.  Trainer C Fownes confirmed the instructions issued and expressed satisfaction with Jockey Brown’s ride.  After considering his explanation the Stewards advised Jockey Brown that, in their opinion, he should have applied more pressure to the horse in the early stages to maintain a more forward position and secondly between the 400 Metres and the 200 Metres to ride his mount with more urgency to endeavour to improve to the inside of JUICY DRAGON earlier in the Home Straight.  Jockey Brown was advised that in future he should ride his mounts in a manner to leave no room for query.  A veterinary inspection immediately following the race did not show any significant findings.",13.74,20.6,22.51,,,
Sha Tin,2026/07/01,4,Class 4,1000,"TURF - ""C"" Course",GOOD TO FIRM,60,"2:15.5, 3:46.5, 7:72.5",369.5,"2,3:111.0, 2,7:185.5, 3,7:561.5",43.0,11,PARROT BLESSING,L063,7,56.89,H T Mo,W Y So,123.0,1053.0,1,12 11 7,145.0,,,0,,13.9,20.88,22.11,,,
Sha Tin,2026/07/01,4,Class 4,1000,"TURF - ""C"" Course",GOOD TO FIRM,60,"2:15.5, 3:46.5, 7:72.5",369.5,"2,3:111.0, 2,7:185.5, 3,7:561.5",43.0,4,DOUBLE ALPHA,L291,8,56.9,M F Poon,C S Shum,126.0,1063.0,12,1 1 8,3.5,,,0,,13.06,20.64,23.2,,,
Sha Tin,2026/07/01,4,Class 4,1000,"TURF - ""C"" Course",GOOD TO FIRM,60,"2:15.5, 3:46.5, 7:72.5",369.5,"2,3:111.0, 2,7:185.5, 3,7:561.5",43.0,8,GOOD POWER,L228,9,56.94,R Kingscote,C W Chang,125.0,1082.0,3,10 9 9,111.0,,,0,"On jumping made contact with FLOWING RICHES due to both runners shifting ground.  When questioned regarding his riding of GOLDEN ACE, which was having its first race start, E Brown stated that his instructions were to settle the horse where comfortable and he was given no other instructions in relation to where to position the horse during the event.  He said after being bumped at the start he did not ride his mount along in the early stages to allow it to balance and settle where comfortable in accordance with his instructions.  When questioned if there was an opportunity to encourage his mount to hold a more forward position Jockey Brown stated that as the horse raced greenly he elected to allow it to settle towards the rear of the field where it was travelling comfortably.  He added that throughout the middle stages GOLDEN ACE continued to race greenly and entering the course proper near the 400 Metres became unbalanced.  He said when positioned behind and to the outside of GOOD POWER near the 400 Metres he contemplated shifting to the inside of that runner to follow LAHORE but elected to remain racing behind JUICY DRAGON as he was of the opinion that horse was travelling well enough to provide him with a horse to follow into the event.  When questioned if there was an opportunity to ride the horse with more vigour between the 400 Metres and the 200 Metres Jockey Brown stated that as he was still assessing where he was going to improve he continued to encourage his mount forward but not applying full vigour which allowed GOLDEN ACE to improve behind JUICY DRAGON.  He said when JUICY DRAGON did not improve as he had expected this resulted in GOLDEN ACE being badly held up for clear running behind JUICY DRAGON between the 200 Metres and the 150 Metres before he was able to shift to that runner’s outside to secure clear running.  He further stated that from this point on GOLDEN ACE finished the race off well under hard riding.  Trainer C Fownes confirmed the instructions issued and expressed satisfaction with Jockey Brown’s ride.  After considering his explanation the Stewards advised Jockey Brown that, in their opinion, he should have applied more pressure to the horse in the early stages to maintain a more forward position and secondly between the 400 Metres and the 200 Metres to ride his mount with more urgency to endeavour to improve to the inside of JUICY DRAGON earlier in the Home Straight.  Jockey Brown was advised that in future he should ride his mounts in a manner to leave no room for query.  A veterinary inspection immediately following the race did not show any significant findings.",13.66,20.72,22.56,,,
Sha Tin,2026/07/01,4,Class 4,1000,"TURF - ""C"" Course",GOOD TO FIRM,60,"2:15.5, 3:46.5, 7:72.5",369.5,"2,3:111.0, 2,7:185.5, 3,7:561.5",43.0,13,BETTER AND BETTER,K277,10,57.01,A Badel,F C Lor,123.0,1149.0,11,4 4 10,3.7,,,0,Approaching the 250 Metres became unbalanced when crowded between BETTER AND BETTER and LAHORE which shifted out slightly.,13.26,20.76,22.99,,,
Sha Tin,2026/07/01,4,Class 4,1000,"TURF - ""C"" Course",GOOD TO FIRM,60,"2:15.5, 3:46.5, 7:72.5",369.5,"2,3:111.0, 2,7:185.5, 3,7:561.5",43.0,6,FLOWING RICHES,K293,11,57.13,M L Yeung,K H Ting,125.0,1107.0,13,3 2 11,6.5,,,0,"On jumping made contact with FLOWING RICHES due to both runners shifting ground.  When questioned regarding his riding of GOLDEN ACE, which was having its first race start, E Brown stated that his instructions were to settle the horse where comfortable and he was given no other instructions in relation to where to position the horse during the event.  He said after being bumped at the start he did not ride his mount along in the early stages to allow it to balance and settle where comfortable in accordance with his instructions.  When questioned if there was an opportunity to encourage his mount to hold a more forward position Jockey Brown stated that as the horse raced greenly he elected to allow it to settle towards the rear of the field where it was travelling comfortably.  He added that throughout the middle stages GOLDEN ACE continued to race greenly and entering the course proper near the 400 Metres became unbalanced.  He said when positioned behind and to the outside of GOOD POWER near the 400 Metres he contemplated shifting to the inside of that runner to follow LAHORE but elected to remain racing behind JUICY DRAGON as he was of the opinion that horse was travelling well enough to provide him with a horse to follow into the event.  When questioned if there was an opportunity to ride the horse with more vigour between the 400 Metres and the 200 Metres Jockey Brown stated that as he was still assessing where he was going to improve he continued to encourage his mount forward but not applying full vigour which allowed GOLDEN ACE to improve behind JUICY DRAGON.  He said when JUICY DRAGON did not improve as he had expected this resulted in GOLDEN ACE being badly held up for clear running behind JUICY DRAGON between the 200 Metres and the 150 Metres before he was able to shift to that runner’s outside to secure clear running.  He further stated that from this point on GOLDEN ACE finished the race off well under hard riding.  Trainer C Fownes confirmed the instructions issued and expressed satisfaction with Jockey Brown’s ride.  After considering his explanation the Stewards advised Jockey Brown that, in their opinion, he should have applied more pressure to the horse in the early stages to maintain a more forward position and secondly between the 400 Metres and the 200 Metres to ride his mount with more urgency to endeavour to improve to the inside of JUICY DRAGON earlier in the Home Straight.  Jockey Brown was advised that in future he should ride his mounts in a manner to leave no room for query.  A veterinary inspection immediately following the race did not show any significant findings.",13.18,20.68,23.27,,,
Sha Tin,2026/07/01,4,Class 4,1000,"TURF - ""C"" Course",GOOD TO FIRM,60,"2:15.5, 3:46.5, 7:72.5",369.5,"2,3:111.0, 2,7:185.5, 3,7:561.5",43.0,12,SYNERGY IN ACTION,L330,12,57.36,Y L Chung,P C Ng,123.0,1089.0,8,2 3 12,24.0,,,0,"Fractious in the barriers.  Before being allowed to race again, DRAGON SKY FORCE will be required to perform satisfactorily in a stalls test.  On jumping shifted out and made contact with BEAUTY THUNDER.  Near the 250 Metres was steadied and shifted to the outside of SYNERGY IN ACTION to continue into clear running.",13.1,20.76,23.5,,,
Sha Tin,2026/07/01,4,Class 4,1000,"TURF - ""C"" Course",GOOD TO FIRM,60,"2:15.5, 3:46.5, 7:72.5",369.5,"2,3:111.0, 2,7:185.5, 3,7:561.5",43.0,10,KING ZOOM,L279,13,57.57,L Ferraris,K W Lui,125.0,1319.0,9,8 13 13,62.0,,,0,,13.54,21.44,22.59,,,
Sha Tin,2026/07/01,4,Class 4,1000,"TURF - ""C"" Course",GOOD TO FIRM,60,"2:15.5, 3:46.5, 7:72.5",369.5,"2,3:111.0, 2,7:185.5, 3,7:561.5",43.0,9,HANDSOME HERO,L346,WV-A,,K Teetan,B Crawford,125.0,,,---,,,,0,"Fractious in the barriers, reared, struck its head and then got down in the starting gate.  Was removed from the barriers and examined by the Veterinary Officer who said the horse was not suitable to race.  Acting on this advice the horse was withdrawn by order of the Stewards.  Before being allowed to race again, HANDSOME HERO will be required to perform satisfactorily in a barrier trial and be subjected to an official veterinary examination.",,,,,,
Sha Tin,2026/07/01,5,Class 2,1400,"TURF - ""C"" Course",GOOD TO FIRM,105,"9:13.5, 7:33.0, 8:42.0",211.0,"7,9:70.5, 8,9:81.0, 7,8:264.0",31.0,9,KA YING ATTACK,J391,1,80.78,M F Poon,D J Hall,115.0,1106.0,10,1 1 1 1,3.1,,,0,,13.08,21.4,23.13,23.17,,
Sha Tin,2026/07/01,5,Class 2,1400,"TURF - ""C"" Course",GOOD TO FIRM,105,"9:13.5, 7:33.0, 8:42.0",211.0,"7,9:70.5, 8,9:81.0, 7,8:264.0",31.0,7,BEAUTY BOLT,K491,2,81.03,Y L Chung,A S Cruz,115.0,1133.0,9,2 2 2 2,12.0,,,0,On jumping was bumped on the hindquarters by REGAL GEM.  Between the 300 Metres and the 150 Metres had difficulty obtaining clear running when being shifted to the outside of BEAUTY BOLT as BEAUTY BOLT was shifting out.  In this incident PUBLIC ATTENTION made contact with STORM RIDER near the 200 Metres.,13.16,21.64,22.97,23.26,,
Sha Tin,2026/07/01,5,Class 2,1400,"TURF - ""C"" Course",GOOD TO FIRM,105,"9:13.5, 7:33.0, 8:42.0",211.0,"7,9:70.5, 8,9:81.0, 7,8:264.0",31.0,8,REGAL GEM,K258,3,81.05,A Badel,F C Lor,116.0,1113.0,4,9 7 7 3,18.0,,,0,On jumping was bumped on the hindquarters by REGAL GEM.  Between the 300 Metres and the 150 Metres had difficulty obtaining clear running when being shifted to the outside of BEAUTY BOLT as BEAUTY BOLT was shifting out.  In this incident PUBLIC ATTENTION made contact with STORM RIDER near the 200 Metres. Shifted out at the start and made contact with REGAL GEM when being corrected by its rider.  Leaving the 1200 Metres was steadied to avoid PUBLIC ATTENTION (K Teetan) which shifted in when not clear.  K Teetan was reprimanded.,13.8,21.64,22.97,22.64,,
Sha Tin,2026/07/01,5,Class 2,1400,"TURF - ""C"" Course",GOOD TO FIRM,105,"9:13.5, 7:33.0, 8:42.0",211.0,"7,9:70.5, 8,9:81.0, 7,8:264.0",31.0,10,PUBLIC ATTENTION,L035,4,81.28,K Teetan,B Crawford,115.0,1165.0,5,4 3 3 4,4.0,,,0,On jumping was hampered when crowded between PUBLIC ATTENTION and EMBLAZON which shifted out despite the efforts of its rider.  Passing the 500 Metres was steadied to avoid INVINCIBLE SHIELD and became unbalanced. On jumping was bumped on the hindquarters by REGAL GEM.  Between the 300 Metres and the 150 Metres had difficulty obtaining clear running when being shifted to the outside of BEAUTY BOLT as BEAUTY BOLT was shifting out.  In this incident PUBLIC ATTENTION made contact with STORM RIDER near the 200 Metres. Between the 400 Metres and the 350 Metres was held up for clear running behind PUBLIC ATTENTION. Shifted out at the start and made contact with REGAL GEM when being corrected by its rider.  Leaving the 1200 Metres was steadied to avoid PUBLIC ATTENTION (K Teetan) which shifted in when not clear.  K Teetan was reprimanded.,13.32,21.6,23.05,23.31,,
Sha Tin,2026/07/01,5,Class 2,1400,"TURF - ""C"" Course",GOOD TO FIRM,105,"9:13.5, 7:33.0, 8:42.0",211.0,"7,9:70.5, 8,9:81.0, 7,8:264.0",31.0,2,INVINCIBLE SHIELD,K168,5,81.43,C Y Ho,K W Lui,133.0,1175.0,1,6 5 5 5,10.0,,,0,On jumping was hampered when crowded between PUBLIC ATTENTION and EMBLAZON which shifted out despite the efforts of its rider.  Passing the 500 Metres was steadied to avoid INVINCIBLE SHIELD and became unbalanced.,13.56,21.6,23.05,23.22,,
Sha Tin,2026/07/01,5,Class 2,1400,"TURF - ""C"" Course",GOOD TO FIRM,105,"9:13.5, 7:33.0, 8:42.0",211.0,"7,9:70.5, 8,9:81.0, 7,8:264.0",31.0,3,STORM RIDER,J027,6,81.51,Z Purton,D A Hayes,130.0,1157.0,8,3 4 4 6,17.0,,,0,On jumping was bumped on the hindquarters by REGAL GEM.  Between the 300 Metres and the 150 Metres had difficulty obtaining clear running when being shifted to the outside of BEAUTY BOLT as BEAUTY BOLT was shifting out.  In this incident PUBLIC ATTENTION made contact with STORM RIDER near the 200 Metres.,13.28,21.76,23.01,23.46,,
Sha Tin,2026/07/01,5,Class 2,1400,"TURF - ""C"" Course",GOOD TO FIRM,105,"9:13.5, 7:33.0, 8:42.0",211.0,"7,9:70.5, 8,9:81.0, 7,8:264.0",31.0,5,EMBLAZON,K122,7,81.53,C L Chau,W K Mo,119.0,1159.0,3,5 6 6 7,21.0,,,0,On jumping was hampered when crowded between PUBLIC ATTENTION and EMBLAZON which shifted out despite the efforts of its rider.  Passing the 500 Metres was steadied to avoid INVINCIBLE SHIELD and became unbalanced.,13.48,21.76,23.01,23.28,,
Sha Tin,2026/07/01,5,Class 2,1400,"TURF - ""C"" Course",GOOD TO FIRM,105,"9:13.5, 7:33.0, 8:42.0",211.0,"7,9:70.5, 8,9:81.0, 7,8:264.0",31.0,4,GORGEOUS WIN,J008,8,81.9,H Y Yuen,C S Shum,111.0,1179.0,7,8 9 9 8,54.0,,,0,,13.8,21.92,22.97,23.21,,
Sha Tin,2026/07/01,5,Class 2,1400,"TURF - ""C"" Course",GOOD TO FIRM,105,"9:13.5, 7:33.0, 8:42.0",211.0,"7,9:70.5, 8,9:81.0, 7,8:264.0",31.0,6,TOP DRAGON,J481,9,81.92,A Atzeni,W Y So,119.0,1124.0,2,7 8 8 9,4.1,,,0,"A Atzeni stated that his mount did not run on when placed under pressure in the Home Straight and, in his opinion, TOP DRAGON, which was racing first up from a spell, would derive a fitness benefit from today’s performance.  A veterinary inspection immediately following the race did not show any significant findings.",13.56,21.88,22.97,23.51,,
Sha Tin,2026/07/01,5,Class 2,1400,"TURF - ""C"" Course",GOOD TO FIRM,105,"9:13.5, 7:33.0, 8:42.0",211.0,"7,9:70.5, 8,9:81.0, 7,8:264.0",31.0,1,PACKING HERMOD,J277,10,86.71000000000001,E Brown,K W Lui,135.0,1133.0,6,10 10 10 10,22.0,,,0,"E Brown stated after jumping only fairly and being checked at the start he had concern with his mount’s action and for this reason he did not test the horse during the running of the event.  A veterinary inspection immediately following the race did not show any significant findings.  The performance of PACKING HERMOD, which finished tailed out, was considered unacceptable.  Before being allowed to race again, PACKING HERMOD will be required to perform to the satisfaction of the Stewards in a barrier trial and be subjected to an official veterinary examination.",14.36,22.84,23.45,26.06,,
Sha Tin,2026/07/01,6,Class 4,1200,"TURF - ""C"" Course",GOOD TO FIRM,60,"10:34.0, 6:14.0, 7:20.5",178.5,"6,10:64.0, 7,10:106.0, 6,7:44.0",113.0,10,SILVER SPURS,J043,1,69.57,E C W Wong,C Fownes,118.0,1099.0,10,1 1 1,11.0,,,0,"When questioned regarding the improved performance as compared to its previous start Trainer C Fownes stated that at its previous start on 10 June 2026 the horse was disadvantaged by not being able to obtain a position on the rail and having to be ridden forward from a wide barrier.  He said following that performance he sent the horse to his Conghua stable where it had barrier trialed well on 22 June 2026 prior to today’s race.  He added, in his opinion, SILVER SPURS was also advantaged by being able to obtain a position on the rail where the horse generally races best.  Sent for sampling post-race. Jumped only fairly.  Raced keenly in the early stages and near the 1000 Metres was steadied to avoid SILVER SPURS.  Sent for sampling post-race.",24.16,22.62,22.79,,,
Sha Tin,2026/07/01,6,Class 4,1200,"TURF - ""C"" Course",GOOD TO FIRM,60,"10:34.0, 6:14.0, 7:20.5",178.5,"6,10:64.0, 7,10:106.0, 6,7:44.0",113.0,6,STORM MIRROR,L179,2,69.71000000000001,Z Purton,P C Ng,128.0,1178.0,8,2 2 2,3.2,,,0,,24.24,22.62,22.85,,,
Sha Tin,2026/07/01,6,Class 4,1200,"TURF - ""C"" Course",GOOD TO FIRM,60,"10:34.0, 6:14.0, 7:20.5",178.5,"6,10:64.0, 7,10:106.0, 6,7:44.0",113.0,7,STUNNING BUNDLE,L420,3,69.91,H Bowman,J Size,128.0,1085.0,1,3 4 3,4.9,,,0,Between the 200 Metres and the 100 Metres was held up for clear running when disappointed to the inside of STUNNING BUNDLE.,24.44,22.54,22.93,,,
Sha Tin,2026/07/01,6,Class 4,1200,"TURF - ""C"" Course",GOOD TO FIRM,60,"10:34.0, 6:14.0, 7:20.5",178.5,"6,10:64.0, 7,10:106.0, 6,7:44.0",113.0,8,GREEN FIELD PEARL,K460,4,69.93,E Brown,K W Lui,126.0,1159.0,9,5 5 4,141.0,,,0,,24.56,22.5,22.87,,,
Sha Tin,2026/07/01,6,Class 4,1200,"TURF - ""C"" Course",GOOD TO FIRM,60,"10:34.0, 6:14.0, 7:20.5",178.5,"6,10:64.0, 7,10:106.0, 6,7:44.0",113.0,11,SWAGGER BRO,K089,5,69.96000000000001,A Badel,J Richards,117.0,1158.0,7,4 3 5,13.0,,,0,Near the 1100 Metres was steadied to avoid SWAGGER BRO (A Badel) which shifted in when not clear.  A Badel was severely reprimanded.  A veterinary inspection immediately following the race did not show any significant findings.,24.48,22.46,23.02,,,
Sha Tin,2026/07/01,6,Class 4,1200,"TURF - ""C"" Course",GOOD TO FIRM,60,"10:34.0, 6:14.0, 7:20.5",178.5,"6,10:64.0, 7,10:106.0, 6,7:44.0",113.0,12,INCANTO STAR,K343,6,70.03,A Atzeni,D J Hall,116.0,1025.0,5,9 8 6,7.7,,,0,Jumped only fairly and then was crowded between HIGH RISE VICTORY and INCANTO STAR which shifted in.  Leaving the 500 Metres was steadied when positioned close to STEADFAST FORT.  As a result POSITIVE SMILE shifted out and made contact with BULLISH NOVA.,25.12,22.22,22.69,,,
Sha Tin,2026/07/01,6,Class 4,1200,"TURF - ""C"" Course",GOOD TO FIRM,60,"10:34.0, 6:14.0, 7:20.5",178.5,"6,10:64.0, 7,10:106.0, 6,7:44.0",113.0,1,POSITIVE SMILE,J467,7,70.14,M L Yeung,D A Hayes,135.0,1007.0,4,11 9 7,12.0,,,0,"Jumped only fairly and then was crowded between HIGH RISE VICTORY and INCANTO STAR which shifted in.  Leaving the 500 Metres was steadied when positioned close to STEADFAST FORT.  As a result POSITIVE SMILE shifted out and made contact with BULLISH NOVA. Bumped leaving the 500 Metres.  Over the concluding stages was steadied to avoid POSITIVE SMILE when both runners shifted ground.  Y L Chung stated that his mount did not travel well during the event and, in his opinion, would be suited by being stepped up in distance for its next race start.  A veterinary inspection immediately following the race did not show any significant findings.",25.44,21.94,22.76,,,
Sha Tin,2026/07/01,6,Class 4,1200,"TURF - ""C"" Course",GOOD TO FIRM,60,"10:34.0, 6:14.0, 7:20.5",178.5,"6,10:64.0, 7,10:106.0, 6,7:44.0",113.0,3,INCREDIBLE MOMENT,K275,8,70.26,R Kingscote,M Newnham,129.0,1069.0,2,6 7 8,5.1,,,0,Jumped only fairly.  Near the 850 Metres got its head up when being steadied whilst positioned tight to the inside of INCREDIBLE MOMENT.  Held up for a short distance leaving the 350 Metres.  A veterinary inspection immediately following the race did not show any significant findings.,24.72,22.5,23.04,,,
Sha Tin,2026/07/01,6,Class 4,1200,"TURF - ""C"" Course",GOOD TO FIRM,60,"10:34.0, 6:14.0, 7:20.5",178.5,"6,10:64.0, 7,10:106.0, 6,7:44.0",113.0,9,HIGH RISE VICTORY,L128,9,70.32,C Y Ho,C H Yip,126.0,1263.0,3,7 6 9,119.0,,,0,Jumped only fairly and then was crowded between HIGH RISE VICTORY and INCANTO STAR which shifted in.  Leaving the 500 Metres was steadied when positioned close to STEADFAST FORT.  As a result POSITIVE SMILE shifted out and made contact with BULLISH NOVA.,24.88,22.22,23.22,,,
Sha Tin,2026/07/01,6,Class 4,1200,"TURF - ""C"" Course",GOOD TO FIRM,60,"10:34.0, 6:14.0, 7:20.5",178.5,"6,10:64.0, 7,10:106.0, 6,7:44.0",113.0,4,BULLISH NOVA,L200,10,70.33,Y L Chung,A S Cruz,126.0,1010.0,11,10 11 10,11.0,,,0,Jumped only fairly and then was crowded between HIGH RISE VICTORY and INCANTO STAR which shifted in.  Leaving the 500 Metres was steadied when positioned close to STEADFAST FORT.  As a result POSITIVE SMILE shifted out and made contact with BULLISH NOVA.,25.28,22.3,22.75,,,
Sha Tin,2026/07/01,6,Class 4,1200,"TURF - ""C"" Course",GOOD TO FIRM,60,"10:34.0, 6:14.0, 7:20.5",178.5,"6,10:64.0, 7,10:106.0, 6,7:44.0",113.0,5,STEADFAST FORT,L286,11,70.49,J Orman,W Y So,128.0,1108.0,6,8 10 11,50.0,,,0,Jumped only fairly and then was crowded between HIGH RISE VICTORY and INCANTO STAR which shifted in.  Leaving the 500 Metres was steadied when positioned close to STEADFAST FORT.  As a result POSITIVE SMILE shifted out and made contact with BULLISH NOVA.,25.0,22.42,23.07,,,
Sha Tin,2026/07/01,6,Class 4,1200,"TURF - ""C"" Course",GOOD TO FIRM,60,"10:34.0, 6:14.0, 7:20.5",178.5,"6,10:64.0, 7,10:106.0, 6,7:44.0",113.0,2,GLORY B,H373,12,71.19,L Hewitson,D J Whyte,132.0,1084.0,12,12 12 12,99.0,,,0,"L Hewitson stated that from the outside barrier he was instructed to ride the horse in a conservative manner in the early stages.  Trainer D J Whyte confirmed the instructions issued and stated that the horse settled further back than what he had expected to ensure that it was able to obtain cover.  Noted to be lame in its right front leg after the race.  Before being allowed to race again, GLORY B will be subjected to an official veterinary examination.",25.52,22.22,23.45,,,
Sha Tin,2026/07/01,7,Class 3,1000,"TURF - ""C"" Course",GOOD TO FIRM,80,"6:30.0, 12:16.0, 2:29.5",211.0,"6,12:56.0, 2,6:139.0, 2,12:52.0",113.5,6,STRAIGHT TO GLORY,K340,1,56.19,K C Leung,C W Chang,125.0,1160.0,11,11 9 1,11.0,,,0,Shortly after the start was crowded between STRAIGHT TO GLORY and WATCH LEGEND which shifted out. Over the final 50 Metres had some difficulty obtaining clear running when positioned between STRAIGHT TO GLORY and METRO POWER.,13.71,20.48,22.0,,,
Sha Tin,2026/07/01,7,Class 3,1000,"TURF - ""C"" Course",GOOD TO FIRM,80,"6:30.0, 12:16.0, 2:29.5",211.0,"6,12:56.0, 2,6:139.0, 2,12:52.0",113.5,12,LUCKY CANDY,L041,2,56.24,A Badel,W K Mo,118.0,1195.0,7,5 3 2,4.0,,,0,,13.31,20.44,22.49,,,
Sha Tin,2026/07/01,7,Class 3,1000,"TURF - ""C"" Course",GOOD TO FIRM,80,"6:30.0, 12:16.0, 2:29.5",211.0,"6,12:56.0, 2,6:139.0, 2,12:52.0",113.5,2,FAST RESPONDER,J295,3,56.3,H Y Yuen,D J Whyte,122.0,1063.0,5,12 12 3,8.4,,,0,"Shortly after the start became unbalanced when crowded between WE ARE HERO and MASTER OF ALL, both of which shifted ground.  When questioned regarding her riding near the 200 Metres and the reason she elected to shift to the inside of DANCING CLASSICS to obtain clear running rather than improving between DRAGON FOUR SEAS and DANCING CLASSICS, Apprentice H Y Yuen stated that as she commenced to improve into the event she was concerned that DANCING CLASSICS would shift out which would result in the run closing.  She said for this reason she elected to ease FAST RESPONDER and shift to the inside of DANCING CLASSICS to ensure her mount was given an uninterrupted run to the finish of the event.  Apprentice Yuen was advised that in similar circumstances she should ensure she avails herself of runs as soon as they present themselves.",13.71,20.64,21.95,,,
Sha Tin,2026/07/01,7,Class 3,1000,"TURF - ""C"" Course",GOOD TO FIRM,80,"6:30.0, 12:16.0, 2:29.5",211.0,"6,12:56.0, 2,6:139.0, 2,12:52.0",113.5,5,METRO POWER,K408,4,56.31,K Teetan,D A Hayes,125.0,1111.0,12,1 2 4,3.4,,,0,Shortly after the start was checked when crowded between DRAGON FOUR SEAS which was taken out by WATCH LEGEND and METRO POWER which shifted in.  Sent for sampling post-race. Over the final 50 Metres had some difficulty obtaining clear running when positioned between STRAIGHT TO GLORY and METRO POWER.,13.15,20.52,22.64,,,
Sha Tin,2026/07/01,7,Class 3,1000,"TURF - ""C"" Course",GOOD TO FIRM,80,"6:30.0, 12:16.0, 2:29.5",211.0,"6,12:56.0, 2,6:139.0, 2,12:52.0",113.5,9,DRAGON FOUR SEAS,J317,5,56.36,E C W Wong,J Richards,117.0,1213.0,10,7 8 5,156.0,,,0,"Shortly after the start was checked when crowded between DRAGON FOUR SEAS which was taken out by WATCH LEGEND and METRO POWER which shifted in.  Sent for sampling post-race. Shortly after the start became unbalanced when crowded between WE ARE HERO and MASTER OF ALL, both of which shifted ground.  When questioned regarding her riding near the 200 Metres and the reason she elected to shift to the inside of DANCING CLASSICS to obtain clear running rather than improving between DRAGON FOUR SEAS and DANCING CLASSICS, Apprentice H Y Yuen stated that as she commenced to improve into the event she was concerned that DANCING CLASSICS would shift out which would result in the run closing.  She said for this reason she elected to ease FAST RESPONDER and shift to the inside of DANCING CLASSICS to ensure her mount was given an uninterrupted run to the finish of the event.  Apprentice Yuen was advised that in similar circumstances she should ensure she avails herself of runs as soon as they present themselves.",13.47,20.56,22.33,,,
Sha Tin,2026/07/01,7,Class 3,1000,"TURF - ""C"" Course",GOOD TO FIRM,80,"6:30.0, 12:16.0, 2:29.5",211.0,"6,12:56.0, 2,6:139.0, 2,12:52.0",113.5,14,PARENTS' LOVE,H405,6,56.38,P N Wong,A S Cruz,111.0,1057.0,8,2 1 6,21.0,,,0,,13.23,20.36,22.79,,,
Sha Tin,2026/07/01,7,Class 3,1000,"TURF - ""C"" Course",GOOD TO FIRM,80,"6:30.0, 12:16.0, 2:29.5",211.0,"6,12:56.0, 2,6:139.0, 2,12:52.0",113.5,1,WE ARE HERO,G207,7,56.41,C L Chau,K L Man,133.0,1218.0,6,9 11 7,28.0,,,0,"Shortly after the start became unbalanced when crowded between WE ARE HERO and MASTER OF ALL, both of which shifted ground.  When questioned regarding her riding near the 200 Metres and the reason she elected to shift to the inside of DANCING CLASSICS to obtain clear running rather than improving between DRAGON FOUR SEAS and DANCING CLASSICS, Apprentice H Y Yuen stated that as she commenced to improve into the event she was concerned that DANCING CLASSICS would shift out which would result in the run closing.  She said for this reason she elected to ease FAST RESPONDER and shift to the inside of DANCING CLASSICS to ensure her mount was given an uninterrupted run to the finish of the event.  Apprentice Yuen was advised that in similar circumstances she should ensure she avails herself of runs as soon as they present themselves. Between the 400 Metres and the 300 Metres was unable to improve when racing between WE ARE HERO and MASTER OF ALL.",13.51,20.8,22.1,,,
Sha Tin,2026/07/01,7,Class 3,1000,"TURF - ""C"" Course",GOOD TO FIRM,80,"6:30.0, 12:16.0, 2:29.5",211.0,"6,12:56.0, 2,6:139.0, 2,12:52.0",113.5,7,TOGETHER WE VALUE,L170,8,56.47,B Avdulla,C H Yip,123.0,1132.0,14,4 6 8,7.3,,,0,,13.31,20.68,22.48,,,
Sha Tin,2026/07/01,7,Class 3,1000,"TURF - ""C"" Course",GOOD TO FIRM,80,"6:30.0, 12:16.0, 2:29.5",211.0,"6,12:56.0, 2,6:139.0, 2,12:52.0",113.5,13,MASTER OF ALL,H177,9,56.48,M L Yeung,W Y So,118.0,1067.0,4,10 10 9,158.0,,,0,"Shortly after the start became unbalanced when crowded between WE ARE HERO and MASTER OF ALL, both of which shifted ground.  When questioned regarding her riding near the 200 Metres and the reason she elected to shift to the inside of DANCING CLASSICS to obtain clear running rather than improving between DRAGON FOUR SEAS and DANCING CLASSICS, Apprentice H Y Yuen stated that as she commenced to improve into the event she was concerned that DANCING CLASSICS would shift out which would result in the run closing.  She said for this reason she elected to ease FAST RESPONDER and shift to the inside of DANCING CLASSICS to ensure her mount was given an uninterrupted run to the finish of the event.  Apprentice Yuen was advised that in similar circumstances she should ensure she avails herself of runs as soon as they present themselves. Between the 400 Metres and the 300 Metres was unable to improve when racing between WE ARE HERO and MASTER OF ALL.",13.55,20.72,22.21,,,
Sha Tin,2026/07/01,7,Class 3,1000,"TURF - ""C"" Course",GOOD TO FIRM,80,"6:30.0, 12:16.0, 2:29.5",211.0,"6,12:56.0, 2,6:139.0, 2,12:52.0",113.5,3,MICKLEY,K082,10,56.53,H Bowman,J Size,127.0,1210.0,3,14 14 10,10.0,,,0,,13.91,20.72,21.9,,,
Sha Tin,2026/07/01,7,Class 3,1000,"TURF - ""C"" Course",GOOD TO FIRM,80,"6:30.0, 12:16.0, 2:29.5",211.0,"6,12:56.0, 2,6:139.0, 2,12:52.0",113.5,4,CALA DEI MORI,L428,11,56.58,L Hewitson,C S Shum,125.0,1054.0,1,13 13 11,46.0,,,0,,13.79,20.64,22.15,,,
Sha Tin,2026/07/01,7,Class 3,1000,"TURF - ""C"" Course",GOOD TO FIRM,80,"6:30.0, 12:16.0, 2:29.5",211.0,"6,12:56.0, 2,6:139.0, 2,12:52.0",113.5,10,DANCING CLASSICS,J060,12,56.64,C Y Ho,C Fownes,119.0,1092.0,2,8 5 12,10.0,,,0,"Shortly after the start became unbalanced when crowded between WE ARE HERO and MASTER OF ALL, both of which shifted ground.  When questioned regarding her riding near the 200 Metres and the reason she elected to shift to the inside of DANCING CLASSICS to obtain clear running rather than improving between DRAGON FOUR SEAS and DANCING CLASSICS, Apprentice H Y Yuen stated that as she commenced to improve into the event she was concerned that DANCING CLASSICS would shift out which would result in the run closing.  She said for this reason she elected to ease FAST RESPONDER and shift to the inside of DANCING CLASSICS to ensure her mount was given an uninterrupted run to the finish of the event.  Apprentice Yuen was advised that in similar circumstances she should ensure she avails herself of runs as soon as they present themselves.",13.47,20.44,22.73,,,
Sha Tin,2026/07/01,7,Class 3,1000,"TURF - ""C"" Course",GOOD TO FIRM,80,"6:30.0, 12:16.0, 2:29.5",211.0,"6,12:56.0, 2,6:139.0, 2,12:52.0",113.5,8,RED ELEGANCE,H241,13,56.71,M Chadwick,D J Whyte,122.0,1140.0,13,3 7 13,58.0,,,0,,13.27,20.72,22.72,,,
Sha Tin,2026/07/01,7,Class 3,1000,"TURF - ""C"" Course",GOOD TO FIRM,80,"6:30.0, 12:16.0, 2:29.5",211.0,"6,12:56.0, 2,6:139.0, 2,12:52.0",113.5,11,WATCH LEGEND,L313,14,56.72,H T Mo,Y S Tsui,117.0,1189.0,9,6 4 14,153.0,,,0,Shortly after the start was checked when crowded between DRAGON FOUR SEAS which was taken out by WATCH LEGEND and METRO POWER which shifted in.  Sent for sampling post-race. Shortly after the start was crowded between STRAIGHT TO GLORY and WATCH LEGEND which shifted out.,13.35,20.52,22.85,,,
Sha Tin,2026/07/01,8,Class 4,1400,"TURF - ""C"" Course",GOOD TO FIRM,60,"3:15.0, 4:26.5, 7:55.5",143.5,"3,4:58.5, 3,7:154.0, 4,7:372.5",30.5,3,NYX GLUCK,K438,1,81.34,Z Purton,C S Shum,134.0,1149.0,12,12 14 11 1,3.0,,,0,Trainer C S Shum stated that the intention was to hold a more forward position but NYX GLUCK raced further back in the field than intended due to the early and middle stages being run inside of standard time.  Sent for sampling post-race.,14.01,22.05,22.43,22.85,,
Sha Tin,2026/07/01,8,Class 4,1400,"TURF - ""C"" Course",GOOD TO FIRM,60,"3:15.0, 4:26.5, 7:55.5",143.5,"3,4:58.5, 3,7:154.0, 4,7:372.5",30.5,4,BEAUTY AWARD,L326,2,81.52,A Atzeni,J Size,129.0,1136.0,4,6 6 6 2,9.0,,,0,"Jumped awkwardly, shifted out and made contact with BEAUTY AWARD.  A short distance later BIG BIG WORLD was checked to avoid HONORARY which shifted out abruptly.",13.81,21.53,22.63,23.55,,
Sha Tin,2026/07/01,8,Class 4,1400,"TURF - ""C"" Course",GOOD TO FIRM,60,"3:15.0, 4:26.5, 7:55.5",143.5,"3,4:58.5, 3,7:154.0, 4,7:372.5",30.5,7,STRATHPEFFER,H095,3,81.74,L Hewitson,D J Whyte,129.0,998.0,9,8 8 7 3,25.0,,,0,Jumped awkwardly.  Leaving the 1100 Metres became unbalanced when being steadied to avoid STRATHPEFFER.  Hung in when placed under pressure in the Home Straight.  M F Poon reported that his mount raced greenly throughout the event.,13.85,21.69,22.67,23.53,,
Sha Tin,2026/07/01,8,Class 4,1400,"TURF - ""C"" Course",GOOD TO FIRM,60,"3:15.0, 4:26.5, 7:55.5",143.5,"3,4:58.5, 3,7:154.0, 4,7:372.5",30.5,12,CHEERFUL WONGCHOY,L045,4,81.85,Y L Chung,P C Ng,119.0,1057.0,11,14 13 13 4,69.0,,,0,,14.33,21.65,22.59,23.28,,
Sha Tin,2026/07/01,8,Class 4,1400,"TURF - ""C"" Course",GOOD TO FIRM,60,"3:15.0, 4:26.5, 7:55.5",143.5,"3,4:58.5, 3,7:154.0, 4,7:372.5",30.5,10,HONORARY,K481,5,82.27,A Badel,W K Mo,124.0,1231.0,2,2 2 1 5,3.7,,,0,"A Badel reported that after the race his mount was making a respiratory noise.  A veterinary inspection immediately following the race which included an endoscopic examination showed a substantial amount of blood in the horse’s trachea.  Before being allowed to race again, HONORARY will be subjected to an official veterinary examination. C L Chau stated that with blinkers being applied for the first time he was asked to lead the event.  He said his mount was unsuited by being pressured in the lead by HONORARY throughout the early and middle stages and as a result was unable to finish the race off in the Home Straight.   A veterinary inspection immediately following the race did not show any significant findings. Jumped awkwardly, shifted out and made contact with BEAUTY AWARD.  A short distance later BIG BIG WORLD was checked to avoid HONORARY which shifted out abruptly.",13.45,21.29,22.71,24.82,,
Sha Tin,2026/07/01,8,Class 4,1400,"TURF - ""C"" Course",GOOD TO FIRM,60,"3:15.0, 4:26.5, 7:55.5",143.5,"3,4:58.5, 3,7:154.0, 4,7:372.5",30.5,2,CALL ME SPARKLE,K571,6,82.3,E Brown,K W Lui,134.0,1115.0,14,5 3 4 6,9.0,,,0,,13.61,21.29,22.83,24.57,,
Sha Tin,2026/07/01,8,Class 4,1400,"TURF - ""C"" Course",GOOD TO FIRM,60,"3:15.0, 4:26.5, 7:55.5",143.5,"3,4:58.5, 3,7:154.0, 4,7:372.5",30.5,13,POWER PATCH,L100,7,82.33,C Y Ho,K L Man,121.0,1270.0,7,4 4 3 7,37.0,,,0,,13.61,21.33,22.75,24.64,,
Sha Tin,2026/07/01,8,Class 4,1400,"TURF - ""C"" Course",GOOD TO FIRM,60,"3:15.0, 4:26.5, 7:55.5",143.5,"3,4:58.5, 3,7:154.0, 4,7:372.5",30.5,6,PRESTIGE COME,L261,8,82.36,M F Poon,P F Yiu,129.0,1164.0,10,9 11 10 8,144.0,,,0,,13.93,21.89,22.59,23.95,,
Sha Tin,2026/07/01,8,Class 4,1400,"TURF - ""C"" Course",GOOD TO FIRM,60,"3:15.0, 4:26.5, 7:55.5",143.5,"3,4:58.5, 3,7:154.0, 4,7:372.5",30.5,8,FRANCIS MEYNELL,J394,9,82.61,C L Chau,D Eustace,126.0,1100.0,1,1 1 2 9,7.3,,,0,,13.41,21.21,22.87,25.12,,
Sha Tin,2026/07/01,8,Class 4,1400,"TURF - ""C"" Course",GOOD TO FIRM,60,"3:15.0, 4:26.5, 7:55.5",143.5,"3,4:58.5, 3,7:154.0, 4,7:372.5",30.5,11,TACTICAL COMMAND,H197,10,82.74,R Kingscote,M Newnham,123.0,1119.0,6,11 10 12 10,70.0,,,0,,13.97,21.81,22.75,24.21,,
Sha Tin,2026/07/01,8,Class 4,1400,"TURF - ""C"" Course",GOOD TO FIRM,60,"3:15.0, 4:26.5, 7:55.5",143.5,"3,4:58.5, 3,7:154.0, 4,7:372.5",30.5,1,CIRCUIT FIERY,H475,11,82.84,H Bowman,W Y So,135.0,1090.0,13,3 5 5 11,11.0,,,0,Near the 100 Metres was steadied to avoid CIRCUIT FIERY which was giving ground.,13.57,21.41,22.75,25.11,,
Sha Tin,2026/07/01,8,Class 4,1400,"TURF - ""C"" Course",GOOD TO FIRM,60,"3:15.0, 4:26.5, 7:55.5",143.5,"3,4:58.5, 3,7:154.0, 4,7:372.5",30.5,9,ACA FAST,K467,12,83.2,J Orman,D J Hall,127.0,1193.0,8,13 12 14 12,24.0,,,0,,14.17,21.73,22.75,24.55,,
Sha Tin,2026/07/01,8,Class 4,1400,"TURF - ""C"" Course",GOOD TO FIRM,60,"3:15.0, 4:26.5, 7:55.5",143.5,"3,4:58.5, 3,7:154.0, 4,7:372.5",30.5,5,BIG BIG WORLD,L257,13,83.28,K C Leung,K H Ting,129.0,1070.0,3,10 9 9 13,74.0,,,0,"Jumped awkwardly, shifted out and made contact with BEAUTY AWARD.  A short distance later BIG BIG WORLD was checked to avoid HONORARY which shifted out abruptly.",13.97,21.65,22.75,24.91,,
Sha Tin,2026/07/01,8,Class 4,1400,"TURF - ""C"" Course",GOOD TO FIRM,60,"3:15.0, 4:26.5, 7:55.5",143.5,"3,4:58.5, 3,7:154.0, 4,7:372.5",30.5,14,AWESOME TREASURE,E435,14,83.38,M Chadwick,J Richards,117.0,1178.0,5,7 7 8 14,98.0,,,0,,13.85,21.65,22.75,25.13,,
Sha Tin,2026/07/01,9,Class 4,1600,"TURF - ""C"" Course",GOOD TO FIRM,60,"8:14.5, 11:22.5, 12:16.0",131.5,"8,11:53.0, 8,12:28.5, 11,12:55.0",33.5,8,JOLLY BRILLIANT,K498,1,94.52000000000001,H Bowman,P F Yiu,129.0,1083.0,7,10 8 7 1,3.3,,,0,Near the 400 Metres lay in when being shifted to the outside of JOLLY BRILLIANT and as a result was steadied to avoid JOLLY BRILLIANT.,25.18,22.93,23.06,23.35,,
Sha Tin,2026/07/01,9,Class 4,1600,"TURF - ""C"" Course",GOOD TO FIRM,60,"8:14.5, 11:22.5, 12:16.0",131.5,"8,11:53.0, 8,12:28.5, 11,12:55.0",33.5,11,LUCKY BALERION,L125,2,94.58,M F Poon,F C Lor,126.0,1342.0,12,6 2 3 2,7.1,,,0,Approaching the 900 Metres improved to the inside of LUCKY BALERION as that runner was being shifted in.  Leaving the 900 Metres then became unbalanced when crowded between AMAZING DUCK which maintained its position away from the rail and LUCKY BALERION which shifted in.  E Brown stated that with his mount stepping up in distance he was able to hold a more forward position than its most recent starts.  He said in the Home Straight PRESTIGE HALL did not respond to his riding and raced in a disappointing manner.  Trainer D J Hall stated that the horse had pleased him leading into the race and may have reached the end of its preparation.  A veterinary inspection immediately following the race did not show any significant findings.,24.94,22.57,23.26,23.81,,
Sha Tin,2026/07/01,9,Class 4,1600,"TURF - ""C"" Course",GOOD TO FIRM,60,"8:14.5, 11:22.5, 12:16.0",131.5,"8,11:53.0, 8,12:28.5, 11,12:55.0",33.5,12,AMAZING DUCK,H392,3,94.64,Z Purton,K H Ting,120.0,1126.0,1,2 3 2 3,3.5,,,0,Approaching the 900 Metres improved to the inside of LUCKY BALERION as that runner was being shifted in.  Leaving the 900 Metres then became unbalanced when crowded between AMAZING DUCK which maintained its position away from the rail and LUCKY BALERION which shifted in.  E Brown stated that with his mount stepping up in distance he was able to hold a more forward position than its most recent starts.  He said in the Home Straight PRESTIGE HALL did not respond to his riding and raced in a disappointing manner.  Trainer D J Hall stated that the horse had pleased him leading into the race and may have reached the end of its preparation.  A veterinary inspection immediately following the race did not show any significant findings.,24.58,22.97,23.18,23.91,,
Sha Tin,2026/07/01,9,Class 4,1600,"TURF - ""C"" Course",GOOD TO FIRM,60,"8:14.5, 11:22.5, 12:16.0",131.5,"8,11:53.0, 8,12:28.5, 11,12:55.0",33.5,10,FLYING BOOM,K327,4,94.65,K C Leung,C W Chang,126.0,1076.0,11,13 11 9 4,22.0,,,0,,25.46,22.93,22.98,23.28,,
Sha Tin,2026/07/01,9,Class 4,1600,"TURF - ""C"" Course",GOOD TO FIRM,60,"8:14.5, 11:22.5, 12:16.0",131.5,"8,11:53.0, 8,12:28.5, 11,12:55.0",33.5,9,BEST WORLD,L329,5,94.85,B Avdulla,D A Hayes,126.0,1087.0,5,12 12 12 5,40.0,,,0,,25.38,23.09,23.1,23.28,,
Sha Tin,2026/07/01,9,Class 4,1600,"TURF - ""C"" Course",GOOD TO FIRM,60,"8:14.5, 11:22.5, 12:16.0",131.5,"8,11:53.0, 8,12:28.5, 11,12:55.0",33.5,3,KA YING SUPERB,J091,6,94.89,M Chadwick,W K Mo,132.0,1055.0,13,3 6 5 6,47.0,,,0,In the early stages raced keenly.  For some distance near the 1000 Metres got its head up when being steadied to avoid KA YING SUPERB.  Between the 400 Metres and the 250 Metres was held up for clear running. Shifted out at the start and made contact with JUMBO STEPS.  Near the 850 Metres became unbalanced when momentarily crowded by NINJA DERBY which shifted in despite the efforts of its rider when being steadied to avoid KA YING SUPERB.  Briefly held up approaching the 300 Metres.,24.66,23.13,23.14,23.96,,
Sha Tin,2026/07/01,9,Class 4,1600,"TURF - ""C"" Course",GOOD TO FIRM,60,"8:14.5, 11:22.5, 12:16.0",131.5,"8,11:53.0, 8,12:28.5, 11,12:55.0",33.5,14,NINJA DERBY,H339,7,94.95,L Hewitson,B Crawford,118.0,1092.0,9,5 7 8 7,49.0,,,0,Shifted out at the start and made contact with JUMBO STEPS.  Near the 850 Metres became unbalanced when momentarily crowded by NINJA DERBY which shifted in despite the efforts of its rider when being steadied to avoid KA YING SUPERB.  Briefly held up approaching the 300 Metres.,24.86,23.21,23.1,23.78,,
Sha Tin,2026/07/01,9,Class 4,1600,"TURF - ""C"" Course",GOOD TO FIRM,60,"8:14.5, 11:22.5, 12:16.0",131.5,"8,11:53.0, 8,12:28.5, 11,12:55.0",33.5,13,FAMILY FORTUNE,H447,8,95.06,E C W Wong,C Fownes,116.0,999.0,3,9 9 11 8,37.0,,,0,,25.14,23.13,23.18,23.61,,
Sha Tin,2026/07/01,9,Class 4,1600,"TURF - ""C"" Course",GOOD TO FIRM,60,"8:14.5, 11:22.5, 12:16.0",131.5,"8,11:53.0, 8,12:28.5, 11,12:55.0",33.5,4,MEGA MASTERMIND,L044,9,95.1,A Badel,J Richards,132.0,1252.0,14,1 1 1 9,15.0,,,0,,24.54,22.89,23.26,24.41,,
Sha Tin,2026/07/01,9,Class 4,1600,"TURF - ""C"" Course",GOOD TO FIRM,60,"8:14.5, 11:22.5, 12:16.0",131.5,"8,11:53.0, 8,12:28.5, 11,12:55.0",33.5,6,ACE,K307,10,95.14,C L Chau,M Newnham,128.0,1236.0,6,8 10 10 10,8.4,,,0,"Jumped only fairly, shifted out and made contact with ACE. C L Chau stated that after jumping only fairly and then being bumped at the start he was obliged to make use of the horse in the early stages to hold a handy position.  He said in the Home Straight ACE finished the race off only fairly.  A veterinary inspection immediately following the race did not show any significant findings.",25.06,23.29,23.02,23.77,,
Sha Tin,2026/07/01,9,Class 4,1600,"TURF - ""C"" Course",GOOD TO FIRM,60,"8:14.5, 11:22.5, 12:16.0",131.5,"8,11:53.0, 8,12:28.5, 11,12:55.0",33.5,1,JUMBO STEPS,L269,11,95.22999999999999,C Y Ho,P C Ng,135.0,1091.0,4,11 13 13 11,40.0,,,0,Shifted out at the start and made contact with JUMBO STEPS.  Near the 850 Metres became unbalanced when momentarily crowded by NINJA DERBY which shifted in despite the efforts of its rider when being steadied to avoid KA YING SUPERB.  Briefly held up approaching the 300 Metres.,25.26,23.33,23.22,23.42,,
Sha Tin,2026/07/01,9,Class 4,1600,"TURF - ""C"" Course",GOOD TO FIRM,60,"8:14.5, 11:22.5, 12:16.0",131.5,"8,11:53.0, 8,12:28.5, 11,12:55.0",33.5,7,BEAUTY VIVA,K155,12,95.25,A Atzeni,A S Cruz,130.0,1130.0,10,14 14 14 12,31.0,,,0,,25.66,23.05,23.1,23.44,,
Sha Tin,2026/07/01,9,Class 4,1600,"TURF - ""C"" Course",GOOD TO FIRM,60,"8:14.5, 11:22.5, 12:16.0",131.5,"8,11:53.0, 8,12:28.5, 11,12:55.0",33.5,2,CHILL PARTNERS,K484,13,95.41,L Ferraris,K W Lui,133.0,1229.0,2,4 5 4 13,45.0,,,0,,24.78,23.01,23.1,24.52,,
Sha Tin,2026/07/01,9,Class 4,1600,"TURF - ""C"" Course",GOOD TO FIRM,60,"8:14.5, 11:22.5, 12:16.0",131.5,"8,11:53.0, 8,12:28.5, 11,12:55.0",33.5,5,PRESTIGE HALL,K040,14,95.84,E Brown,D J Hall,132.0,1095.0,8,7 4 6 14,11.0,,,0,Leaving the 900 Metres made contact with PRESTIGE HALL. Approaching the 900 Metres improved to the inside of LUCKY BALERION as that runner was being shifted in.  Leaving the 900 Metres then became unbalanced when crowded between AMAZING DUCK which maintained its position away from the rail and LUCKY BALERION which shifted in.  E Brown stated that with his mount stepping up in distance he was able to hold a more forward position than its most recent starts.  He said in the Home Straight PRESTIGE HALL did not respond to his riding and raced in a disappointing manner.  Trainer D J Hall stated that the horse had pleased him leading into the race and may have reached the end of its preparation.  A veterinary inspection immediately following the race did not show any significant findings.,25.02,22.65,23.3,24.87,,
Sha Tin,2026/07/01,10,Class 3,1600,"TURF - ""C"" Course",GOOD TO FIRM,80,"3:26.5, 2:17.0, 13:32.5",207.0,"2,3:71.0, 3,13:145.0, 2,13:104.0",80.5,3,LUCKY SAM GOR,K114,1,94.12,H Bowman,M Newnham,128.0,1205.0,1,7 8 8 1,8.0,,,0,,25.02,23.29,22.84,22.97,,
Sha Tin,2026/07/01,10,Class 3,1600,"TURF - ""C"" Course",GOOD TO FIRM,80,"3:26.5, 2:17.0, 13:32.5",207.0,"2,3:71.0, 3,13:145.0, 2,13:104.0",80.5,2,AMAZING PARTNERS,K554,2,94.13,C Y Ho,K W Lui,129.0,1174.0,3,8 9 9 2,5.6,,,0,"Jumped awkwardly, shifted out and made contact with FLOW WATER FLOW.  Raced keenly in the early stages.  Near the 1100 Metres was steadied to avoid AMAZING PARTNERS.  A veterinary inspection immediately following the race did not show any significant findings. <2/7/2026 Additional Veterinary Report> After the race, GOLDFIELD was examined by the Veterinary Officer who said at that time there were no significant findings. GOLDFIELD was again examined by the Veterinary Officer at the stables of Trainer C S Shum this morning. He said at this time he noted the horse to be lame in its right hind leg. Before being allowed to race again, GOLDFIELD will be subjected to an official veterinary examination.",25.1,23.29,22.8,22.94,,
Sha Tin,2026/07/01,10,Class 3,1600,"TURF - ""C"" Course",GOOD TO FIRM,80,"3:26.5, 2:17.0, 13:32.5",207.0,"2,3:71.0, 3,13:145.0, 2,13:104.0",80.5,13,HYMNBOOK,L238,3,94.21000000000001,K Teetan,B Crawford,117.0,1145.0,10,13 10 10 3,12.0,,,0,,25.66,22.85,22.72,22.98,,
Sha Tin,2026/07/01,10,Class 3,1600,"TURF - ""C"" Course",GOOD TO FIRM,80,"3:26.5, 2:17.0, 13:32.5",207.0,"2,3:71.0, 3,13:145.0, 2,13:104.0",80.5,1,SKY VINO,K054,4,94.25999999999999,H Y Yuen,C Fownes,125.0,1103.0,13,2 2 1 4,22.0,,,0,,24.42,23.09,23.24,23.51,,
Sha Tin,2026/07/01,10,Class 3,1600,"TURF - ""C"" Course",GOOD TO FIRM,80,"3:26.5, 2:17.0, 13:32.5",207.0,"2,3:71.0, 3,13:145.0, 2,13:104.0",80.5,6,FLOW WATER FLOW,K562,5,94.32,A Atzeni,J Size,125.0,1219.0,6,6 6 5 5,5.8,,,0,"Jumped awkwardly, shifted out and made contact with FLOW WATER FLOW.  Raced keenly in the early stages.  Near the 1100 Metres was steadied to avoid AMAZING PARTNERS.  A veterinary inspection immediately following the race did not show any significant findings. <2/7/2026 Additional Veterinary Report> After the race, GOLDFIELD was examined by the Veterinary Officer who said at that time there were no significant findings. GOLDFIELD was again examined by the Veterinary Officer at the stables of Trainer C S Shum this morning. He said at this time he noted the horse to be lame in its right hind leg. Before being allowed to race again, GOLDFIELD will be subjected to an official veterinary examination.",24.98,23.13,22.92,23.29,,
Sha Tin,2026/07/01,10,Class 3,1600,"TURF - ""C"" Course",GOOD TO FIRM,80,"3:26.5, 2:17.0, 13:32.5",207.0,"2,3:71.0, 3,13:145.0, 2,13:104.0",80.5,7,EMBRACES,J276,6,94.32,C L Chau,W K Mo,122.0,1091.0,11,9 7 6 6,17.0,,,0,,25.22,23.01,22.8,23.29,,
Sha Tin,2026/07/01,10,Class 3,1600,"TURF - ""C"" Course",GOOD TO FIRM,80,"3:26.5, 2:17.0, 13:32.5",207.0,"2,3:71.0, 3,13:145.0, 2,13:104.0",80.5,4,POWER OF VITAM,L171,7,94.52000000000001,Z Purton,D J Hall,128.0,1095.0,12,14 14 14 7,2.7,,,0,,25.86,23.09,22.64,22.93,,
Sha Tin,2026/07/01,10,Class 3,1600,"TURF - ""C"" Course",GOOD TO FIRM,80,"3:26.5, 2:17.0, 13:32.5",207.0,"2,3:71.0, 3,13:145.0, 2,13:104.0",80.5,5,YUEN LONG ELITE,J272,8,94.55,M L Yeung,K L Man,126.0,1156.0,2,10 11 12 8,10.0,,,0,,25.3,23.21,22.92,23.12,,
Sha Tin,2026/07/01,10,Class 3,1600,"TURF - ""C"" Course",GOOD TO FIRM,80,"3:26.5, 2:17.0, 13:32.5",207.0,"2,3:71.0, 3,13:145.0, 2,13:104.0",80.5,8,SHANWAH,L123,9,94.59,R Kingscote,D J Whyte,123.0,1082.0,9,12 13 11 9,122.0,,,0,,25.58,23.13,22.68,23.2,,
Sha Tin,2026/07/01,10,Class 3,1600,"TURF - ""C"" Course",GOOD TO FIRM,80,"3:26.5, 2:17.0, 13:32.5",207.0,"2,3:71.0, 3,13:145.0, 2,13:104.0",80.5,12,ANOTHER WORLD,K005,10,94.62,P N Wong,C H Yip,110.0,1085.0,14,1 1 2 10,110.0,,,0,,24.3,23.17,23.32,23.83,,
Sha Tin,2026/07/01,10,Class 3,1600,"TURF - ""C"" Course",GOOD TO FIRM,80,"3:26.5, 2:17.0, 13:32.5",207.0,"2,3:71.0, 3,13:145.0, 2,13:104.0",80.5,14,TRINITY TREASURE,L167,11,94.71000000000001,L Hewitson,D Eustace,117.0,1150.0,8,4 3 3 11,53.0,,,0,,24.78,23.01,23.12,23.8,,
Sha Tin,2026/07/01,10,Class 3,1600,"TURF - ""C"" Course",GOOD TO FIRM,80,"3:26.5, 2:17.0, 13:32.5",207.0,"2,3:71.0, 3,13:145.0, 2,13:104.0",80.5,9,SEWARD,K563,12,94.75,M F Poon,P C Ng,120.0,1044.0,7,3 4 4 12,45.0,,,0,From a wide barrier was shifted across behind runners in the early stages.  Near the 300 Metres was held up for clear running when being shifted to the outside of SEWARD.,24.54,23.29,23.16,23.76,,
Sha Tin,2026/07/01,10,Class 3,1600,"TURF - ""C"" Course",GOOD TO FIRM,80,"3:26.5, 2:17.0, 13:32.5",207.0,"2,3:71.0, 3,13:145.0, 2,13:104.0",80.5,11,OUTGATE,H113,13,95.24000000000001,Y L Chung,A S Cruz,117.0,1059.0,4,5 5 7 13,32.0,,,0,,24.78,23.29,23.04,24.13,,
Sha Tin,2026/07/01,10,Class 3,1600,"TURF - ""C"" Course",GOOD TO FIRM,80,"3:26.5, 2:17.0, 13:32.5",207.0,"2,3:71.0, 3,13:145.0, 2,13:104.0",80.5,10,GOLDFIELD,L334,14,97.07,E C W Wong,C S Shum,116.0,1176.0,5,11 12 13 14,128.0,,,0,"Jumped awkwardly, shifted out and made contact with FLOW WATER FLOW.  Raced keenly in the early stages.  Near the 1100 Metres was steadied to avoid AMAZING PARTNERS.  A veterinary inspection immediately following the race did not show any significant findings. <2/7/2026 Additional Veterinary Report> After the race, GOLDFIELD was examined by the Veterinary Officer who said at that time there were no significant findings. GOLDFIELD was again examined by the Veterinary Officer at the stables of Trainer C S Shum this morning. He said at this time he noted the horse to be lame in its right hind leg. Before being allowed to race again, GOLDFIELD will be subjected to an official veterinary examination.",25.5,23.21,22.88,25.48,,
Sha Tin,2026/07/01,11,Class 3,1200,"TURF - ""C"" Course",GOOD TO FIRM,80,"7:28.0, 4:39.5, 3:15.5",843.0,"4,7:206.0, 3,7:68.0, 3,4:92.0",117.0,7,MOTOR,K165,1,68.75,K Teetan,W K Mo,122.0,1205.0,5,8 7 1,11.0,,,0,Jumped only fairly.  Shortly after the start shifted out and away from KANSAS and was steadied to avoid MR DESIRA.  Near the 300 Metres was inconvenienced when bumped by MOTOR which shifted out to improve.  K C Leung stated that his mount was under pressure throughout the event with the early and middle stages being run inside of standard time and as a result did not finish the race off in the Home Straight.  A veterinary inspection immediately following the race did not show any significant findings.,24.1,21.83,22.82,,,
Sha Tin,2026/07/01,11,Class 3,1200,"TURF - ""C"" Course",GOOD TO FIRM,80,"7:28.0, 4:39.5, 3:15.5",843.0,"4,7:206.0, 3,7:68.0, 3,4:92.0",117.0,4,SUPER STRONG KID,K180,2,68.92,A Atzeni,K L Man,125.0,1217.0,9,11 10 2,16.0,,,0,"Bumped at the start.  Near the 900 Metres, when racing ungenerously, was steadied to avoid TYCOON RESOURCES when positioned tight to the inside of LADY’S CHOICE.  Near the 500 Metres blundered when positioned close to the heels of TYCOON RESOURCES.  Passing the 100 Metres was steadied when disappointed for clear running between SUPER STRONG KID and MR DESIRA which was giving ground.  H T Mo reported that his mount hung in throughout the event. Near the 200 Metres shifted in and made contact with SUPER STRONG KID when giving ground.  Apprentice H Y Yuen stated that her mount was disadvantaged by the early and middle stages being run inside of standard time and as a result was left without a finishing effort in the Home Straight.  A veterinary inspection immediately following the race did not show any significant findings.",24.38,21.71,22.83,,,
Sha Tin,2026/07/01,11,Class 3,1200,"TURF - ""C"" Course",GOOD TO FIRM,80,"7:28.0, 4:39.5, 3:15.5",843.0,"4,7:206.0, 3,7:68.0, 3,4:92.0",117.0,3,EFFORTLESS WIN,L310,3,69.05,C L Chau,F C Lor,125.0,1147.0,1,2 2 3,3.8,,,0,,23.22,21.99,23.84,,,
Sha Tin,2026/07/01,11,Class 3,1200,"TURF - ""C"" Course",GOOD TO FIRM,80,"7:28.0, 4:39.5, 3:15.5",843.0,"4,7:206.0, 3,7:68.0, 3,4:92.0",117.0,10,QUANTUM CLOUD,L221,4,69.24,L Hewitson,B Crawford,119.0,1160.0,11,9 9 4,80.0,,,0,Near the 900 Metres was steadied to avoid KANSAS when racing keenly.  Near the 150 Metres shifted in when under pressure and made contact with QUANTUM CLOUD and then was corrected by its rider C Y Ho.,24.14,21.83,23.27,,,
Sha Tin,2026/07/01,11,Class 3,1200,"TURF - ""C"" Course",GOOD TO FIRM,80,"7:28.0, 4:39.5, 3:15.5",843.0,"4,7:206.0, 3,7:68.0, 3,4:92.0",117.0,8,INVINCIBLE STEED,L312,5,69.26,C Y Ho,Y S Tsui,121.0,1070.0,10,10 11 5,12.0,,,0,,24.22,21.95,23.09,,,
Sha Tin,2026/07/01,11,Class 3,1200,"TURF - ""C"" Course",GOOD TO FIRM,80,"7:28.0, 4:39.5, 3:15.5",843.0,"4,7:206.0, 3,7:68.0, 3,4:92.0",117.0,5,SZERYNG,K317,6,69.28,B Avdulla,J Size,124.0,1210.0,12,12 12 6,12.0,,,0,"From the outside barrier was shifted across behind runners in the early stages.  Noted to have bled from both nostrils after the race.  As this was the second occasion that SZERYNG had bled, the horse is ineligible to run in any race conducted by the Club in the future.",24.62,21.63,23.03,,,
Sha Tin,2026/07/01,11,Class 3,1200,"TURF - ""C"" Course",GOOD TO FIRM,80,"7:28.0, 4:39.5, 3:15.5",843.0,"4,7:206.0, 3,7:68.0, 3,4:92.0",117.0,9,MR DESIRA,K411,7,69.36,E C W Wong,C Fownes,116.0,1149.0,8,1 1 7,51.0,,,0,"Bumped at the start.  Near the 900 Metres, when racing ungenerously, was steadied to avoid TYCOON RESOURCES when positioned tight to the inside of LADY’S CHOICE.  Near the 500 Metres blundered when positioned close to the heels of TYCOON RESOURCES.  Passing the 100 Metres was steadied when disappointed for clear running between SUPER STRONG KID and MR DESIRA which was giving ground.  H T Mo reported that his mount hung in throughout the event. Jumped only fairly.  Shortly after the start shifted out and away from KANSAS and was steadied to avoid MR DESIRA.  Near the 300 Metres was inconvenienced when bumped by MOTOR which shifted out to improve.  K C Leung stated that his mount was under pressure throughout the event with the early and middle stages being run inside of standard time and as a result did not finish the race off in the Home Straight.  A veterinary inspection immediately following the race did not show any significant findings.",22.98,22.15,24.23,,,
Sha Tin,2026/07/01,11,Class 3,1200,"TURF - ""C"" Course",GOOD TO FIRM,80,"7:28.0, 4:39.5, 3:15.5",843.0,"4,7:206.0, 3,7:68.0, 3,4:92.0",117.0,12,TACTICAL ACE,L249,8,69.37,H T Mo,W Y So,114.0,1038.0,4,5 6 8,165.0,,,0,,23.82,21.95,23.6,,,
Sha Tin,2026/07/01,11,Class 3,1200,"TURF - ""C"" Course",GOOD TO FIRM,80,"7:28.0, 4:39.5, 3:15.5",843.0,"4,7:206.0, 3,7:68.0, 3,4:92.0",117.0,1,LADY'S CHOICE,H155,9,69.65,K C Leung,C W Chang,135.0,1155.0,7,6 5 9,9.8,,,0,,23.82,21.91,23.92,,,
Sha Tin,2026/07/01,11,Class 3,1200,"TURF - ""C"" Course",GOOD TO FIRM,80,"7:28.0, 4:39.5, 3:15.5",843.0,"4,7:206.0, 3,7:68.0, 3,4:92.0",117.0,6,MATTERS MOST,K154,10,69.95,H Y Yuen,C S Shum,113.0,1183.0,2,3 3 10,10.0,,,0,Jumped only fairly.  Between the 400 Metres and the 200 Metres was held up for clear running.  After being shifted to the inside of MATTERS MOST near the 200 Metres then made contact with MATTERS MOST when that runner shifted in slightly when giving ground.  Sent for sampling post-race.,23.26,22.11,24.58,,,
Sha Tin,2026/07/01,11,Class 3,1200,"TURF - ""C"" Course",GOOD TO FIRM,80,"7:28.0, 4:39.5, 3:15.5",843.0,"4,7:206.0, 3,7:68.0, 3,4:92.0",117.0,11,KANSAS,L305,11,71.4,M L Yeung,D A Hayes,116.0,1006.0,6,7 8 11,141.0,,,0,Near the 900 Metres was steadied to avoid KANSAS when racing keenly.  Near the 150 Metres shifted in when under pressure and made contact with QUANTUM CLOUD and then was corrected by its rider C Y Ho. Jumped only fairly.  Shortly after the start shifted out and away from KANSAS and was steadied to avoid MR DESIRA.  Near the 300 Metres was inconvenienced when bumped by MOTOR which shifted out to improve.  K C Leung stated that his mount was under pressure throughout the event with the early and middle stages being run inside of standard time and as a result did not finish the race off in the Home Straight.  A veterinary inspection immediately following the race did not show any significant findings.,24.06,21.87,25.47,,,
Sha Tin,2026/07/01,11,Class 3,1200,"TURF - ""C"" Course",GOOD TO FIRM,80,"7:28.0, 4:39.5, 3:15.5",843.0,"4,7:206.0, 3,7:68.0, 3,4:92.0",117.0,2,TYCOON RESOURCES,L234,12,71.71000000000001,Y L Chung,A S Cruz,127.0,1191.0,3,4 4 12,2.5,,,0,"Bumped at the start.  Near the 900 Metres, when racing ungenerously, was steadied to avoid TYCOON RESOURCES when positioned tight to the inside of LADY’S CHOICE.  Near the 500 Metres blundered when positioned close to the heels of TYCOON RESOURCES.  Passing the 100 Metres was steadied when disappointed for clear running between SUPER STRONG KID and MR DESIRA which was giving ground.  H T Mo reported that his mount hung in throughout the event. Bumped at the start.  When questioned Y L Chung stated that his mount, which was having its first race start at Sha Tin, was stirred up prior to the event.  He said TYCOON RESOURCES jumped well and was able to obtain a handy position.  He said although the early and middle stages were run inside of standard time TYCOON RESOURCES travelled satisfactorily but when asked to improve on the Home Turn did not respond to his riding and gave ground in the Home Straight.  Trainer A S Cruz advised the horse had pleased him leading into the race and confirmed the advice of Jockey Chung that the horse was stirred up prior to the running of tonight’s event.  A veterinary inspection immediately following the race revealed that the horse was displaying an irregular heart rhythm.  Before being allowed to race again, TYCOON RESOURCES will be required to perform satisfactorily in a barrier trial and be subjected to an official veterinary examination.  Sent for sampling post-race.",23.58,22.03,26.1,,,
