date,bankroll,pnl,peak_bankroll,drawdown
2021-01-06,9950.0,-50.0,9950.0,0.0
2021-01-06,9910.0,-90.0,9950.0,-0.004020100502512563
2021-01-06,9860.0,-140.0,9950.0,-0.009045226130653266
2021-01-06,9810.0,-190.0,9950.0,-0.01407035175879397
2021-01-06,9750.0,-250.0,9950.0,-0.020100502512562814
2021-01-06,9690.0,-310.0,9950.0,-0.02613065326633166
2021-01-06,9620.0,-380.0,9950.0,-0.033165829145728645
2021-01-06,9580.0,-420.0,9950.0,-0.0371859296482412
2021-01-06,9530.0,-470.0,9950.0,-0.04221105527638191
2021-01-10,9470.0,-530.0,9950.0,-0.04824120603015075
2021-01-10,9400.0,-600.0,9950.0,-0.05527638190954774
2021-01-10,9330.0,-670.0,9950.0,-0.062311557788944726
2021-01-10,9290.0,-710.0,9950.0,-0.06633165829145729
2021-01-10,9210.0,-790.0,9950.0,-0.0743718592964824
2021-01-10,9140.0,-860.0,9950.0,-0.0814070351758794
2021-01-10,9060.0,-940.0,9950.0,-0.08944723618090453
2021-01-10,9010.0,-990.0,9950.0,-0.09447236180904522
2021-01-10,8960.0,-1040.0,9950.0,-0.09949748743718594
2021-01-10,8900.0,-1100.0,9950.0,-0.10552763819095477
2021-01-13,8860.0,-1140.0,9950.0,-0.10954773869346733
2021-01-13,8800.0,-1200.0,9950.0,-0.11557788944723618
2021-01-13,8750.0,-1250.0,9950.0,-0.12060301507537688
2021-01-13,8710.0,-1290.0,9950.0,-0.12462311557788945
2021-01-13,8680.0,-1320.0,9950.0,-0.12763819095477386
2021-01-13,8620.0,-1380.0,9950.0,-0.13366834170854272
2021-01-13,8540.0,-1460.0,9950.0,-0.14170854271356784
2021-01-13,8480.0,-1520.0,9950.0,-0.14773869346733667
2021-01-13,8440.0,-1560.0,9950.0,-0.15175879396984926
2021-01-17,8380.0,-1620.0,9950.0,-0.1577889447236181
2021-01-17,8310.0,-1690.0,9950.0,-0.16482412060301507
2021-01-17,8220.0,-1780.0,9950.0,-0.17386934673366833
2021-01-17,8190.0,-1810.0,9950.0,-0.17688442211055277
2021-01-17,8140.0,-1860.0,9950.0,-0.18190954773869347
2021-01-17,8070.0,-1930.0,9950.0,-0.18894472361809045
2021-01-17,8000.0,-2000.0,9950.0,-0.19597989949748743
2021-01-17,7930.0,-2070.0,9950.0,-0.20301507537688443
2021-01-17,7860.0,-2140.0,9950.0,-0.2100502512562814
2021-01-17,7790.0,-2210.0,9950.0,-0.21708542713567838
2021-01-20,7750.0,-2250.0,9950.0,-0.22110552763819097
2021-01-20,7700.0,-2300.0,9950.0,-0.22613065326633167
2021-01-20,7650.0,-2350.0,9950.0,-0.23115577889447236
2021-01-20,7600.0,-2400.0,9950.0,-0.23618090452261306
2021-01-20,7550.0,-2450.0,9950.0,-0.24120603015075376
2021-01-20,7520.0,-2480.0,9950.0,-0.2442211055276382
2021-01-20,7460.0,-2540.0,9950.0,-0.25025125628140704
2021-01-20,7410.0,-2590.0,9950.0,-0.2552763819095477
2021-01-20,7350.0,-2650.0,9950.0,-0.2613065326633166
2021-01-24,7270.0,-2730.0,9950.0,-0.2693467336683417
2021-01-24,7220.0,-2780.0,9950.0,-0.2743718592964824
2021-01-24,7170.0,-2830.0,9950.0,-0.2793969849246231
2021-01-24,7110.0,-2890.0,9950.0,-0.28542713567839195
2021-01-24,7060.0,-2940.0,9950.0,-0.2904522613065327
2021-01-24,7000.0,-3000.0,9950.0,-0.2964824120603015
2021-01-24,6950.0,-3050.0,9950.0,-0.3015075376884422
2021-01-24,6910.0,-3090.0,9950.0,-0.3055276381909548
2021-01-24,6860.0,-3140.0,9950.0,-0.31055276381909547
2021-01-24,6810.0,-3190.0,9950.0,-0.3155778894472362
2021-01-27,6770.0,-3230.0,9950.0,-0.31959798994974875
2021-01-27,6710.0,-3290.0,9950.0,-0.3256281407035176
2021-01-27,6650.0,-3350.0,9950.0,-0.3316582914572864
2021-01-27,6600.0,-3400.0,9950.0,-0.33668341708542715
2021-01-27,6560.0,-3440.0,9950.0,-0.3407035175879397
2021-01-27,6520.0,-3480.0,9950.0,-0.34472361809045227
2021-01-27,6470.0,-3530.0,9950.0,-0.349748743718593
2021-01-27,6420.0,-3580.0,9950.0,-0.35477386934673366
2021-01-27,6370.0,-3630.0,9950.0,-0.3597989949748744
2021-01-31,6290.0,-3710.0,9950.0,-0.3678391959798995
2021-01-31,6230.0,-3770.0,9950.0,-0.37386934673366834
2021-01-31,6190.0,-3810.0,9950.0,-0.3778894472361809
2021-01-31,6160.0,-3840.0,9950.0,-0.38090452261306534
2021-01-31,6120.0,-3880.0,9950.0,-0.3849246231155779
2021-01-31,6080.0,-3920.0,9950.0,-0.38894472361809046
2021-01-31,6020.0,-3980.0,9950.0,-0.3949748743718593
2021-01-31,5960.0,-4040.0,9950.0,-0.40100502512562813
2021-01-31,5900.0,-4100.0,9950.0,-0.40703517587939697
2021-01-31,5830.0,-4170.0,9950.0,-0.414070351758794
2021-02-03,5760.0,-4240.0,9950.0,-0.421105527638191
2021-02-03,5690.0,-4310.0,9950.0,-0.42814070351758793
2021-02-03,5670.0,-4330.0,9950.0,-0.4301507537688442
2021-02-03,5620.0,-4380.0,9950.0,-0.43517587939698493
2021-02-03,5550.0,-4450.0,9950.0,-0.44221105527638194
2021-02-03,5520.0,-4480.0,9950.0,-0.4452261306532663
2021-02-03,5460.0,-4540.0,9950.0,-0.45125628140703516
2021-02-03,5410.0,-4590.0,9950.0,-0.4562814070351759
2021-02-03,5350.0,-4650.0,9950.0,-0.4623115577889447
2021-02-06,5300.0,-4700.0,9950.0,-0.46733668341708545
2021-02-06,5220.0,-4780.0,9950.0,-0.47537688442211057
2021-02-06,5140.0,-4860.0,9950.0,-0.4834170854271357
2021-02-06,5100.0,-4900.0,9950.0,-0.48743718592964824
2021-02-06,5040.0,-4960.0,9950.0,-0.4934673366834171
2021-02-06,4970.0,-5030.0,9950.0,-0.5005025125628141
2021-02-06,4910.0,-5090.0,9950.0,-0.5065326633165829
2021-02-06,4860.0,-5140.0,9950.0,-0.5115577889447236
2021-02-06,4820.0,-5180.0,9950.0,-0.5155778894472361
2021-02-06,4770.0,-5230.0,9950.0,-0.5206030150753769
2021-02-10,4720.0,-5280.0,9950.0,-0.5256281407035176
2021-02-10,4660.0,-5340.0,9950.0,-0.5316582914572864
2021-02-10,4630.0,-5370.0,9950.0,-0.5346733668341709
2021-02-10,4590.0,-5410.0,9950.0,-0.5386934673366834
2021-02-10,4540.0,-5460.0,9950.0,-0.5437185929648242
2021-02-10,4490.0,-5510.0,9950.0,-0.5487437185929648
2021-02-10,4430.0,-5570.0,9950.0,-0.5547738693467337
2021-02-10,4370.0,-5630.0,9950.0,-0.5608040201005026
2021-02-10,4320.0,-5680.0,9950.0,-0.5658291457286432
2021-02-14,4240.0,-5760.0,9950.0,-0.5738693467336683
2021-02-14,4190.0,-5810.0,9950.0,-0.578894472361809
2021-02-14,4130.0,-5870.0,9950.0,-0.5849246231155779
2021-02-14,4060.0,-5940.0,9950.0,-0.5919597989949749
2021-02-14,3970.0,-6030.0,9950.0,-0.6010050251256281
2021-02-14,3900.0,-6100.0,9950.0,-0.6080402010050251
2021-02-14,3830.0,-6170.0,9950.0,-0.6150753768844222
2021-02-14,3760.0,-6240.0,9950.0,-0.6221105527638191
2021-02-14,3700.0,-6300.0,9950.0,-0.628140703517588
2021-02-14,3670.0,-6330.0,9950.0,-0.6311557788944724
2021-02-14,3610.0,-6390.0,9950.0,-0.6371859296482412
2021-02-17,3560.0,-6440.0,9950.0,-0.6422110552763819
2021-02-17,3510.0,-6490.0,9950.0,-0.6472361809045226
2021-02-17,3450.0,-6550.0,9950.0,-0.6532663316582915
2021-02-17,3390.0,-6610.0,9950.0,-0.6592964824120603
2021-02-17,3350.0,-6650.0,9950.0,-0.6633165829145728
2021-02-17,3330.0,-6670.0,9950.0,-0.6653266331658292
2021-02-17,3300.0,-6700.0,9950.0,-0.6683417085427136
2021-02-17,3250.0,-6750.0,9950.0,-0.6733668341708543
2021-02-17,3200.0,-6800.0,9950.0,-0.678391959798995
2021-02-21,3130.0,-6870.0,9950.0,-0.685427135678392
2021-02-21,3060.0,-6940.0,9950.0,-0.6924623115577889
2021-02-21,3020.0,-6980.0,9950.0,-0.6964824120603015
2021-02-21,2990.0,-7010.0,9950.0,-0.699497487437186
2021-02-21,2940.0,-7060.0,9950.0,-0.7045226130653266
2021-02-21,2870.0,-7130.0,9950.0,-0.7115577889447237
2021-02-21,2820.0,-7180.0,9950.0,-0.7165829145728643
2021-02-21,2790.0,-7210.0,9950.0,-0.7195979899497488
2021-02-21,2730.0,-7270.0,9950.0,-0.7256281407035176
2021-02-21,2650.0,-7350.0,9950.0,-0.7336683417085427
2021-02-24,2600.0,-7400.0,9950.0,-0.7386934673366834
2021-02-24,2550.0,-7450.0,9950.0,-0.7437185929648241
2021-02-24,2530.0,-7470.0,9950.0,-0.7457286432160805
2021-02-24,2470.0,-7530.0,9950.0,-0.7517587939698492
2021-02-24,2430.0,-7570.0,9950.0,-0.7557788944723618
2021-02-24,2390.0,-7610.0,9950.0,-0.7597989949748744
2021-02-24,2360.0,-7640.0,9950.0,-0.7628140703517587
2021-02-24,2310.0,-7690.0,9950.0,-0.7678391959798995
2021-02-24,2280.0,-7720.0,9950.0,-0.770854271356784
2021-02-28,2250.0,-7750.0,9950.0,-0.7738693467336684
2021-02-28,2180.0,-7820.0,9950.0,-0.7809045226130653
2021-02-28,2130.0,-7870.0,9950.0,-0.785929648241206
2021-02-28,2100.0,-7900.0,9950.0,-0.7889447236180904
2021-02-28,2040.0,-7960.0,9950.0,-0.7949748743718593
2021-02-28,1950.0,-8050.0,9950.0,-0.8040201005025126
2021-02-28,1890.0,-8110.0,9950.0,-0.8100502512562814
2021-02-28,1850.0,-8150.0,9950.0,-0.8140703517587939
2021-02-28,1780.0,-8220.0,9950.0,-0.821105527638191
2021-02-28,1710.0,-8290.0,9950.0,-0.828140703517588
2021-03-03,1660.0,-8340.0,9950.0,-0.8331658291457287
2021-03-03,1600.0,-8400.0,9950.0,-0.8391959798994975
2021-03-03,1550.0,-8450.0,9950.0,-0.8442211055276382
2021-03-03,1510.0,-8490.0,9950.0,-0.8482412060301507
2021-03-03,1470.0,-8530.0,9950.0,-0.8522613065326633
2021-03-03,1420.0,-8580.0,9950.0,-0.857286432160804
2021-03-03,1350.0,-8650.0,9950.0,-0.864321608040201
2021-03-03,1290.0,-8710.0,9950.0,-0.8703517587939699
2021-03-03,1230.0,-8770.0,9950.0,-0.8763819095477386
2021-03-07,1180.0,-8820.0,9950.0,-0.8814070351758794
2021-03-07,1120.0,-8880.0,9950.0,-0.8874371859296483
2021-03-07,1060.0,-8940.0,9950.0,-0.893467336683417
2021-03-07,1020.0,-8980.0,9950.0,-0.8974874371859296
2021-03-07,960.0,-9040.0,9950.0,-0.9035175879396985
2021-03-07,910.0,-9090.0,9950.0,-0.9085427135678392
2021-03-07,850.0,-9150.0,9950.0,-0.914572864321608
2021-03-07,790.0,-9210.0,9950.0,-0.9206030150753769
2021-03-07,720.0,-9280.0,9950.0,-0.9276381909547738
2021-03-07,670.0,-9330.0,9950.0,-0.9326633165829146
2021-03-10,640.0,-9360.0,9950.0,-0.935678391959799
2021-03-10,630.0,-9370.0,9950.0,-0.9366834170854271
2021-03-10,570.0,-9430.0,9950.0,-0.942713567839196
2021-03-10,520.0,-9480.0,9950.0,-0.9477386934673366
2021-03-10,470.0,-9530.0,9950.0,-0.9527638190954774
2021-03-10,420.0,-9580.0,9950.0,-0.9577889447236181
2021-03-10,360.0,-9640.0,9950.0,-0.963819095477387
2021-03-10,300.0,-9700.0,9950.0,-0.9698492462311558
2021-03-10,250.0,-9750.0,9950.0,-0.9748743718592965
2021-03-13,190.0,-9810.0,9950.0,-0.9809045226130654
2021-03-13,140.0,-9860.0,9950.0,-0.985929648241206
2021-03-13,110.0,-9890.0,9950.0,-0.9889447236180905
2021-03-13,60.0,-9940.0,9950.0,-0.9939698492462311
2021-03-13,-10.0,-10010.0,9950.0,-1.0010050251256282
2021-03-13,-40.0,-10040.0,9950.0,-1.0040201005025127
2021-03-13,-100.0,-10100.0,9950.0,-1.0100502512562815
2021-03-13,-130.0,-10130.0,9950.0,-1.0130653266331657
2021-03-13,-220.0,-10220.0,9950.0,-1.022110552763819
2021-03-13,-260.0,-10260.0,9950.0,-1.0261306532663317
2021-03-17,-320.0,-10320.0,9950.0,-1.0321608040201005
2021-03-17,-380.0,-10380.0,9950.0,-1.0381909547738692
2021-03-17,-450.0,-10450.0,9950.0,-1.0452261306532664
2021-03-17,-510.0,-10510.0,9950.0,-1.0512562814070352
2021-03-17,-550.0,-10550.0,9950.0,-1.0552763819095476
2021-03-17,-580.0,-10580.0,9950.0,-1.0582914572864321
2021-03-17,-650.0,-10650.0,9950.0,-1.065326633165829
2021-03-17,-700.0,-10700.0,9950.0,-1.07035175879397
2021-03-17,-780.0,-10780.0,9950.0,-1.078391959798995
2021-03-21,-860.0,-10860.0,9950.0,-1.0864321608040202
2021-03-21,-920.0,-10920.0,9950.0,-1.092462311557789
2021-03-21,-1010.0,-11010.0,9950.0,-1.1015075376884422
2021-03-21,-1050.0,-11050.0,9950.0,-1.1055276381909547
2021-03-21,-1120.0,-11120.0,9950.0,-1.1125628140703518
2021-03-21,-1190.0,-11190.0,9950.0,-1.1195979899497488
2021-03-21,-1260.0,-11260.0,9950.0,-1.1266331658291457
2021-03-21,-1330.0,-11330.0,9950.0,-1.1336683417085427
2021-03-21,-1390.0,-11390.0,9950.0,-1.1396984924623115
2021-03-21,-1460.0,-11460.0,9950.0,-1.1467336683417086
2021-03-24,-1510.0,-11510.0,9950.0,-1.1517587939698493
2021-03-24,-1560.0,-11560.0,9950.0,-1.1567839195979899
2021-03-24,-1630.0,-11630.0,9950.0,-1.163819095477387
2021-03-24,-1680.0,-11680.0,9950.0,-1.1688442211055277
2021-03-24,-1730.0,-11730.0,9950.0,-1.1738693467336683
2021-03-24,-1780.0,-11780.0,9950.0,-1.178894472361809
2021-03-24,-1830.0,-11830.0,9950.0,-1.1839195979899497
2021-03-24,-1870.0,-11870.0,9950.0,-1.1879396984924624
2021-03-24,-1900.0,-11900.0,9950.0,-1.1909547738693467
2021-03-28,-1960.0,-11960.0,9950.0,-1.1969849246231157
2021-03-28,-2020.0,-12020.0,9950.0,-1.2030150753768845
2021-03-28,-2070.0,-12070.0,9950.0,-1.208040201005025
2021-03-28,-2110.0,-12110.0,9950.0,-1.2120603015075377
2021-03-28,-2170.0,-12170.0,9950.0,-1.2180904522613065
2021-03-28,-2220.0,-12220.0,9950.0,-1.2231155778894471
2021-03-28,-2280.0,-12280.0,9950.0,-1.2291457286432161
2021-03-28,-2360.0,-12360.0,9950.0,-1.2371859296482413
2021-03-28,-2420.0,-12420.0,9950.0,-1.24321608040201
2021-03-28,-2470.0,-12470.0,9950.0,-1.2482412060301507
2021-03-31,-2520.0,-12520.0,9950.0,-1.2532663316582915
2021-03-31,-2550.0,-12550.0,9950.0,-1.256281407035176
2021-03-31,-2590.0,-12590.0,9950.0,-1.2603015075376884
2021-03-31,-2660.0,-12660.0,9950.0,-1.2673366834170854
2021-03-31,-2710.0,-12710.0,9950.0,-1.2723618090452262
2021-03-31,-2770.0,-12770.0,9950.0,-1.278391959798995
2021-03-31,-2820.0,-12820.0,9950.0,-1.2834170854271356
2021-03-31,-2880.0,-12880.0,9950.0,-1.2894472361809046
2021-03-31,-2910.0,-12910.0,9950.0,-1.292462311557789
2021-04-11,-2940.0,-12940.0,9950.0,-1.2954773869346734
2021-04-11,-2990.0,-12990.0,9950.0,-1.300502512562814
2021-04-11,-3050.0,-13050.0,9950.0,-1.306532663316583
2021-04-11,-3120.0,-13120.0,9950.0,-1.31356783919598
2021-04-11,-3180.0,-13180.0,9950.0,-1.3195979899497488
2021-04-11,-3240.0,-13240.0,9950.0,-1.3256281407035175
2021-04-11,-3290.0,-13290.0,9950.0,-1.3306532663316584
2021-04-11,-3350.0,-13350.0,9950.0,-1.3366834170854272
2021-04-11,-3410.0,-13410.0,9950.0,-1.342713567839196
2021-04-11,-3460.0,-13460.0,9950.0,-1.3477386934673368
2021-04-11,-3520.0,-13520.0,9950.0,-1.3537688442211055
2021-04-14,-3540.0,-13540.0,9950.0,-1.3557788944723619
2021-04-14,-3590.0,-13590.0,9950.0,-1.3608040201005025
2021-04-14,-3630.0,-13630.0,9950.0,-1.3648241206030152
2021-04-14,-3670.0,-13670.0,9950.0,-1.3688442211055276
2021-04-14,-3700.0,-13700.0,9950.0,-1.3718592964824121
2021-04-14,-3740.0,-13740.0,9950.0,-1.3758793969849246
2021-04-14,-3760.0,-13760.0,9950.0,-1.377889447236181
2021-04-14,-3800.0,-13800.0,9950.0,-1.3819095477386936
2021-04-14,-3880.0,-13880.0,9950.0,-1.3899497487437187
2021-04-17,-3920.0,-13920.0,9950.0,-1.3939698492462311
2021-04-17,-3990.0,-13990.0,9950.0,-1.401005025125628
2021-04-17,-4040.0,-14040.0,9950.0,-1.406030150753769
2021-04-17,-4070.0,-14070.0,9950.0,-1.4090452261306532
2021-04-17,-4130.0,-14130.0,9950.0,-1.4150753768844222
2021-04-17,-4180.0,-14180.0,9950.0,-1.4201005025125628
2021-04-17,-4200.0,-14200.0,9950.0,-1.4221105527638191
2021-04-17,-4250.0,-14250.0,9950.0,-1.4271356783919598
2021-04-17,-4300.0,-14300.0,9950.0,-1.4321608040201006
2021-04-17,-4350.0,-14350.0,9950.0,-1.4371859296482412
2021-04-21,-4360.0,-14360.0,9950.0,-1.4381909547738694
2021-04-21,-4400.0,-14400.0,9950.0,-1.4422110552763818
2021-04-21,-4440.0,-14440.0,9950.0,-1.4462311557788945
2021-04-21,-4470.0,-14470.0,9950.0,-1.449246231155779
2021-04-21,-4510.0,-14510.0,9950.0,-1.4532663316582914
2021-04-21,-4560.0,-14560.0,9950.0,-1.458291457286432
2021-04-21,-4580.0,-14580.0,9950.0,-1.4603015075376884
2021-04-21,-4620.0,-14620.0,9950.0,-1.464321608040201
2021-04-21,-4680.0,-14680.0,9950.0,-1.4703517587939698
2021-04-25,-4750.0,-14750.0,9950.0,-1.4773869346733668
2021-04-25,-4840.0,-14840.0,9950.0,-1.48643216080402
2021-04-25,-4920.0,-14920.0,9950.0,-1.4944723618090452
2021-04-25,-4990.0,-14990.0,9950.0,-1.5015075376884421
2021-04-25,-5040.0,-15040.0,9950.0,-1.506532663316583
2021-04-25,-5110.0,-15110.0,9950.0,-1.51356783919598
2021-04-25,-5180.0,-15180.0,9950.0,-1.5206030150753769
2021-04-25,-5200.0,-15200.0,9950.0,-1.5226130653266332
2021-04-25,-5230.0,-15230.0,9950.0,-1.5256281407035175
2021-04-25,-5290.0,-15290.0,9950.0,-1.5316582914572865
2021-04-28,-5340.0,-15340.0,9950.0,-1.536683417085427
2021-04-28,-5390.0,-15390.0,9950.0,-1.541708542713568
2021-04-28,-5430.0,-15430.0,9950.0,-1.5457286432160804
2021-04-28,-5480.0,-15480.0,9950.0,-1.550753768844221
2021-04-28,-5510.0,-15510.0,9950.0,-1.5537688442211055
2021-04-28,-5520.0,-15520.0,9950.0,-1.5547738693467337
2021-04-28,-5570.0,-15570.0,9950.0,-1.5597989949748743
2021-04-28,-5620.0,-15620.0,9950.0,-1.5648241206030151
2021-04-28,-5670.0,-15670.0,9950.0,-1.5698492462311557
2021-05-02,-5730.0,-15730.0,9950.0,-1.5758793969849245
2021-05-02,-5770.0,-15770.0,9950.0,-1.5798994974874372
2021-05-02,-5810.0,-15810.0,9950.0,-1.5839195979899499
2021-05-02,-5870.0,-15870.0,9950.0,-1.5899497487437186
2021-05-02,-5920.0,-15920.0,9950.0,-1.5949748743718593
2021-05-02,-5990.0,-15990.0,9950.0,-1.6020100502512562
2021-05-02,-6040.0,-16040.0,9950.0,-1.607035175879397
2021-05-02,-6090.0,-16090.0,9950.0,-1.6120603015075377
2021-05-02,-6160.0,-16160.0,9950.0,-1.6190954773869346
2021-05-02,-6200.0,-16200.0,9950.0,-1.6231155778894473
2021-05-02,-6250.0,-16250.0,9950.0,-1.6281407035175879
2021-05-05,-6290.0,-16290.0,9950.0,-1.6321608040201006
2021-05-05,-6320.0,-16320.0,9950.0,-1.6351758793969848
2021-05-05,-6370.0,-16370.0,9950.0,-1.6402010050251257
2021-05-05,-6420.0,-16420.0,9950.0,-1.6452261306532663
2021-05-05,-6460.0,-16460.0,9950.0,-1.649246231155779
2021-05-05,-6490.0,-16490.0,9950.0,-1.6522613065326632
2021-05-05,-6550.0,-16550.0,9950.0,-1.6582914572864322
2021-05-05,-6600.0,-16600.0,9950.0,-1.6633165829145728
2021-05-05,-6650.0,-16650.0,9950.0,-1.6683417085427135
2021-05-08,-6700.0,-16700.0,9950.0,-1.6733668341708543
2021-05-08,-6770.0,-16770.0,9950.0,-1.6804020100502512
2021-05-08,-6800.0,-16800.0,9950.0,-1.6834170854271358
2021-05-08,-6860.0,-16860.0,9950.0,-1.6894472361809045
2021-05-08,-6920.0,-16920.0,9950.0,-1.6954773869346733
2021-05-08,-6980.0,-16980.0,9950.0,-1.7015075376884423
2021-05-08,-7040.0,-17040.0,9950.0,-1.707537688442211
2021-05-08,-7100.0,-17100.0,9950.0,-1.7135678391959799
2021-05-08,-7160.0,-17160.0,9950.0,-1.7195979899497487
2021-05-08,-7230.0,-17230.0,9950.0,-1.7266331658291458
2021-05-12,-7260.0,-17260.0,9950.0,-1.7296482412060301
2021-05-12,-7320.0,-17320.0,9950.0,-1.735678391959799
2021-05-12,-7360.0,-17360.0,9950.0,-1.7396984924623116
2021-05-12,-7420.0,-17420.0,9950.0,-1.7457286432160803
2021-05-12,-7460.0,-17460.0,9950.0,-1.749748743718593
2021-05-12,-7520.0,-17520.0,9950.0,-1.7557788944723618
2021-05-12,-7560.0,-17560.0,9950.0,-1.7597989949748745
2021-05-12,-7610.0,-17610.0,9950.0,-1.764824120603015
2021-05-16,-7660.0,-17660.0,9950.0,-1.7698492462311557
2021-05-16,-7740.0,-17740.0,9950.0,-1.7778894472361808
2021-05-16,-7790.0,-17790.0,9950.0,-1.7829145728643216
2021-05-16,-7850.0,-17850.0,9950.0,-1.7889447236180904
2021-05-16,-7900.0,-17900.0,9950.0,-1.7939698492462313
2021-05-16,-7960.0,-17960.0,9950.0,-1.8
2021-05-16,-8010.0,-18010.0,9950.0,-1.8050251256281407
2021-05-16,-8050.0,-18050.0,9950.0,-1.8090452261306533
2021-05-16,-8120.0,-18120.0,9950.0,-1.8160804020100503
2021-05-16,-8180.0,-18180.0,9950.0,-1.822110552763819
2021-05-19,-8230.0,-18230.0,9950.0,-1.82713567839196
2021-05-19,-8270.0,-18270.0,9950.0,-1.8311557788944723
2021-05-19,-8320.0,-18320.0,9950.0,-1.836180904522613
2021-05-19,-8360.0,-18360.0,9950.0,-1.8402010050251256
2021-05-19,-8420.0,-18420.0,9950.0,-1.8462311557788944
2021-05-19,-8470.0,-18470.0,9950.0,-1.8512562814070352
2021-05-19,-8510.0,-18510.0,9950.0,-1.8552763819095477
2021-05-19,-8560.0,-18560.0,9950.0,-1.8603015075376885
2021-05-19,-8610.0,-18610.0,9950.0,-1.8653266331658291
2021-05-23,-8640.0,-18640.0,9950.0,-1.8683417085427136
2021-05-23,-8720.0,-18720.0,9950.0,-1.8763819095477388
2021-05-23,-8790.0,-18790.0,9950.0,-1.8834170854271357
2021-05-23,-8850.0,-18850.0,9950.0,-1.8894472361809045
2021-05-23,-8930.0,-18930.0,9950.0,-1.8974874371859296
2021-05-23,-8960.0,-18960.0,9950.0,-1.900502512562814
2021-05-23,-9010.0,-19010.0,9950.0,-1.9055276381909547
2021-05-23,-9060.0,-19060.0,9950.0,-1.9105527638190956
2021-05-23,-9110.0,-19110.0,9950.0,-1.9155778894472362
2021-05-23,-9140.0,-19140.0,9950.0,-1.9185929648241207
2021-05-23,-9190.0,-19190.0,9950.0,-1.9236180904522613
2021-05-26,-9230.0,-19230.0,9950.0,-1.927638190954774
2021-05-26,-9280.0,-19280.0,9950.0,-1.9326633165829146
2021-05-26,-9330.0,-19330.0,9950.0,-1.9376884422110552
2021-05-26,-9390.0,-19390.0,9950.0,-1.9437185929648242
2021-05-26,-9440.0,-19440.0,9950.0,-1.9487437185929648
2021-05-26,-9480.0,-19480.0,9950.0,-1.9527638190954775
2021-05-26,-9550.0,-19550.0,9950.0,-1.9597989949748744
2021-05-26,-9610.0,-19610.0,9950.0,-1.9658291457286432
2021-05-26,-9670.0,-19670.0,9950.0,-1.971859296482412
2021-05-30,-9710.0,-19710.0,9950.0,-1.9758793969849247
2021-05-30,-9780.0,-19780.0,9950.0,-1.9829145728643216
2021-05-30,-9850.0,-19850.0,9950.0,-1.9899497487437185
2021-05-30,-9870.0,-19870.0,9950.0,-1.9919597989949749
2021-05-30,-9930.0,-19930.0,9950.0,-1.9979899497487437
2021-05-30,-9980.0,-19980.0,9950.0,-2.0030150753768843
2021-05-30,-10020.0,-20020.0,9950.0,-2.007035175879397
2021-05-30,-10090.0,-20090.0,9950.0,-2.014070351758794
2021-05-30,-10170.0,-20170.0,9950.0,-2.0221105527638192
2021-05-30,-10250.0,-20250.0,9950.0,-2.030150753768844
2021-06-02,-10300.0,-20300.0,9950.0,-2.0351758793969847
2021-06-02,-10350.0,-20350.0,9950.0,-2.040201005025126
2021-06-02,-10400.0,-20400.0,9950.0,-2.0452261306532664
2021-06-02,-10430.0,-20430.0,9950.0,-2.0482412060301507
2021-06-02,-10470.0,-20470.0,9950.0,-2.0522613065326634
2021-06-02,-10510.0,-20510.0,9950.0,-2.056281407035176
2021-06-02,-10560.0,-20560.0,9950.0,-2.0613065326633166
2021-06-02,-10610.0,-20610.0,9950.0,-2.0663316582914573
2021-06-02,-10660.0,-20660.0,9950.0,-2.071356783919598
2021-06-06,-10710.0,-20710.0,9950.0,-2.0763819095477385
2021-06-06,-10760.0,-20760.0,9950.0,-2.0814070351758795
2021-06-06,-10820.0,-20820.0,9950.0,-2.087437185929648
2021-06-06,-10860.0,-20860.0,9950.0,-2.091457286432161
2021-06-06,-10920.0,-20920.0,9950.0,-2.09748743718593
2021-06-06,-10970.0,-20970.0,9950.0,-2.1025125628140704
2021-06-06,-11010.0,-21010.0,9950.0,-2.106532663316583
2021-06-06,-11060.0,-21060.0,9950.0,-2.1115577889447237
2021-06-06,-11140.0,-21140.0,9950.0,-2.1195979899497486
2021-06-06,-11210.0,-21210.0,9950.0,-2.1266331658291455
2021-06-09,-11240.0,-21240.0,9950.0,-2.1296482412060302
2021-06-09,-11290.0,-21290.0,9950.0,-2.134673366834171
2021-06-09,-11360.0,-21360.0,9950.0,-2.141708542713568
2021-06-09,-11400.0,-21400.0,9950.0,-2.1457286432160805
2021-06-09,-11450.0,-21450.0,9950.0,-2.150753768844221
2021-06-09,-11480.0,-21480.0,9950.0,-2.1537688442211054
2021-06-09,-11520.0,-21520.0,9950.0,-2.157788944723618
2021-06-09,-11560.0,-21560.0,9950.0,-2.1618090452261307
2021-06-09,-11620.0,-21620.0,9950.0,-2.1678391959798997
2021-06-13,-11650.0,-21650.0,9950.0,-2.170854271356784
2021-06-13,-11680.0,-21680.0,9950.0,-2.1738693467336683
2021-06-13,-11750.0,-21750.0,9950.0,-2.180904522613065
2021-06-13,-11790.0,-21790.0,9950.0,-2.184924623115578
2021-06-13,-11840.0,-21840.0,9950.0,-2.1899497487437185
2021-06-13,-11910.0,-21910.0,9950.0,-2.1969849246231155
2021-06-13,-11940.0,-21940.0,9950.0,-2.2
2021-06-13,-12010.0,-22010.0,9950.0,-2.207035175879397
2021-06-13,-12060.0,-22060.0,9950.0,-2.2120603015075377
2021-06-13,-12110.0,-22110.0,9950.0,-2.2170854271356784
2021-06-13,-12150.0,-22150.0,9950.0,-2.221105527638191
2021-06-20,-12220.0,-22220.0,9950.0,-2.228140703517588
2021-06-20,-12270.0,-22270.0,9950.0,-2.2331658291457286
2021-06-20,-12300.0,-22300.0,9950.0,-2.236180904522613
2021-06-20,-12360.0,-22360.0,9950.0,-2.242211055276382
2021-06-20,-12420.0,-22420.0,9950.0,-2.248241206030151
2021-06-20,-12460.0,-22460.0,9950.0,-2.252261306532663
2021-06-20,-12520.0,-22520.0,9950.0,-2.258291457286432
2021-06-20,-12560.0,-22560.0,9950.0,-2.2623115577889448
2021-06-20,-12630.0,-22630.0,9950.0,-2.2693467336683417
2021-06-20,-12700.0,-22700.0,9950.0,-2.2763819095477387
2021-06-23,-12760.0,-22760.0,9950.0,-2.2824120603015077
2021-06-23,-12800.0,-22800.0,9950.0,-2.28643216080402
2021-06-23,-12860.0,-22860.0,9950.0,-2.292462311557789
2021-06-23,-12900.0,-22900.0,9950.0,-2.2964824120603016
2021-06-23,-12950.0,-22950.0,9950.0,-2.301507537688442
2021-06-23,-13000.0,-23000.0,9950.0,-2.306532663316583
2021-06-23,-13050.0,-23050.0,9950.0,-2.3115577889447234
2021-06-23,-13100.0,-23100.0,9950.0,-2.3165829145728645
2021-06-23,-13160.0,-23160.0,9950.0,-2.322613065326633
2021-06-26,-13210.0,-23210.0,9950.0,-2.327638190954774
2021-06-26,-13260.0,-23260.0,9950.0,-2.3326633165829147
2021-06-26,-13320.0,-23320.0,9950.0,-2.3386934673366833
2021-06-26,-13360.0,-23360.0,9950.0,-2.342713567839196
2021-06-26,-13430.0,-23430.0,9950.0,-2.349748743718593
2021-06-26,-13470.0,-23470.0,9950.0,-2.3537688442211055
2021-06-26,-13540.0,-23540.0,9950.0,-2.3608040201005025
2021-06-26,-13610.0,-23610.0,9950.0,-2.3678391959798994
2021-06-26,-13690.0,-23690.0,9950.0,-2.375879396984925
2021-06-26,-13760.0,-23760.0,9950.0,-2.3829145728643217
2021-07-04,-13820.0,-23820.0,9950.0,-2.3889447236180903
2021-07-04,-13860.0,-23860.0,9950.0,-2.392964824120603
2021-07-04,-13890.0,-23890.0,9950.0,-2.3959798994974872
2021-07-04,-13960.0,-23960.0,9950.0,-2.4030150753768846
2021-07-04,-14010.0,-24010.0,9950.0,-2.4080402010050252
2021-07-04,-14070.0,-24070.0,9950.0,-2.414070351758794
2021-07-04,-14120.0,-24120.0,9950.0,-2.419095477386935
2021-07-04,-14170.0,-24170.0,9950.0,-2.4241206030150755
2021-07-04,-14210.0,-24210.0,9950.0,-2.428140703517588
2021-07-04,-14270.0,-24270.0,9950.0,-2.4341708542713567
2021-07-07,-14330.0,-24330.0,9950.0,-2.4402010050251257
2021-07-07,-14350.0,-24350.0,9950.0,-2.442211055276382
2021-07-07,-14420.0,-24420.0,9950.0,-2.449246231155779
2021-07-07,-14440.0,-24440.0,9950.0,-2.4512562814070353
2021-07-07,-14490.0,-24490.0,9950.0,-2.456281407035176
2021-07-07,-14530.0,-24530.0,9950.0,-2.4603015075376886
2021-07-07,-14550.0,-24550.0,9950.0,-2.4623115577889445
2021-07-07,-14590.0,-24590.0,9950.0,-2.466331658291457
2021-07-07,-14620.0,-24620.0,9950.0,-2.469346733668342
2021-07-11,-14680.0,-24680.0,9950.0,-2.4753768844221105
2021-07-11,-14730.0,-24730.0,9950.0,-2.480402010050251
2021-07-11,-14810.0,-24810.0,9950.0,-2.4884422110552764
2021-07-11,-14860.0,-24860.0,9950.0,-2.493467336683417
2021-07-11,-14930.0,-24930.0,9950.0,-2.500502512562814
2021-07-11,-15000.0,-25000.0,9950.0,-2.507537688442211
2021-07-11,-15080.0,-25080.0,9950.0,-2.5155778894472363
2021-07-11,-15150.0,-25150.0,9950.0,-2.522613065326633
2021-07-11,-15190.0,-25190.0,9950.0,-2.526633165829146
2021-07-11,-15220.0,-25220.0,9950.0,-2.52964824120603
2021-07-11,-15300.0,-25300.0,9950.0,-2.5376884422110555
2021-07-14,-15360.0,-25360.0,9950.0,-2.543718592964824
2021-07-14,-15420.0,-25420.0,9950.0,-2.549748743718593
2021-07-14,-15470.0,-25470.0,9950.0,-2.5547738693467337
2021-07-14,-15510.0,-25510.0,9950.0,-2.5587939698492463
2021-07-14,-15560.0,-25560.0,9950.0,-2.563819095477387
2021-07-14,-15610.0,-25610.0,9950.0,-2.5688442211055276
2021-07-14,-15660.0,-25660.0,9950.0,-2.573869346733668
2021-07-14,-15710.0,-25710.0,9950.0,-2.5788944723618092
2021-07-14,-15760.0,-25760.0,9950.0,-2.58391959798995
2021-09-05,-15810.0,-25810.0,9950.0,-2.5889447236180905
2021-09-05,-15880.0,-25880.0,9950.0,-2.5959798994974874
2021-09-05,-15910.0,-25910.0,9950.0,-2.5989949748743717
2021-09-05,-15960.0,-25960.0,9950.0,-2.6040201005025128
2021-09-05,-16010.0,-26010.0,9950.0,-2.6090452261306534
2021-09-05,-16070.0,-26070.0,9950.0,-2.615075376884422
2021-09-05,-16150.0,-26150.0,9950.0,-2.6231155778894473
2021-09-05,-16200.0,-26200.0,9950.0,-2.628140703517588
2021-09-05,-16220.0,-26220.0,9950.0,-2.630150753768844
2021-09-05,-16290.0,-26290.0,9950.0,-2.637185929648241
2021-09-08,-16340.0,-26340.0,9950.0,-2.642211055276382
2021-09-08,-16380.0,-26380.0,9950.0,-2.6462311557788945
2021-09-08,-16410.0,-26410.0,9950.0,-2.6492462311557787
2021-09-08,-16470.0,-26470.0,9950.0,-2.6552763819095477
2021-09-08,-16530.0,-26530.0,9950.0,-2.6613065326633167
2021-09-08,-16570.0,-26570.0,9950.0,-2.665326633165829
2021-09-08,-16630.0,-26630.0,9950.0,-2.671356783919598
2021-09-08,-16680.0,-26680.0,9950.0,-2.6763819095477386
2021-09-12,-16740.0,-26740.0,9950.0,-2.6824120603015076
2021-09-12,-16810.0,-26810.0,9950.0,-2.6894472361809045
2021-09-12,-16860.0,-26860.0,9950.0,-2.694472361809045
2021-09-12,-16920.0,-26920.0,9950.0,-2.700502512562814
2021-09-12,-16970.0,-26970.0,9950.0,-2.7055276381909548
2021-09-12,-17020.0,-27020.0,9950.0,-2.7105527638190954
2021-09-12,-17050.0,-27050.0,9950.0,-2.71356783919598
2021-09-12,-17100.0,-27100.0,9950.0,-2.7185929648241207
2021-09-12,-17160.0,-27160.0,9950.0,-2.7246231155778893
2021-09-12,-17200.0,-27200.0,9950.0,-2.728643216080402
2021-09-15,-17240.0,-27240.0,9950.0,-2.7326633165829146
2021-09-15,-17270.0,-27270.0,9950.0,-2.735678391959799
2021-09-15,-17310.0,-27310.0,9950.0,-2.7396984924623116
2021-09-15,-17350.0,-27350.0,9950.0,-2.7437185929648242
2021-09-15,-17390.0,-27390.0,9950.0,-2.747738693467337
2021-09-15,-17440.0,-27440.0,9950.0,-2.7527638190954775
2021-09-15,-17480.0,-27480.0,9950.0,-2.7567839195979897
2021-09-15,-17540.0,-27540.0,9950.0,-2.7628140703517587
2021-09-19,-17570.0,-27570.0,9950.0,-2.765829145728643
2021-09-19,-17610.0,-27610.0,9950.0,-2.7698492462311557
2021-09-19,-17680.0,-27680.0,9950.0,-2.7768844221105526
2021-09-19,-17720.0,-27720.0,9950.0,-2.7809045226130653
2021-09-19,-17770.0,-27770.0,9950.0,-2.785929648241206
2021-09-19,-17790.0,-27790.0,9950.0,-2.7879396984924623
2021-09-19,-17840.0,-27840.0,9950.0,-2.792964824120603
2021-09-19,-17880.0,-27880.0,9950.0,-2.7969849246231155
2021-09-19,-17930.0,-27930.0,9950.0,-2.802010050251256
2021-09-19,-17980.0,-27980.0,9950.0,-2.8070351758793968
2021-09-22,-18000.0,-28000.0,9950.0,-2.809045226130653
2021-09-22,-18040.0,-28040.0,9950.0,-2.8130653266331658
2021-09-22,-18060.0,-28060.0,9950.0,-2.815075376884422
2021-09-22,-18110.0,-28110.0,9950.0,-2.8201005025125627
2021-09-22,-18160.0,-28160.0,9950.0,-2.8251256281407033
2021-09-22,-18210.0,-28210.0,9950.0,-2.8301507537688444
2021-09-22,-18250.0,-28250.0,9950.0,-2.8341708542713566
2021-09-22,-18290.0,-28290.0,9950.0,-2.8381909547738693
2021-09-26,-18350.0,-28350.0,9950.0,-2.8442211055276383
2021-09-26,-18410.0,-28410.0,9950.0,-2.850251256281407
2021-09-26,-18460.0,-28460.0,9950.0,-2.855276381909548
2021-09-26,-18510.0,-28510.0,9950.0,-2.8603015075376885
2021-09-26,-18560.0,-28560.0,9950.0,-2.865326633165829
2021-09-26,-18610.0,-28610.0,9950.0,-2.8703517587939698
2021-09-26,-18660.0,-28660.0,9950.0,-2.8753768844221104
2021-09-26,-18690.0,-28690.0,9950.0,-2.878391959798995
2021-09-26,-18750.0,-28750.0,9950.0,-2.8844221105527637
2021-09-26,-18800.0,-28800.0,9950.0,-2.8894472361809047
2021-10-06,-18830.0,-28830.0,9950.0,-2.892462311557789
2021-10-06,-18870.0,-28870.0,9950.0,-2.8964824120603017
2021-10-06,-18920.0,-28920.0,9950.0,-2.9015075376884423
2021-10-06,-18960.0,-28960.0,9950.0,-2.905527638190955
2021-10-06,-19010.0,-29010.0,9950.0,-2.9105527638190956
2021-10-06,-19060.0,-29060.0,9950.0,-2.915577889447236
2021-10-06,-19090.0,-29090.0,9950.0,-2.9185929648241205
2021-10-06,-19150.0,-29150.0,9950.0,-2.9246231155778895
2021-10-06,-19180.0,-29180.0,9950.0,-2.9276381909547737
2021-10-10,-19220.0,-29220.0,9950.0,-2.9316582914572864
2021-10-10,-19270.0,-29270.0,9950.0,-2.936683417085427
2021-10-10,-19330.0,-29330.0,9950.0,-2.942713567839196
2021-10-10,-19400.0,-29400.0,9950.0,-2.949748743718593
2021-10-10,-19450.0,-29450.0,9950.0,-2.9547738693467336
2021-10-10,-19500.0,-29500.0,9950.0,-2.959798994974874
2021-10-10,-19560.0,-29560.0,9950.0,-2.965829145728643
2021-10-10,-19600.0,-29600.0,9950.0,-2.969849246231156
2021-10-10,-19630.0,-29630.0,9950.0,-2.97286432160804
2021-10-10,-19700.0,-29700.0,9950.0,-2.979899497487437
2021-10-17,-19720.0,-29720.0,9950.0,-2.9819095477386934
2021-10-17,-19790.0,-29790.0,9950.0,-2.9889447236180904
2021-10-17,-19840.0,-29840.0,9950.0,-2.993969849246231
2021-10-17,-19920.0,-29920.0,9950.0,-3.0020100502512563
2021-10-17,-19990.0,-29990.0,9950.0,-3.0090452261306533
2021-10-17,-20060.0,-30060.0,9950.0,-3.0160804020100502
2021-10-17,-20120.0,-30120.0,9950.0,-3.0221105527638192
2021-10-17,-20150.0,-30150.0,9950.0,-3.0251256281407035
2021-10-17,-20200.0,-30200.0,9950.0,-3.030150753768844
2021-10-17,-20270.0,-30270.0,9950.0,-3.037185929648241
2021-10-20,-20310.0,-30310.0,9950.0,-3.0412060301507537
2021-10-20,-20350.0,-30350.0,9950.0,-3.0452261306532664
2021-10-20,-20390.0,-30390.0,9950.0,-3.049246231155779
2021-10-20,-20450.0,-30450.0,9950.0,-3.0552763819095476
2021-10-20,-20490.0,-30490.0,9950.0,-3.0592964824120603
2021-10-20,-20540.0,-30540.0,9950.0,-3.064321608040201
2021-10-20,-20590.0,-30590.0,9950.0,-3.0693467336683415
2021-10-20,-20650.0,-30650.0,9950.0,-3.0753768844221105
2021-10-20,-20700.0,-30700.0,9950.0,-3.080402010050251
2021-10-24,-20780.0,-30780.0,9950.0,-3.0884422110552765
2021-10-24,-20840.0,-30840.0,9950.0,-3.094472361809045
2021-10-24,-20900.0,-30900.0,9950.0,-3.100502512562814
2021-10-24,-20940.0,-30940.0,9950.0,-3.1045226130653267
2021-10-24,-21000.0,-31000.0,9950.0,-3.1105527638190953
2021-10-24,-21070.0,-31070.0,9950.0,-3.1175879396984927
2021-10-24,-21120.0,-31120.0,9950.0,-3.1226130653266333
2021-10-24,-21190.0,-31190.0,9950.0,-3.1296482412060302
2021-10-24,-21260.0,-31260.0,9950.0,-3.136683417085427
2021-10-24,-21340.0,-31340.0,9950.0,-3.144723618090452
2021-10-27,-21380.0,-31380.0,9950.0,-3.1487437185929648
2021-10-27,-21400.0,-31400.0,9950.0,-3.150753768844221
2021-10-27,-21450.0,-31450.0,9950.0,-3.1557788944723617
2021-10-27,-21500.0,-31500.0,9950.0,-3.1608040201005023
2021-10-27,-21560.0,-31560.0,9950.0,-3.1668341708542713
2021-10-27,-21600.0,-31600.0,9950.0,-3.170854271356784
2021-10-27,-21650.0,-31650.0,9950.0,-3.1758793969849246
2021-10-27,-21680.0,-31680.0,9950.0,-3.178894472361809
2021-10-31,-21720.0,-31720.0,9950.0,-3.1829145728643216
2021-10-31,-21740.0,-31740.0,9950.0,-3.184924623115578
2021-10-31,-21740.0,-31740.0,9950.0,-3.184924623115578
2021-10-31,-21800.0,-31800.0,9950.0,-3.190954773869347
2021-10-31,-21840.0,-31840.0,9950.0,-3.194974874371859
2021-10-31,-21870.0,-31870.0,9950.0,-3.197989949748744
2021-10-31,-21920.0,-31920.0,9950.0,-3.2030150753768845
2021-10-31,-21960.0,-31960.0,9950.0,-3.207035175879397
2021-10-31,-22010.0,-32010.0,9950.0,-3.2120603015075377
2021-10-31,-22060.0,-32060.0,9950.0,-3.2170854271356784
2021-11-03,-22090.0,-32090.0,9950.0,-3.2201005025125626
2021-11-03,-22130.0,-32130.0,9950.0,-3.2241206030150753
2021-11-03,-22200.0,-32200.0,9950.0,-3.2311557788944723
2021-11-03,-22240.0,-32240.0,9950.0,-3.235175879396985
2021-11-03,-22260.0,-32260.0,9950.0,-3.2371859296482413
2021-11-03,-22310.0,-32310.0,9950.0,-3.242211055276382
2021-11-03,-22340.0,-32340.0,9950.0,-3.245226130653266
2021-11-03,-22400.0,-32400.0,9950.0,-3.251256281407035
2021-11-07,-22460.0,-32460.0,9950.0,-3.257286432160804
2021-11-07,-22530.0,-32530.0,9950.0,-3.264321608040201
2021-11-07,-22610.0,-32610.0,9950.0,-3.272361809045226
2021-11-07,-22670.0,-32670.0,9950.0,-3.278391959798995
2021-11-07,-22740.0,-32740.0,9950.0,-3.285427135678392
2021-11-07,-22790.0,-32790.0,9950.0,-3.2904522613065326
2021-11-07,-22830.0,-32830.0,9950.0,-3.2944723618090452
2021-11-07,-22850.0,-32850.0,9950.0,-3.2964824120603016
2021-11-07,-22910.0,-32910.0,9950.0,-3.3025125628140706
2021-11-07,-22930.0,-32930.0,9950.0,-3.3045226130653265
2021-11-10,-23000.0,-33000.0,9950.0,-3.3115577889447234
2021-11-10,-23050.0,-33050.0,9950.0,-3.3165829145728645
2021-11-10,-23120.0,-33120.0,9950.0,-3.3236180904522614
2021-11-10,-23150.0,-33150.0,9950.0,-3.3266331658291457
2021-11-10,-23210.0,-33210.0,9950.0,-3.3326633165829147
2021-11-10,-23240.0,-33240.0,9950.0,-3.335678391959799
2021-11-10,-23300.0,-33300.0,9950.0,-3.341708542713568
2021-11-10,-23340.0,-33340.0,9950.0,-3.34572864321608
2021-11-10,-23380.0,-33380.0,9950.0,-3.349748743718593
2021-11-13,-23450.0,-33450.0,9950.0,-3.35678391959799
2021-11-13,-23510.0,-33510.0,9950.0,-3.362814070351759
2021-11-13,-23550.0,-33550.0,9950.0,-3.3668341708542715
2021-11-13,-23590.0,-33590.0,9950.0,-3.3708542713567837
2021-11-13,-23630.0,-33630.0,9950.0,-3.3748743718592964
2021-11-13,-23680.0,-33680.0,9950.0,-3.379899497487437
2021-11-13,-23730.0,-33730.0,9950.0,-3.384924623115578
2021-11-13,-23780.0,-33780.0,9950.0,-3.3899497487437187
2021-11-13,-23810.0,-33810.0,9950.0,-3.392964824120603
2021-11-13,-23860.0,-33860.0,9950.0,-3.3979899497487436
2021-11-17,-23880.0,-33880.0,9950.0,-3.4
2021-11-17,-23930.0,-33930.0,9950.0,-3.4050251256281405
2021-11-17,-23970.0,-33970.0,9950.0,-3.409045226130653
2021-11-17,-24010.0,-34010.0,9950.0,-3.413065326633166
2021-11-17,-24060.0,-34060.0,9950.0,-3.4180904522613065
2021-11-17,-24120.0,-34120.0,9950.0,-3.4241206030150755
2021-11-17,-24150.0,-34150.0,9950.0,-3.4271356783919598
2021-11-17,-24200.0,-34200.0,9950.0,-3.4321608040201004
2021-11-17,-24250.0,-34250.0,9950.0,-3.437185929648241
2021-11-21,-24310.0,-34310.0,9950.0,-3.44321608040201
2021-11-21,-24390.0,-34390.0,9950.0,-3.4512562814070353
2021-11-21,-24460.0,-34460.0,9950.0,-3.4582914572864323
2021-11-21,-24500.0,-34500.0,9950.0,-3.4623115577889445
2021-11-21,-24560.0,-34560.0,9950.0,-3.4683417085427135
2021-11-21,-24610.0,-34610.0,9950.0,-3.473366834170854
2021-11-21,-24660.0,-34660.0,9950.0,-3.478391959798995
2021-11-21,-24660.0,-34660.0,9950.0,-3.478391959798995
2021-11-21,-24690.0,-34690.0,9950.0,-3.4814070351758795
2021-11-21,-24730.0,-34730.0,9950.0,-3.485427135678392
2021-11-24,-24780.0,-34780.0,9950.0,-3.4904522613065327
2021-11-24,-24830.0,-34830.0,9950.0,-3.4954773869346734
2021-11-24,-24880.0,-34880.0,9950.0,-3.500502512562814
2021-11-24,-24920.0,-34920.0,9950.0,-3.5045226130653266
2021-11-24,-24980.0,-34980.0,9950.0,-3.5105527638190956
2021-11-24,-25040.0,-35040.0,9950.0,-3.516582914572864
2021-11-24,-25080.0,-35080.0,9950.0,-3.520603015075377
2021-11-24,-25130.0,-35130.0,9950.0,-3.5256281407035175
2021-11-28,-25180.0,-35180.0,9950.0,-3.530653266331658
2021-11-28,-25260.0,-35260.0,9950.0,-3.5386934673366834
2021-11-28,-25330.0,-35330.0,9950.0,-3.5457286432160804
2021-11-28,-25370.0,-35370.0,9950.0,-3.549748743718593
2021-11-28,-25420.0,-35420.0,9950.0,-3.5547738693467337
2021-11-28,-25470.0,-35470.0,9950.0,-3.5597989949748743
2021-11-28,-25510.0,-35510.0,9950.0,-3.563819095477387
2021-11-28,-25570.0,-35570.0,9950.0,-3.569849246231156
2021-11-28,-25640.0,-35640.0,9950.0,-3.576884422110553
2021-11-28,-25680.0,-35680.0,9950.0,-3.580904522613065
2021-12-01,-25700.0,-35700.0,9950.0,-3.5829145728643215
2021-12-01,-25750.0,-35750.0,9950.0,-3.5879396984924625
2021-12-01,-25810.0,-35810.0,9950.0,-3.593969849246231
2021-12-01,-25870.0,-35870.0,9950.0,-3.6
2021-12-01,-25920.0,-35920.0,9950.0,-3.6050251256281407
2021-12-01,-25960.0,-35960.0,9950.0,-3.6090452261306534
2021-12-01,-26020.0,-36020.0,9950.0,-3.615075376884422
2021-12-01,-26060.0,-36060.0,9950.0,-3.6190954773869346
2021-12-01,-26110.0,-36110.0,9950.0,-3.624120603015075
2021-12-05,-26140.0,-36140.0,9950.0,-3.62713567839196
2021-12-05,-26210.0,-36210.0,9950.0,-3.634170854271357
2021-12-05,-26240.0,-36240.0,9950.0,-3.637185929648241
2021-12-05,-26300.0,-36300.0,9950.0,-3.64321608040201
2021-12-05,-26360.0,-36360.0,9950.0,-3.6492462311557787
2021-12-05,-26390.0,-36390.0,9950.0,-3.6522613065326635
2021-12-05,-26460.0,-36460.0,9950.0,-3.6592964824120604
2021-12-05,-26490.0,-36490.0,9950.0,-3.6623115577889447
2021-12-05,-26580.0,-36580.0,9950.0,-3.671356783919598
2021-12-05,-26630.0,-36630.0,9950.0,-3.6763819095477386
2021-12-08,-26680.0,-36680.0,9950.0,-3.681407035175879
2021-12-08,-26740.0,-36740.0,9950.0,-3.687437185929648
2021-12-08,-26800.0,-36800.0,9950.0,-3.693467336683417
2021-12-08,-26840.0,-36840.0,9950.0,-3.6974874371859294
2021-12-08,-26900.0,-36900.0,9950.0,-3.7035175879396984
2021-12-08,-26940.0,-36940.0,9950.0,-3.707537688442211
2021-12-08,-26980.0,-36980.0,9950.0,-3.7115577889447238
2021-12-08,-27020.0,-37020.0,9950.0,-3.715577889447236
2021-12-08,-27070.0,-37070.0,9950.0,-3.720603015075377
2021-12-12,-27090.0,-37090.0,9950.0,-3.7226130653266334
2021-12-12,-27170.0,-37170.0,9950.0,-3.7306532663316583
2021-12-12,-27230.0,-37230.0,9950.0,-3.7366834170854273
2021-12-12,-27290.0,-37290.0,9950.0,-3.742713567839196
2021-12-12,-27320.0,-37320.0,9950.0,-3.7457286432160806
2021-12-12,-27350.0,-37350.0,9950.0,-3.748743718592965
2021-12-12,-27400.0,-37400.0,9950.0,-3.7537688442211055
2021-12-12,-27450.0,-37450.0,9950.0,-3.758793969849246
2021-12-12,-27530.0,-37530.0,9950.0,-3.7668341708542714
2021-12-12,-27610.0,-37610.0,9950.0,-3.7748743718592963
2021-12-15,-27670.0,-37670.0,9950.0,-3.7809045226130653
2021-12-15,-27710.0,-37710.0,9950.0,-3.784924623115578
2021-12-15,-27750.0,-37750.0,9950.0,-3.7889447236180906
2021-12-15,-27780.0,-37780.0,9950.0,-3.791959798994975
2021-12-15,-27850.0,-37850.0,9950.0,-3.798994974874372
2021-12-15,-27900.0,-37900.0,9950.0,-3.8040201005025125
2021-12-15,-27940.0,-37940.0,9950.0,-3.808040201005025
2021-12-15,-28000.0,-38000.0,9950.0,-3.814070351758794
2021-12-18,-28040.0,-38040.0,9950.0,-3.8180904522613064
2021-12-18,-28120.0,-38120.0,9950.0,-3.8261306532663317
2021-12-18,-28160.0,-38160.0,9950.0,-3.8301507537688444
2021-12-18,-28210.0,-38210.0,9950.0,-3.835175879396985
2021-12-18,-28260.0,-38260.0,9950.0,-3.8402010050251256
2021-12-18,-28340.0,-38340.0,9950.0,-3.848241206030151
2021-12-18,-28390.0,-38390.0,9950.0,-3.8532663316582916
2021-12-18,-28430.0,-38430.0,9950.0,-3.857286432160804
2021-12-18,-28520.0,-38520.0,9950.0,-3.866331658291457
2021-12-18,-28560.0,-38560.0,9950.0,-3.8703517587939698
2021-12-22,-28600.0,-38600.0,9950.0,-3.8743718592964824
2021-12-22,-28640.0,-38640.0,9950.0,-3.878391959798995
2021-12-22,-28690.0,-38690.0,9950.0,-3.8834170854271357
2021-12-22,-28710.0,-38710.0,9950.0,-3.885427135678392
2021-12-22,-28760.0,-38760.0,9950.0,-3.8904522613065327
2021-12-22,-28810.0,-38810.0,9950.0,-3.8954773869346733
2021-12-22,-28860.0,-38860.0,9950.0,-3.900502512562814
2021-12-22,-28890.0,-38890.0,9950.0,-3.9035175879396986
2021-12-22,-28940.0,-38940.0,9950.0,-3.908542713567839
2021-12-29,-28990.0,-38990.0,9950.0,-3.91356783919598
2021-12-29,-29020.0,-39020.0,9950.0,-3.916582914572864
2021-12-29,-29060.0,-39060.0,9950.0,-3.920603015075377
2021-12-29,-29110.0,-39110.0,9950.0,-3.9256281407035174
2021-12-29,-29170.0,-39170.0,9950.0,-3.9316582914572864
2021-12-29,-29220.0,-39220.0,9950.0,-3.936683417085427
2021-12-29,-29270.0,-39270.0,9950.0,-3.9417085427135676
2021-12-29,-29330.0,-39330.0,9950.0,-3.9477386934673366
2022-01-01,-29390.0,-39390.0,9950.0,-3.9537688442211056
2022-01-01,-29440.0,-39440.0,9950.0,-3.9587939698492463
2022-01-01,-29490.0,-39490.0,9950.0,-3.963819095477387
2022-01-01,-29550.0,-39550.0,9950.0,-3.969849246231156
2022-01-01,-29620.0,-39620.0,9950.0,-3.976884422110553
2022-01-01,-29630.0,-39630.0,9950.0,-3.9778894472361808
2022-01-01,-29680.0,-39680.0,9950.0,-3.982914572864322
2022-01-01,-29730.0,-39730.0,9950.0,-3.9879396984924624
2022-01-01,-29820.0,-39820.0,9950.0,-3.9969849246231157
2022-01-01,-29840.0,-39840.0,9950.0,-3.998994974874372
2022-01-01,-29900.0,-39900.0,9950.0,-4.005025125628141
2022-01-05,-29940.0,-39940.0,9950.0,-4.009045226130653
2022-01-05,-30000.0,-40000.0,9950.0,-4.015075376884422
2022-01-05,-30050.0,-40050.0,9950.0,-4.0201005025125625
2022-01-05,-30070.0,-40070.0,9950.0,-4.022110552763819
2022-01-05,-30130.0,-40130.0,9950.0,-4.028140703517588
2022-01-05,-30190.0,-40190.0,9950.0,-4.034170854271356
2022-01-05,-30230.0,-40230.0,9950.0,-4.038190954773869
2022-01-05,-30290.0,-40290.0,9950.0,-4.0442211055276385
2022-01-05,-30330.0,-40330.0,9950.0,-4.048241206030151
2022-01-09,-30380.0,-40380.0,9950.0,-4.053266331658292
2022-01-09,-30440.0,-40440.0,9950.0,-4.05929648241206
2022-01-09,-30480.0,-40480.0,9950.0,-4.063316582914573
2022-01-09,-30520.0,-40520.0,9950.0,-4.067336683417086
2022-01-09,-30570.0,-40570.0,9950.0,-4.072361809045226
2022-01-09,-30660.0,-40660.0,9950.0,-4.0814070351758795
2022-01-09,-30720.0,-40720.0,9950.0,-4.087437185929648
2022-01-09,-30740.0,-40740.0,9950.0,-4.089447236180905
2022-01-09,-30830.0,-40830.0,9950.0,-4.098492462311558
2022-01-09,-30880.0,-40880.0,9950.0,-4.103517587939699
2022-01-12,-30890.0,-40890.0,9950.0,-4.104522613065327
2022-01-12,-30930.0,-40930.0,9950.0,-4.108542713567839
2022-01-12,-30990.0,-40990.0,9950.0,-4.114572864321608
2022-01-12,-31040.0,-41040.0,9950.0,-4.119597989949749
2022-01-12,-31070.0,-41070.0,9950.0,-4.122613065326633
2022-01-12,-31100.0,-41100.0,9950.0,-4.125628140703518
2022-01-12,-31150.0,-41150.0,9950.0,-4.130653266331659
2022-01-12,-31210.0,-41210.0,9950.0,-4.136683417085427
2022-01-12,-31230.0,-41230.0,9950.0,-4.138693467336683
2022-01-16,-31290.0,-41290.0,9950.0,-4.1447236180904525
2022-01-16,-31360.0,-41360.0,9950.0,-4.151758793969849
2022-01-16,-31430.0,-41430.0,9950.0,-4.158793969849246
2022-01-16,-31480.0,-41480.0,9950.0,-4.163819095477387
2022-01-16,-31520.0,-41520.0,9950.0,-4.1678391959799
2022-01-16,-31570.0,-41570.0,9950.0,-4.17286432160804
2022-01-16,-31620.0,-41620.0,9950.0,-4.177889447236181
2022-01-16,-31670.0,-41670.0,9950.0,-4.182914572864322
2022-01-16,-31740.0,-41740.0,9950.0,-4.189949748743719
2022-01-16,-31800.0,-41800.0,9950.0,-4.1959798994974875
2022-01-19,-31840.0,-41840.0,9950.0,-4.2
2022-01-19,-31900.0,-41900.0,9950.0,-4.206030150753769
2022-01-19,-31950.0,-41950.0,9950.0,-4.211055276381909
2022-01-19,-31990.0,-41990.0,9950.0,-4.215075376884422
2022-01-19,-32020.0,-42020.0,9950.0,-4.218090452261307
2022-01-19,-32050.0,-42050.0,9950.0,-4.221105527638191
2022-01-19,-32100.0,-42100.0,9950.0,-4.226130653266332
2022-01-19,-32140.0,-42140.0,9950.0,-4.230150753768844
2022-01-19,-32200.0,-42200.0,9950.0,-4.236180904522613
2022-01-23,-32260.0,-42260.0,9950.0,-4.242211055276382
2022-01-23,-32300.0,-42300.0,9950.0,-4.2462311557788945
2022-01-23,-32320.0,-42320.0,9950.0,-4.24824120603015
2022-01-23,-32340.0,-42340.0,9950.0,-4.250251256281407
2022-01-23,-32400.0,-42400.0,9950.0,-4.256281407035176
2022-01-23,-32450.0,-42450.0,9950.0,-4.261306532663316
2022-01-23,-32500.0,-42500.0,9950.0,-4.266331658291457
2022-01-23,-32520.0,-42520.0,9950.0,-4.268341708542714
2022-01-23,-32610.0,-42610.0,9950.0,-4.277386934673367
2022-01-23,-32650.0,-42650.0,9950.0,-4.28140703517588
2022-01-26,-32680.0,-42680.0,9950.0,-4.284422110552764
2022-01-26,-32710.0,-42710.0,9950.0,-4.287437185929648
2022-01-26,-32760.0,-42760.0,9950.0,-4.292462311557789
2022-01-26,-32790.0,-42790.0,9950.0,-4.295477386934674
2022-01-26,-32830.0,-42830.0,9950.0,-4.299497487437186
2022-01-26,-32880.0,-42880.0,9950.0,-4.304522613065327
2022-01-26,-32930.0,-42930.0,9950.0,-4.3095477386934675
2022-01-26,-32980.0,-42980.0,9950.0,-4.314572864321608
2022-01-26,-33030.0,-43030.0,9950.0,-4.319597989949749
2022-01-30,-33100.0,-43100.0,9950.0,-4.326633165829146
2022-01-30,-33140.0,-43140.0,9950.0,-4.330653266331658
2022-01-30,-33200.0,-43200.0,9950.0,-4.336683417085427
2022-01-30,-33250.0,-43250.0,9950.0,-4.341708542713568
2022-01-30,-33290.0,-43290.0,9950.0,-4.345728643216081
2022-01-30,-33360.0,-43360.0,9950.0,-4.352763819095477
2022-01-30,-33420.0,-43420.0,9950.0,-4.358793969849247
2022-01-30,-33470.0,-43470.0,9950.0,-4.363819095477387
2022-01-30,-33540.0,-43540.0,9950.0,-4.370854271356784
2022-01-30,-33610.0,-43610.0,9950.0,-4.377889447236181
2022-02-06,-33670.0,-43670.0,9950.0,-4.38391959798995
2022-02-06,-33720.0,-43720.0,9950.0,-4.38894472361809
2022-02-06,-33770.0,-43770.0,9950.0,-4.393969849246231
2022-02-06,-33820.0,-43820.0,9950.0,-4.3989949748743715
2022-02-06,-33890.0,-43890.0,9950.0,-4.406030150753769
2022-02-06,-33930.0,-43930.0,9950.0,-4.410050251256282
2022-02-06,-33990.0,-43990.0,9950.0,-4.41608040201005
2022-02-06,-34030.0,-44030.0,9950.0,-4.420100502512563
2022-02-06,-34090.0,-44090.0,9950.0,-4.426130653266331
2022-02-06,-34140.0,-44140.0,9950.0,-4.431155778894472
2022-02-09,-34170.0,-44170.0,9950.0,-4.434170854271357
2022-02-09,-34200.0,-44200.0,9950.0,-4.437185929648241
2022-02-09,-34250.0,-44250.0,9950.0,-4.442211055276382
2022-02-09,-34300.0,-44300.0,9950.0,-4.447236180904523
2022-02-09,-34360.0,-44360.0,9950.0,-4.453266331658291
2022-02-09,-34390.0,-44390.0,9950.0,-4.456281407035176
2022-02-09,-34440.0,-44440.0,9950.0,-4.461306532663317
2022-02-09,-34500.0,-44500.0,9950.0,-4.467336683417085
2022-02-09,-34540.0,-44540.0,9950.0,-4.471356783919598
2022-02-12,-34600.0,-44600.0,9950.0,-4.477386934673367
2022-02-12,-34660.0,-44660.0,9950.0,-4.483417085427136
2022-02-12,-34730.0,-44730.0,9950.0,-4.490452261306532
2022-02-12,-34800.0,-44800.0,9950.0,-4.49748743718593
2022-02-12,-34860.0,-44860.0,9950.0,-4.503517587939698
2022-02-12,-34920.0,-44920.0,9950.0,-4.509547738693468
2022-02-12,-34990.0,-44990.0,9950.0,-4.516582914572864
2022-02-12,-35030.0,-45030.0,9950.0,-4.520603015075377
2022-02-12,-35080.0,-45080.0,9950.0,-4.5256281407035175
2022-02-12,-35130.0,-45130.0,9950.0,-4.530653266331658
2022-02-16,-35190.0,-45190.0,9950.0,-4.5366834170854275
2022-02-16,-35220.0,-45220.0,9950.0,-4.539698492462311
2022-02-16,-35290.0,-45290.0,9950.0,-4.546733668341709
2022-02-16,-35320.0,-45320.0,9950.0,-4.549748743718593
2022-02-16,-35370.0,-45370.0,9950.0,-4.554773869346733
2022-02-16,-35410.0,-45410.0,9950.0,-4.558793969849246
2022-02-16,-35450.0,-45450.0,9950.0,-4.562814070351759
2022-02-16,-35490.0,-45490.0,9950.0,-4.566834170854271
2022-02-16,-35540.0,-45540.0,9950.0,-4.571859296482412
2022-02-20,-35570.0,-45570.0,9950.0,-4.574874371859297
2022-02-20,-35640.0,-45640.0,9950.0,-4.581909547738693
2022-02-20,-35680.0,-45680.0,9950.0,-4.585929648241206
2022-02-20,-35710.0,-45710.0,9950.0,-4.5889447236180905
2022-02-20,-35790.0,-45790.0,9950.0,-4.596984924623116
2022-02-20,-35850.0,-45850.0,9950.0,-4.603015075376884
2022-02-20,-35890.0,-45890.0,9950.0,-4.607035175879397
2022-02-20,-35970.0,-45970.0,9950.0,-4.615075376884422
2022-02-20,-36020.0,-46020.0,9950.0,-4.620100502512563
2022-02-20,-36090.0,-46090.0,9950.0,-4.6271356783919595
2022-02-23,-36130.0,-46130.0,9950.0,-4.631155778894472
2022-02-23,-36170.0,-46170.0,9950.0,-4.635175879396985
2022-02-23,-36220.0,-46220.0,9950.0,-4.6402010050251254
2022-02-23,-36270.0,-46270.0,9950.0,-4.645226130653266
2022-02-23,-36310.0,-46310.0,9950.0,-4.649246231155779
2022-02-23,-36380.0,-46380.0,9950.0,-4.656281407035176
2022-02-23,-36440.0,-46440.0,9950.0,-4.662311557788945
2022-02-23,-36490.0,-46490.0,9950.0,-4.667336683417085
2022-02-23,-36530.0,-46530.0,9950.0,-4.671356783919598
2022-02-27,-36610.0,-46610.0,9950.0,-4.679396984924623
2022-02-27,-36670.0,-46670.0,9950.0,-4.685427135678392
2022-02-27,-36700.0,-46700.0,9950.0,-4.688442211055277
2022-02-27,-36760.0,-46760.0,9950.0,-4.694472361809045
2022-02-27,-36850.0,-46850.0,9950.0,-4.703517587939698
2022-02-27,-36920.0,-46920.0,9950.0,-4.710552763819096
2022-02-27,-37000.0,-47000.0,9950.0,-4.71859296482412
2022-02-27,-37060.0,-47060.0,9950.0,-4.72462311557789
2022-02-27,-37140.0,-47140.0,9950.0,-4.732663316582914
2022-02-27,-37220.0,-47220.0,9950.0,-4.7407035175879395
2022-03-02,-37240.0,-47240.0,9950.0,-4.742713567839196
2022-03-02,-37290.0,-47290.0,9950.0,-4.747738693467337
2022-03-02,-37320.0,-47320.0,9950.0,-4.750753768844221
2022-03-02,-37370.0,-47370.0,9950.0,-4.755778894472362
2022-03-02,-37410.0,-47410.0,9950.0,-4.759798994974874
2022-03-02,-37450.0,-47450.0,9950.0,-4.763819095477387
2022-03-02,-37500.0,-47500.0,9950.0,-4.768844221105527
2022-03-02,-37550.0,-47550.0,9950.0,-4.773869346733668
2022-03-02,-37620.0,-47620.0,9950.0,-4.780904522613065
2022-03-06,-37630.0,-47630.0,9950.0,-4.781909547738693
2022-03-06,-37710.0,-47710.0,9950.0,-4.789949748743719
2022-03-06,-37720.0,-47720.0,9950.0,-4.7909547738693465
2022-03-06,-37780.0,-47780.0,9950.0,-4.796984924623116
2022-03-06,-37820.0,-47820.0,9950.0,-4.801005025125628
2022-03-06,-37870.0,-47870.0,9950.0,-4.806030150753769
2022-03-06,-37930.0,-47930.0,9950.0,-4.812060301507538
2022-03-06,-37990.0,-47990.0,9950.0,-4.818090452261306
2022-03-06,-38040.0,-48040.0,9950.0,-4.823115577889447
2022-03-06,-38110.0,-48110.0,9950.0,-4.830150753768844
2022-03-09,-38180.0,-48180.0,9950.0,-4.837185929648241
2022-03-09,-38220.0,-48220.0,9950.0,-4.841206030150754
2022-03-09,-38270.0,-48270.0,9950.0,-4.846231155778894
2022-03-09,-38300.0,-48300.0,9950.0,-4.849246231155779
2022-03-09,-38340.0,-48340.0,9950.0,-4.853266331658292
2022-03-09,-38380.0,-48380.0,9950.0,-4.857286432160804
2022-03-09,-38460.0,-48460.0,9950.0,-4.86532663316583
2022-03-09,-38530.0,-48530.0,9950.0,-4.872361809045226
2022-03-09,-38580.0,-48580.0,9950.0,-4.877386934673367
2022-03-12,-38600.0,-48600.0,9950.0,-4.8793969849246235
2022-03-12,-38680.0,-48680.0,9950.0,-4.887437185929648
2022-03-12,-38730.0,-48730.0,9950.0,-4.8924623115577885
2022-03-12,-38780.0,-48780.0,9950.0,-4.89748743718593
2022-03-12,-38830.0,-48830.0,9950.0,-4.902512562814071
2022-03-12,-38920.0,-48920.0,9950.0,-4.911557788944724
2022-03-12,-39000.0,-49000.0,9950.0,-4.919597989949748
2022-03-12,-39040.0,-49040.0,9950.0,-4.923618090452261
2022-03-12,-39120.0,-49120.0,9950.0,-4.931658291457286
2022-03-12,-39170.0,-49170.0,9950.0,-4.936683417085427
2022-03-16,-39230.0,-49230.0,9950.0,-4.942713567839196
2022-03-16,-39290.0,-49290.0,9950.0,-4.948743718592965
2022-03-16,-39330.0,-49330.0,9950.0,-4.952763819095478
2022-03-16,-39380.0,-49380.0,9950.0,-4.957788944723618
2022-03-16,-39430.0,-49430.0,9950.0,-4.962814070351759
2022-03-16,-39480.0,-49480.0,9950.0,-4.9678391959798995
2022-03-16,-39530.0,-49530.0,9950.0,-4.97286432160804
2022-03-16,-39580.0,-49580.0,9950.0,-4.977889447236181
2022-03-16,-39630.0,-49630.0,9950.0,-4.982914572864321
2022-03-20,-39680.0,-49680.0,9950.0,-4.987939698492462
2022-03-20,-39740.0,-49740.0,9950.0,-4.993969849246231
2022-03-20,-39800.0,-49800.0,9950.0,-5.0
2022-03-20,-39870.0,-49870.0,9950.0,-5.007035175879397
2022-03-20,-39940.0,-49940.0,9950.0,-5.014070351758794
2022-03-20,-40020.0,-50020.0,9950.0,-5.022110552763819
2022-03-20,-40070.0,-50070.0,9950.0,-5.02713567839196
2022-03-20,-40120.0,-50120.0,9950.0,-5.0321608040201005
2022-03-20,-40210.0,-50210.0,9950.0,-5.041206030150754
2022-03-20,-40270.0,-50270.0,9950.0,-5.047236180904522
2022-03-23,-40290.0,-50290.0,9950.0,-5.049246231155779
2022-03-23,-40350.0,-50350.0,9950.0,-5.055276381909548
2022-03-23,-40390.0,-50390.0,9950.0,-5.05929648241206
2022-03-23,-40450.0,-50450.0,9950.0,-5.065326633165829
2022-03-23,-40480.0,-50480.0,9950.0,-5.068341708542714
2022-03-23,-40550.0,-50550.0,9950.0,-5.075376884422111
2022-03-23,-40610.0,-50610.0,9950.0,-5.0814070351758795
2022-03-23,-40680.0,-50680.0,9950.0,-5.088442211055276
2022-03-23,-40750.0,-50750.0,9950.0,-5.0954773869346734
2022-03-27,-40780.0,-50780.0,9950.0,-5.098492462311558
2022-03-27,-40860.0,-50860.0,9950.0,-5.106532663316583
2022-03-27,-40920.0,-50920.0,9950.0,-5.112562814070352
2022-03-27,-40930.0,-50930.0,9950.0,-5.11356783919598
2022-03-27,-40970.0,-50970.0,9950.0,-5.117587939698493
2022-03-27,-41020.0,-51020.0,9950.0,-5.122613065326633
2022-03-27,-41100.0,-51100.0,9950.0,-5.130653266331659
2022-03-27,-41140.0,-51140.0,9950.0,-5.13467336683417
2022-03-27,-41220.0,-51220.0,9950.0,-5.142713567839196
2022-03-27,-41280.0,-51280.0,9950.0,-5.148743718592965
2022-03-30,-41330.0,-51330.0,9950.0,-5.153768844221106
2022-03-30,-41390.0,-51390.0,9950.0,-5.159798994974874
2022-03-30,-41430.0,-51430.0,9950.0,-5.163819095477387
2022-03-30,-41480.0,-51480.0,9950.0,-5.168844221105528
2022-03-30,-41520.0,-51520.0,9950.0,-5.17286432160804
2022-03-30,-41570.0,-51570.0,9950.0,-5.177889447236181
2022-03-30,-41630.0,-51630.0,9950.0,-5.1839195979899495
2022-03-30,-41680.0,-51680.0,9950.0,-5.18894472361809
2022-04-03,-41740.0,-51740.0,9950.0,-5.19497487437186
2022-04-03,-41800.0,-51800.0,9950.0,-5.201005025125628
2022-04-03,-41860.0,-51860.0,9950.0,-5.207035175879397
2022-04-03,-41890.0,-51890.0,9950.0,-5.210050251256281
2022-04-03,-41940.0,-51940.0,9950.0,-5.215075376884422
2022-04-03,-42020.0,-52020.0,9950.0,-5.223115577889447
2022-04-03,-42080.0,-52080.0,9950.0,-5.229145728643216
2022-04-03,-42110.0,-52110.0,9950.0,-5.232160804020101
2022-04-03,-42160.0,-52160.0,9950.0,-5.237185929648241
2022-04-03,-42220.0,-52220.0,9950.0,-5.24321608040201
2022-04-06,-42240.0,-52240.0,9950.0,-5.245226130653267
2022-04-06,-42260.0,-52260.0,9950.0,-5.2472361809045225
2022-04-06,-42340.0,-52340.0,9950.0,-5.255276381909548
2022-04-06,-42370.0,-52370.0,9950.0,-5.2582914572864325
2022-04-06,-42420.0,-52420.0,9950.0,-5.263316582914573
2022-04-06,-42430.0,-52430.0,9950.0,-5.264321608040201
2022-04-06,-42490.0,-52490.0,9950.0,-5.27035175879397
2022-04-06,-42570.0,-52570.0,9950.0,-5.278391959798995
2022-04-06,-42610.0,-52610.0,9950.0,-5.282412060301508
2022-04-10,-42670.0,-52670.0,9950.0,-5.288442211055276
2022-04-10,-42720.0,-52720.0,9950.0,-5.293467336683417
2022-04-10,-42770.0,-52770.0,9950.0,-5.2984924623115575
2022-04-10,-42830.0,-52830.0,9950.0,-5.304522613065327
2022-04-10,-42900.0,-52900.0,9950.0,-5.311557788944723
2022-04-10,-42960.0,-52960.0,9950.0,-5.317587939698493
2022-04-10,-43020.0,-53020.0,9950.0,-5.323618090452261
2022-04-10,-43060.0,-53060.0,9950.0,-5.327638190954774
2022-04-10,-43140.0,-53140.0,9950.0,-5.335678391959799
2022-04-10,-43180.0,-53180.0,9950.0,-5.339698492462311
2022-04-13,-43240.0,-53240.0,9950.0,-5.345728643216081
2022-04-13,-43300.0,-53300.0,9950.0,-5.351758793969849
2022-04-13,-43360.0,-53360.0,9950.0,-5.357788944723618
2022-04-13,-43410.0,-53410.0,9950.0,-5.362814070351758
2022-04-13,-43470.0,-53470.0,9950.0,-5.368844221105528
2022-04-13,-43520.0,-53520.0,9950.0,-5.3738693467336685
2022-04-13,-43590.0,-53590.0,9950.0,-5.380904522613065
2022-04-13,-43670.0,-53670.0,9950.0,-5.38894472361809
2022-04-13,-43750.0,-53750.0,9950.0,-5.396984924623116
2022-04-16,-43810.0,-53810.0,9950.0,-5.403015075376884
2022-04-16,-43870.0,-53870.0,9950.0,-5.409045226130654
2022-04-16,-43920.0,-53920.0,9950.0,-5.414070351758794
2022-04-16,-43970.0,-53970.0,9950.0,-5.419095477386935
2022-04-16,-44020.0,-54020.0,9950.0,-5.4241206030150755
2022-04-16,-44060.0,-54060.0,9950.0,-5.428140703517588
2022-04-16,-44110.0,-54110.0,9950.0,-5.433165829145729
2022-04-16,-44150.0,-54150.0,9950.0,-5.437185929648241
2022-04-16,-44200.0,-54200.0,9950.0,-5.442211055276382
2022-04-16,-44240.0,-54240.0,9950.0,-5.446231155778895
2022-04-20,-44290.0,-54290.0,9950.0,-5.451256281407035
2022-04-20,-44340.0,-54340.0,9950.0,-5.456281407035176
2022-04-20,-44390.0,-54390.0,9950.0,-5.461306532663317
2022-04-20,-44440.0,-54440.0,9950.0,-5.466331658291457
2022-04-20,-44490.0,-54490.0,9950.0,-5.471356783919598
2022-04-20,-44520.0,-54520.0,9950.0,-5.4743718592964825
2022-04-20,-44570.0,-54570.0,9950.0,-5.479396984924623
2022-04-20,-44610.0,-54610.0,9950.0,-5.483417085427136
2022-04-20,-44660.0,-54660.0,9950.0,-5.488442211055276
2022-04-24,-44720.0,-54720.0,9950.0,-5.494472361809045
2022-04-24,-44780.0,-54780.0,9950.0,-5.500502512562814
2022-04-24,-44850.0,-54850.0,9950.0,-5.507537688442211
2022-04-24,-44940.0,-54940.0,9950.0,-5.516582914572864
2022-04-24,-44970.0,-54970.0,9950.0,-5.519597989949749
2022-04-24,-45030.0,-55030.0,9950.0,-5.5256281407035175
2022-04-24,-45070.0,-55070.0,9950.0,-5.52964824120603
2022-04-24,-45120.0,-55120.0,9950.0,-5.534673366834171
2022-04-24,-45200.0,-55200.0,9950.0,-5.542713567839196
2022-04-24,-45230.0,-55230.0,9950.0,-5.545728643216081
2022-04-24,-45280.0,-55280.0,9950.0,-5.5507537688442214
2022-04-27,-45310.0,-55310.0,9950.0,-5.553768844221105
2022-04-27,-45350.0,-55350.0,9950.0,-5.557788944723618
2022-04-27,-45390.0,-55390.0,9950.0,-5.561809045226131
2022-04-27,-45450.0,-55450.0,9950.0,-5.567839195979899
2022-04-27,-45490.0,-55490.0,9950.0,-5.571859296482412
2022-04-27,-45550.0,-55550.0,9950.0,-5.577889447236181
2022-04-27,-45600.0,-55600.0,9950.0,-5.582914572864322
2022-04-27,-45640.0,-55640.0,9950.0,-5.586934673366835
2022-04-27,-45690.0,-55690.0,9950.0,-5.591959798994975
2022-05-01,-45720.0,-55720.0,9950.0,-5.594974874371859
2022-05-01,-45780.0,-55780.0,9950.0,-5.6010050251256285
2022-05-01,-45830.0,-55830.0,9950.0,-5.606030150753769
2022-05-01,-45890.0,-55890.0,9950.0,-5.612060301507538
2022-05-01,-45900.0,-55900.0,9950.0,-5.613065326633166
2022-05-01,-45930.0,-55930.0,9950.0,-5.61608040201005
2022-05-01,-45980.0,-55980.0,9950.0,-5.621105527638191
2022-05-01,-46040.0,-56040.0,9950.0,-5.6271356783919595
2022-05-01,-46100.0,-56100.0,9950.0,-5.633165829145729
2022-05-01,-46140.0,-56140.0,9950.0,-5.637185929648242
2022-05-01,-46210.0,-56210.0,9950.0,-5.644221105527638
2022-05-04,-46280.0,-56280.0,9950.0,-5.6512562814070355
2022-05-04,-46330.0,-56330.0,9950.0,-5.656281407035176
2022-05-04,-46370.0,-56370.0,9950.0,-5.660301507537689
2022-05-04,-46420.0,-56420.0,9950.0,-5.665326633165829
2022-05-04,-46450.0,-56450.0,9950.0,-5.668341708542713
2022-05-04,-46520.0,-56520.0,9950.0,-5.675376884422111
2022-05-04,-46570.0,-56570.0,9950.0,-5.680402010050251
2022-05-04,-46610.0,-56610.0,9950.0,-5.684422110552764
2022-05-04,-46640.0,-56640.0,9950.0,-5.687437185929649
2022-05-07,-46680.0,-56680.0,9950.0,-5.69145728643216
2022-05-07,-46700.0,-56700.0,9950.0,-5.693467336683417
2022-05-07,-46760.0,-56760.0,9950.0,-5.699497487437186
2022-05-07,-46790.0,-56790.0,9950.0,-5.7025125628140705
2022-05-07,-46830.0,-56830.0,9950.0,-5.706532663316583
2022-05-07,-46880.0,-56880.0,9950.0,-5.711557788944724
2022-05-07,-46940.0,-56940.0,9950.0,-5.717587939698492
2022-05-07,-46970.0,-56970.0,9950.0,-5.720603015075377
2022-05-07,-47010.0,-57010.0,9950.0,-5.72462311557789
2022-05-07,-47070.0,-57070.0,9950.0,-5.730653266331658
2022-05-11,-47120.0,-57120.0,9950.0,-5.735678391959799
2022-05-11,-47150.0,-57150.0,9950.0,-5.738693467336684
2022-05-11,-47200.0,-57200.0,9950.0,-5.743718592964824
2022-05-11,-47250.0,-57250.0,9950.0,-5.748743718592965
2022-05-11,-47320.0,-57320.0,9950.0,-5.755778894472362
2022-05-11,-47370.0,-57370.0,9950.0,-5.760804020100503
2022-05-11,-47430.0,-57430.0,9950.0,-5.766834170854271
2022-05-11,-47460.0,-57460.0,9950.0,-5.769849246231156
2022-05-11,-47500.0,-57500.0,9950.0,-5.773869346733668
2022-05-15,-47540.0,-57540.0,9950.0,-5.777889447236181
2022-05-15,-47600.0,-57600.0,9950.0,-5.78391959798995
2022-05-15,-47610.0,-57610.0,9950.0,-5.784924623115578
2022-05-15,-47620.0,-57620.0,9950.0,-5.785929648241206
2022-05-15,-47690.0,-57690.0,9950.0,-5.792964824120603
2022-05-15,-47730.0,-57730.0,9950.0,-5.796984924623116
2022-05-15,-47770.0,-57770.0,9950.0,-5.801005025125628
2022-05-15,-47820.0,-57820.0,9950.0,-5.806030150753769
2022-05-15,-47860.0,-57860.0,9950.0,-5.810050251256281
2022-05-15,-47910.0,-57910.0,9950.0,-5.8150753768844226
2022-05-18,-47970.0,-57970.0,9950.0,-5.821105527638191
2022-05-18,-48010.0,-58010.0,9950.0,-5.825125628140704
2022-05-18,-48060.0,-58060.0,9950.0,-5.830150753768844
2022-05-18,-48100.0,-58100.0,9950.0,-5.834170854271357
2022-05-18,-48150.0,-58150.0,9950.0,-5.839195979899498
2022-05-18,-48190.0,-58190.0,9950.0,-5.84321608040201
2022-05-18,-48230.0,-58230.0,9950.0,-5.847236180904523
2022-05-18,-48270.0,-58270.0,9950.0,-5.851256281407035
2022-05-18,-48330.0,-58330.0,9950.0,-5.857286432160804
2022-05-22,-48340.0,-58340.0,9950.0,-5.858291457286432
2022-05-22,-48390.0,-58390.0,9950.0,-5.863316582914573
2022-05-22,-48450.0,-58450.0,9950.0,-5.869346733668341
2022-05-22,-48510.0,-58510.0,9950.0,-5.875376884422111
2022-05-22,-48580.0,-58580.0,9950.0,-5.882412060301507
2022-05-22,-48650.0,-58650.0,9950.0,-5.889447236180905
2022-05-22,-48700.0,-58700.0,9950.0,-5.894472361809045
2022-05-22,-48740.0,-58740.0,9950.0,-5.898492462311558
2022-05-22,-48820.0,-58820.0,9950.0,-5.906532663316583
2022-05-22,-48850.0,-58850.0,9950.0,-5.909547738693467
2022-05-22,-48880.0,-58880.0,9950.0,-5.912562814070352
2022-05-25,-48900.0,-58900.0,9950.0,-5.914572864321608
2022-05-25,-48930.0,-58930.0,9950.0,-5.9175879396984925
2022-05-25,-48940.0,-58940.0,9950.0,-5.9185929648241205
2022-05-25,-48980.0,-58980.0,9950.0,-5.922613065326633
2022-05-25,-49040.0,-59040.0,9950.0,-5.928643216080402
2022-05-25,-49080.0,-59080.0,9950.0,-5.932663316582914
2022-05-25,-49130.0,-59130.0,9950.0,-5.937688442211055
2022-05-25,-49170.0,-59170.0,9950.0,-5.941708542713568
2022-05-25,-49210.0,-59210.0,9950.0,-5.94572864321608
2022-05-29,-49260.0,-59260.0,9950.0,-5.950753768844221
2022-05-29,-49310.0,-59310.0,9950.0,-5.9557788944723615
2022-05-29,-49380.0,-59380.0,9950.0,-5.962814070351759
2022-05-29,-49410.0,-59410.0,9950.0,-5.965829145728644
2022-05-29,-49470.0,-59470.0,9950.0,-5.971859296482412
2022-05-29,-49520.0,-59520.0,9950.0,-5.976884422110553
2022-05-29,-49580.0,-59580.0,9950.0,-5.982914572864321
2022-05-29,-49610.0,-59610.0,9950.0,-5.985929648241206
2022-05-29,-49660.0,-59660.0,9950.0,-5.990954773869347
2022-05-29,-49720.0,-59720.0,9950.0,-5.996984924623115
2022-06-01,-49760.0,-59760.0,9950.0,-6.001005025125628
2022-06-01,-49790.0,-59790.0,9950.0,-6.004020100502513
2022-06-01,-49830.0,-59830.0,9950.0,-6.008040201005025
2022-06-01,-49880.0,-59880.0,9950.0,-6.013065326633166
2022-06-01,-49930.0,-59930.0,9950.0,-6.018090452261307
2022-06-01,-49950.0,-59950.0,9950.0,-6.0201005025125625
2022-06-01,-50020.0,-60020.0,9950.0,-6.02713567839196
2022-06-01,-50070.0,-60070.0,9950.0,-6.0321608040201005
2022-06-01,-50110.0,-60110.0,9950.0,-6.036180904522613
2022-06-05,-50150.0,-60150.0,9950.0,-6.040201005025126
2022-06-05,-50180.0,-60180.0,9950.0,-6.04321608040201
2022-06-05,-50230.0,-60230.0,9950.0,-6.048241206030151
2022-06-05,-50280.0,-60280.0,9950.0,-6.053266331658292
2022-06-05,-50330.0,-60330.0,9950.0,-6.058291457286432
2022-06-05,-50360.0,-60360.0,9950.0,-6.061306532663316
2022-06-05,-50430.0,-60430.0,9950.0,-6.068341708542714
2022-06-05,-50470.0,-60470.0,9950.0,-6.072361809045226
2022-06-05,-50540.0,-60540.0,9950.0,-6.079396984924623
2022-06-05,-50610.0,-60610.0,9950.0,-6.08643216080402
2022-06-08,-50610.0,-60610.0,9950.0,-6.08643216080402
2022-06-08,-50630.0,-60630.0,9950.0,-6.088442211055276
2022-06-08,-50640.0,-60640.0,9950.0,-6.089447236180905
2022-06-08,-50670.0,-60670.0,9950.0,-6.092462311557789
2022-06-08,-50710.0,-60710.0,9950.0,-6.096482412060301
2022-06-08,-50740.0,-60740.0,9950.0,-6.099497487437186
2022-06-08,-50800.0,-60800.0,9950.0,-6.105527638190955
2022-06-08,-50830.0,-60830.0,9950.0,-6.108542713567839
2022-06-08,-50880.0,-60880.0,9950.0,-6.11356783919598
2022-06-12,-50920.0,-60920.0,9950.0,-6.117587939698493
2022-06-12,-50990.0,-60990.0,9950.0,-6.124623115577889
2022-06-12,-51020.0,-61020.0,9950.0,-6.127638190954774
2022-06-12,-51050.0,-61050.0,9950.0,-6.130653266331659
2022-06-12,-51100.0,-61100.0,9950.0,-6.135678391959799
2022-06-12,-51160.0,-61160.0,9950.0,-6.141708542713568
2022-06-12,-51220.0,-61220.0,9950.0,-6.147738693467336
2022-06-12,-51280.0,-61280.0,9950.0,-6.153768844221106
2022-06-12,-51310.0,-61310.0,9950.0,-6.15678391959799
2022-06-12,-51340.0,-61340.0,9950.0,-6.159798994974874
2022-06-12,-51390.0,-61390.0,9950.0,-6.164824120603015
2022-06-19,-51460.0,-61460.0,9950.0,-6.171859296482412
2022-06-19,-51520.0,-61520.0,9950.0,-6.177889447236181
2022-06-19,-51590.0,-61590.0,9950.0,-6.1849246231155774
2022-06-19,-51680.0,-61680.0,9950.0,-6.193969849246231
2022-06-19,-51730.0,-61730.0,9950.0,-6.198994974874372
2022-06-19,-51760.0,-61760.0,9950.0,-6.202010050251256
2022-06-19,-51830.0,-61830.0,9950.0,-6.2090452261306535
2022-06-19,-51850.0,-61850.0,9950.0,-6.211055276381909
2022-06-19,-51940.0,-61940.0,9950.0,-6.220100502512563
2022-06-19,-51980.0,-61980.0,9950.0,-6.224120603015075
2022-06-22,-52010.0,-62010.0,9950.0,-6.22713567839196
2022-06-22,-52060.0,-62060.0,9950.0,-6.232160804020101
2022-06-22,-52100.0,-62100.0,9950.0,-6.236180904522613
2022-06-22,-52150.0,-62150.0,9950.0,-6.241206030150754
2022-06-22,-52200.0,-62200.0,9950.0,-6.2462311557788945
2022-06-22,-52230.0,-62230.0,9950.0,-6.249246231155779
2022-06-22,-52280.0,-62280.0,9950.0,-6.25427135678392
2022-06-22,-52330.0,-62330.0,9950.0,-6.2592964824120605
2022-06-22,-52390.0,-62390.0,9950.0,-6.265326633165829
2022-06-25,-52450.0,-62450.0,9950.0,-6.271356783919598
2022-06-25,-52510.0,-62510.0,9950.0,-6.277386934673367
2022-06-25,-52550.0,-62550.0,9950.0,-6.28140703517588
2022-06-25,-52600.0,-62600.0,9950.0,-6.28643216080402
2022-06-25,-52660.0,-62660.0,9950.0,-6.292462311557789
2022-06-25,-52730.0,-62730.0,9950.0,-6.299497487437186
2022-06-25,-52790.0,-62790.0,9950.0,-6.305527638190955
2022-06-25,-52830.0,-62830.0,9950.0,-6.3095477386934675
2022-06-25,-52890.0,-62890.0,9950.0,-6.315577889447236
2022-06-25,-52920.0,-62920.0,9950.0,-6.318592964824121
2022-07-06,-52970.0,-62970.0,9950.0,-6.323618090452261
2022-07-06,-53000.0,-63000.0,9950.0,-6.326633165829146
2022-07-06,-53030.0,-63030.0,9950.0,-6.32964824120603
2022-07-06,-53070.0,-63070.0,9950.0,-6.333668341708543
2022-07-06,-53110.0,-63110.0,9950.0,-6.337688442211055
2022-07-06,-53170.0,-63170.0,9950.0,-6.343718592964824
2022-07-06,-53230.0,-63230.0,9950.0,-6.349748743718593
2022-07-06,-53250.0,-63250.0,9950.0,-6.351758793969849
2022-07-06,-53280.0,-63280.0,9950.0,-6.354773869346734
2022-07-10,-53310.0,-63310.0,9950.0,-6.357788944723618
2022-07-10,-53370.0,-63370.0,9950.0,-6.363819095477387
2022-07-10,-53420.0,-63420.0,9950.0,-6.368844221105528
2022-07-10,-53480.0,-63480.0,9950.0,-6.374874371859296
2022-07-10,-53530.0,-63530.0,9950.0,-6.379899497487437
2022-07-10,-53570.0,-63570.0,9950.0,-6.38391959798995
2022-07-10,-53610.0,-63610.0,9950.0,-6.387939698492462
2022-07-10,-53680.0,-63680.0,9950.0,-6.394974874371859
2022-07-10,-53740.0,-63740.0,9950.0,-6.401005025125628
2022-07-10,-53770.0,-63770.0,9950.0,-6.404020100502512
2022-07-13,-53830.0,-63830.0,9950.0,-6.410050251256282
2022-07-13,-53870.0,-63870.0,9950.0,-6.414070351758794
2022-07-13,-53930.0,-63930.0,9950.0,-6.420100502512563
2022-07-13,-53970.0,-63970.0,9950.0,-6.4241206030150755
2022-07-13,-54010.0,-64010.0,9950.0,-6.428140703517588
2022-07-13,-54080.0,-64080.0,9950.0,-6.435175879396985
2022-07-13,-54100.0,-64100.0,9950.0,-6.437185929648241
2022-07-13,-54150.0,-64150.0,9950.0,-6.442211055276382
2022-07-13,-54190.0,-64190.0,9950.0,-6.446231155778895
2022-09-11,-54240.0,-64240.0,9950.0,-6.451256281407035
2022-09-11,-54310.0,-64310.0,9950.0,-6.458291457286432
2022-09-11,-54360.0,-64360.0,9950.0,-6.4633165829145725
2022-09-11,-54440.0,-64440.0,9950.0,-6.471356783919598
2022-09-11,-54480.0,-64480.0,9950.0,-6.4753768844221105
2022-09-11,-54520.0,-64520.0,9950.0,-6.479396984924623
2022-09-11,-54610.0,-64610.0,9950.0,-6.488442211055276
2022-09-11,-54670.0,-64670.0,9950.0,-6.494472361809045
2022-09-11,-54730.0,-64730.0,9950.0,-6.500502512562814
2022-09-11,-54760.0,-64760.0,9950.0,-6.503517587939698
2022-09-14,-54790.0,-64790.0,9950.0,-6.506532663316583
2022-09-14,-54830.0,-64830.0,9950.0,-6.510552763819096
2022-09-14,-54860.0,-64860.0,9950.0,-6.5135678391959795
2022-09-14,-54910.0,-64910.0,9950.0,-6.518592964824121
2022-09-14,-54940.0,-64940.0,9950.0,-6.521608040201005
2022-09-14,-54990.0,-64990.0,9950.0,-6.526633165829145
2022-09-14,-55040.0,-65040.0,9950.0,-6.531658291457286
2022-09-14,-55090.0,-65090.0,9950.0,-6.5366834170854275
2022-09-18,-55110.0,-65110.0,9950.0,-6.538693467336683
2022-09-18,-55150.0,-65150.0,9950.0,-6.542713567839196
2022-09-18,-55210.0,-65210.0,9950.0,-6.548743718592965
2022-09-18,-55240.0,-65240.0,9950.0,-6.551758793969849
2022-09-18,-55310.0,-65310.0,9950.0,-6.558793969849246
2022-09-18,-55380.0,-65380.0,9950.0,-6.565829145728643
2022-09-18,-55430.0,-65430.0,9950.0,-6.570854271356784
2022-09-18,-55470.0,-65470.0,9950.0,-6.574874371859297
2022-09-18,-55520.0,-65520.0,9950.0,-6.579899497487437
2022-09-18,-55560.0,-65560.0,9950.0,-6.58391959798995
2022-09-21,-55570.0,-65570.0,9950.0,-6.584924623115578
2022-09-21,-55580.0,-65580.0,9950.0,-6.585929648241206
2022-09-21,-55620.0,-65620.0,9950.0,-6.589949748743718
2022-09-21,-55660.0,-65660.0,9950.0,-6.593969849246231
2022-09-21,-55690.0,-65690.0,9950.0,-6.596984924623116
2022-09-21,-55730.0,-65730.0,9950.0,-6.6010050251256285
2022-09-21,-55740.0,-65740.0,9950.0,-6.602010050251256
2022-09-21,-55770.0,-65770.0,9950.0,-6.605025125628141
2022-09-25,-55820.0,-65820.0,9950.0,-6.610050251256282
2022-09-25,-55860.0,-65860.0,9950.0,-6.6140703517587935
2022-09-25,-55920.0,-65920.0,9950.0,-6.620100502512563
2022-09-25,-55940.0,-65940.0,9950.0,-6.622110552763819
2022-09-25,-55990.0,-65990.0,9950.0,-6.6271356783919595
2022-09-25,-56030.0,-66030.0,9950.0,-6.631155778894472
2022-09-25,-56100.0,-66100.0,9950.0,-6.63819095477387
2022-09-25,-56160.0,-66160.0,9950.0,-6.644221105527638
2022-09-25,-56240.0,-66240.0,9950.0,-6.6522613065326635
2022-09-25,-56280.0,-66280.0,9950.0,-6.656281407035176
2022-09-28,-56320.0,-66320.0,9950.0,-6.660301507537689
2022-09-28,-56340.0,-66340.0,9950.0,-6.662311557788945
2022-09-28,-56360.0,-66360.0,9950.0,-6.664321608040201
2022-09-28,-56410.0,-66410.0,9950.0,-6.669346733668342
2022-09-28,-56460.0,-66460.0,9950.0,-6.674371859296483
2022-09-28,-56490.0,-66490.0,9950.0,-6.6773869346733665
2022-09-28,-56520.0,-66520.0,9950.0,-6.680402010050251
2022-09-28,-56570.0,-66570.0,9950.0,-6.685427135678392
2022-10-01,-56610.0,-66610.0,9950.0,-6.6894472361809045
2022-10-01,-56680.0,-66680.0,9950.0,-6.696482412060302
2022-10-01,-56730.0,-66730.0,9950.0,-6.7015075376884425
2022-10-01,-56760.0,-66760.0,9950.0,-6.704522613065326
2022-10-01,-56810.0,-66810.0,9950.0,-6.709547738693467
2022-10-01,-56870.0,-66870.0,9950.0,-6.715577889447236
2022-10-01,-56910.0,-66910.0,9950.0,-6.719597989949749
2022-10-01,-56930.0,-66930.0,9950.0,-6.721608040201005
2022-10-01,-56960.0,-66960.0,9950.0,-6.72462311557789
2022-10-01,-57010.0,-67010.0,9950.0,-6.72964824120603
2022-10-05,-57020.0,-67020.0,9950.0,-6.730653266331658
2022-10-05,-57070.0,-67070.0,9950.0,-6.735678391959799
2022-10-05,-57090.0,-67090.0,9950.0,-6.737688442211056
2022-10-05,-57140.0,-67140.0,9950.0,-6.742713567839196
2022-10-05,-57190.0,-67190.0,9950.0,-6.747738693467337
2022-10-05,-57210.0,-67210.0,9950.0,-6.749748743718593
2022-10-05,-57250.0,-67250.0,9950.0,-6.7537688442211055
2022-10-05,-57280.0,-67280.0,9950.0,-6.75678391959799
2022-10-05,-57320.0,-67320.0,9950.0,-6.760804020100503
2022-10-09,-57370.0,-67370.0,9950.0,-6.7658291457286435
2022-10-09,-57440.0,-67440.0,9950.0,-6.77286432160804
2022-10-09,-57480.0,-67480.0,9950.0,-6.776884422110553
2022-10-09,-57510.0,-67510.0,9950.0,-6.779899497487437
2022-10-09,-57570.0,-67570.0,9950.0,-6.785929648241206
2022-10-09,-57640.0,-67640.0,9950.0,-6.792964824120603
2022-10-09,-57700.0,-67700.0,9950.0,-6.798994974874372
2022-10-09,-57750.0,-67750.0,9950.0,-6.8040201005025125
2022-10-09,-57810.0,-67810.0,9950.0,-6.810050251256281
2022-10-09,-57870.0,-67870.0,9950.0,-6.8160804020100505
2022-10-12,-57920.0,-67920.0,9950.0,-6.821105527638191
2022-10-12,-57960.0,-67960.0,9950.0,-6.825125628140704
2022-10-12,-57990.0,-67990.0,9950.0,-6.828140703517588
2022-10-12,-58020.0,-68020.0,9950.0,-6.831155778894472
2022-10-12,-58040.0,-68040.0,9950.0,-6.833165829145728
2022-10-12,-58090.0,-68090.0,9950.0,-6.83819095477387
2022-10-12,-58110.0,-68110.0,9950.0,-6.840201005025126
2022-10-12,-58160.0,-68160.0,9950.0,-6.845226130653266
2022-10-12,-58200.0,-68200.0,9950.0,-6.849246231155779
2022-10-16,-58220.0,-68220.0,9950.0,-6.851256281407035
2022-10-16,-58300.0,-68300.0,9950.0,-6.85929648241206
2022-10-16,-58350.0,-68350.0,9950.0,-6.864321608040201
2022-10-16,-58380.0,-68380.0,9950.0,-6.8673366834170855
2022-10-16,-58440.0,-68440.0,9950.0,-6.873366834170854
2022-10-16,-58500.0,-68500.0,9950.0,-6.8793969849246235
2022-10-16,-58580.0,-68580.0,9950.0,-6.887437185929648
2022-10-16,-58650.0,-68650.0,9950.0,-6.894472361809045
2022-10-16,-58720.0,-68720.0,9950.0,-6.901507537688442
2022-10-16,-58770.0,-68770.0,9950.0,-6.906532663316583
2022-10-19,-58800.0,-68800.0,9950.0,-6.909547738693467
2022-10-19,-58860.0,-68860.0,9950.0,-6.915577889447237
2022-10-19,-58910.0,-68910.0,9950.0,-6.920603015075377
2022-10-19,-58950.0,-68950.0,9950.0,-6.924623115577889
2022-10-19,-59000.0,-69000.0,9950.0,-6.9296482412060305
2022-10-19,-59050.0,-69050.0,9950.0,-6.934673366834171
2022-10-19,-59100.0,-69100.0,9950.0,-6.939698492462312
2022-10-19,-59150.0,-69150.0,9950.0,-6.944723618090452
2022-10-23,-59210.0,-69210.0,9950.0,-6.950753768844221
2022-10-23,-59270.0,-69270.0,9950.0,-6.95678391959799
2022-10-23,-59330.0,-69330.0,9950.0,-6.962814070351759
2022-10-23,-59400.0,-69400.0,9950.0,-6.969849246231155
2022-10-23,-59430.0,-69430.0,9950.0,-6.97286432160804
2022-10-23,-59470.0,-69470.0,9950.0,-6.976884422110553
2022-10-23,-59510.0,-69510.0,9950.0,-6.9809045226130655
2022-10-23,-59550.0,-69550.0,9950.0,-6.984924623115578
2022-10-23,-59610.0,-69610.0,9950.0,-6.990954773869347
2022-10-23,-59700.0,-69700.0,9950.0,-7.0
2022-10-26,-59750.0,-69750.0,9950.0,-7.005025125628141
2022-10-26,-59810.0,-69810.0,9950.0,-7.011055276381909
2022-10-26,-59830.0,-69830.0,9950.0,-7.013065326633166
2022-10-26,-59870.0,-69870.0,9950.0,-7.017085427135679
2022-10-26,-59910.0,-69910.0,9950.0,-7.021105527638191
2022-10-26,-59960.0,-69960.0,9950.0,-7.026130653266332
2022-10-26,-60010.0,-70010.0,9950.0,-7.0311557788944725
2022-10-26,-60060.0,-70060.0,9950.0,-7.036180904522613
2022-10-26,-60120.0,-70120.0,9950.0,-7.042211055276382
2022-10-30,-60150.0,-70150.0,9950.0,-7.045226130653266
2022-10-30,-60190.0,-70190.0,9950.0,-7.049246231155779
2022-10-30,-60240.0,-70240.0,9950.0,-7.05427135678392
2022-10-30,-60270.0,-70270.0,9950.0,-7.057286432160804
2022-10-30,-60310.0,-70310.0,9950.0,-7.061306532663316
2022-10-30,-60360.0,-70360.0,9950.0,-7.066331658291458
2022-10-30,-60410.0,-70410.0,9950.0,-7.071356783919598
2022-10-30,-60440.0,-70440.0,9950.0,-7.074371859296482
2022-10-30,-60480.0,-70480.0,9950.0,-7.078391959798995
2022-10-30,-60530.0,-70530.0,9950.0,-7.083417085427135
2022-11-06,-60590.0,-70590.0,9950.0,-7.089447236180905
2022-11-06,-60660.0,-70660.0,9950.0,-7.096482412060301
2022-11-06,-60710.0,-70710.0,9950.0,-7.101507537688442
2022-11-06,-60770.0,-70770.0,9950.0,-7.1075376884422115
2022-11-06,-60810.0,-70810.0,9950.0,-7.111557788944723
2022-11-06,-60870.0,-70870.0,9950.0,-7.117587939698493
2022-11-06,-60930.0,-70930.0,9950.0,-7.123618090452261
2022-11-06,-60960.0,-70960.0,9950.0,-7.126633165829146
2022-11-06,-61010.0,-71010.0,9950.0,-7.131658291457287
2022-11-06,-61080.0,-71080.0,9950.0,-7.138693467336683
2022-11-09,-61120.0,-71120.0,9950.0,-7.142713567839196
2022-11-09,-61170.0,-71170.0,9950.0,-7.147738693467336
2022-11-09,-61220.0,-71220.0,9950.0,-7.152763819095477
2022-11-09,-61280.0,-71280.0,9950.0,-7.158793969849246
2022-11-09,-61330.0,-71330.0,9950.0,-7.163819095477387
2022-11-09,-61380.0,-71380.0,9950.0,-7.168844221105528
2022-11-09,-61430.0,-71430.0,9950.0,-7.173869346733668
2022-11-09,-61500.0,-71500.0,9950.0,-7.180904522613066
2022-11-09,-61550.0,-71550.0,9950.0,-7.185929648241206
2022-11-12,-61630.0,-71630.0,9950.0,-7.193969849246231
2022-11-12,-61700.0,-71700.0,9950.0,-7.201005025125628
2022-11-12,-61750.0,-71750.0,9950.0,-7.206030150753769
2022-11-12,-61820.0,-71820.0,9950.0,-7.213065326633166
2022-11-12,-61870.0,-71870.0,9950.0,-7.218090452261307
2022-11-12,-61940.0,-71940.0,9950.0,-7.225125628140703
2022-11-12,-62000.0,-72000.0,9950.0,-7.231155778894473
2022-11-12,-62040.0,-72040.0,9950.0,-7.235175879396985
2022-11-12,-62100.0,-72100.0,9950.0,-7.241206030150754
2022-11-12,-62170.0,-72170.0,9950.0,-7.24824120603015
2022-11-16,-62220.0,-72220.0,9950.0,-7.253266331658291
2022-11-16,-62280.0,-72280.0,9950.0,-7.2592964824120605
2022-11-16,-62320.0,-72320.0,9950.0,-7.263316582914573
2022-11-16,-62370.0,-72370.0,9950.0,-7.268341708542714
2022-11-16,-62420.0,-72420.0,9950.0,-7.273366834170854
2022-11-16,-62470.0,-72470.0,9950.0,-7.278391959798995
2022-11-16,-62540.0,-72540.0,9950.0,-7.285427135678392
2022-11-16,-62590.0,-72590.0,9950.0,-7.290452261306533
2022-11-16,-62660.0,-72660.0,9950.0,-7.2974874371859295
2022-11-20,-62720.0,-72720.0,9950.0,-7.303517587939698
2022-11-20,-62770.0,-72770.0,9950.0,-7.30854271356784
2022-11-20,-62830.0,-72830.0,9950.0,-7.314572864321608
2022-11-20,-62880.0,-72880.0,9950.0,-7.319597989949749
2022-11-20,-62950.0,-72950.0,9950.0,-7.326633165829146
2022-11-20,-63020.0,-73020.0,9950.0,-7.333668341708543
2022-11-20,-63080.0,-73080.0,9950.0,-7.339698492462311
2022-11-20,-63110.0,-73110.0,9950.0,-7.342713567839196
2022-11-20,-63150.0,-73150.0,9950.0,-7.346733668341709
2022-11-20,-63190.0,-73190.0,9950.0,-7.350753768844221
2022-11-23,-63240.0,-73240.0,9950.0,-7.355778894472362
2022-11-23,-63290.0,-73290.0,9950.0,-7.3608040201005025
2022-11-23,-63340.0,-73340.0,9950.0,-7.365829145728643
2022-11-23,-63390.0,-73390.0,9950.0,-7.370854271356784
2022-11-23,-63440.0,-73440.0,9950.0,-7.375879396984924
2022-11-23,-63480.0,-73480.0,9950.0,-7.379899497487437
2022-11-23,-63520.0,-73520.0,9950.0,-7.38391959798995
2022-11-23,-63570.0,-73570.0,9950.0,-7.38894472361809
2022-11-27,-63630.0,-73630.0,9950.0,-7.394974874371859
2022-11-27,-63700.0,-73700.0,9950.0,-7.402010050251256
2022-11-27,-63750.0,-73750.0,9950.0,-7.407035175879397
2022-11-27,-63810.0,-73810.0,9950.0,-7.413065326633165
2022-11-27,-63890.0,-73890.0,9950.0,-7.421105527638191
2022-11-27,-63940.0,-73940.0,9950.0,-7.426130653266331
2022-11-27,-64000.0,-74000.0,9950.0,-7.432160804020101
2022-11-27,-64020.0,-74020.0,9950.0,-7.434170854271357
2022-11-27,-64100.0,-74100.0,9950.0,-7.442211055276382
2022-11-27,-64150.0,-74150.0,9950.0,-7.447236180904523
2022-11-30,-64210.0,-74210.0,9950.0,-7.453266331658291
2022-11-30,-64250.0,-74250.0,9950.0,-7.457286432160804
2022-11-30,-64300.0,-74300.0,9950.0,-7.4623115577889445
2022-11-30,-64340.0,-74340.0,9950.0,-7.466331658291457
2022-11-30,-64410.0,-74410.0,9950.0,-7.473366834170855
2022-11-30,-64450.0,-74450.0,9950.0,-7.477386934673367
2022-11-30,-64500.0,-74500.0,9950.0,-7.482412060301508
2022-11-30,-64550.0,-74550.0,9950.0,-7.4874371859296485
2022-12-04,-64600.0,-74600.0,9950.0,-7.492462311557789
2022-12-04,-64660.0,-74660.0,9950.0,-7.498492462311558
2022-12-04,-64720.0,-74720.0,9950.0,-7.504522613065326
2022-12-04,-64790.0,-74790.0,9950.0,-7.511557788944724
2022-12-04,-64860.0,-74860.0,9950.0,-7.518592964824121
2022-12-04,-64930.0,-74930.0,9950.0,-7.5256281407035175
2022-12-04,-65000.0,-75000.0,9950.0,-7.532663316582915
2022-12-04,-65090.0,-75090.0,9950.0,-7.541708542713568
2022-12-04,-65170.0,-75170.0,9950.0,-7.549748743718593
2022-12-04,-65230.0,-75230.0,9950.0,-7.555778894472362
2022-12-07,-65280.0,-75280.0,9950.0,-7.560804020100503
2022-12-07,-65330.0,-75330.0,9950.0,-7.565829145728643
2022-12-07,-65360.0,-75360.0,9950.0,-7.568844221105528
2022-12-07,-65420.0,-75420.0,9950.0,-7.574874371859297
2022-12-07,-65480.0,-75480.0,9950.0,-7.580904522613065
2022-12-07,-65540.0,-75540.0,9950.0,-7.586934673366835
2022-12-07,-65580.0,-75580.0,9950.0,-7.590954773869346
2022-12-07,-65620.0,-75620.0,9950.0,-7.594974874371859
2022-12-07,-65670.0,-75670.0,9950.0,-7.6
2022-12-11,-65740.0,-75740.0,9950.0,-7.607035175879397
2022-12-11,-65800.0,-75800.0,9950.0,-7.613065326633166
2022-12-11,-65890.0,-75890.0,9950.0,-7.622110552763819
2022-12-11,-65990.0,-75990.0,9950.0,-7.6321608040201
2022-12-11,-66050.0,-76050.0,9950.0,-7.63819095477387
2022-12-11,-66120.0,-76120.0,9950.0,-7.645226130653266
2022-12-11,-66200.0,-76200.0,9950.0,-7.653266331658291
2022-12-11,-66240.0,-76240.0,9950.0,-7.657286432160804
2022-12-11,-66310.0,-76310.0,9950.0,-7.664321608040201
2022-12-11,-66390.0,-76390.0,9950.0,-7.672361809045226
2022-12-14,-66440.0,-76440.0,9950.0,-7.6773869346733665
2022-12-14,-66490.0,-76490.0,9950.0,-7.682412060301507
2022-12-14,-66550.0,-76550.0,9950.0,-7.688442211055277
2022-12-14,-66610.0,-76610.0,9950.0,-7.694472361809045
2022-12-14,-66660.0,-76660.0,9950.0,-7.699497487437186
2022-12-14,-66720.0,-76720.0,9950.0,-7.705527638190955
2022-12-14,-66760.0,-76760.0,9950.0,-7.709547738693467
2022-12-14,-66820.0,-76820.0,9950.0,-7.715577889447236
2022-12-14,-66880.0,-76880.0,9950.0,-7.721608040201005
2022-12-18,-66960.0,-76960.0,9950.0,-7.72964824120603
2022-12-18,-67040.0,-77040.0,9950.0,-7.737688442211056
2022-12-18,-67100.0,-77100.0,9950.0,-7.743718592964824
2022-12-18,-67180.0,-77180.0,9950.0,-7.75175879396985
2022-12-18,-67250.0,-77250.0,9950.0,-7.758793969849246
2022-12-18,-67330.0,-77330.0,9950.0,-7.766834170854271
2022-12-18,-67390.0,-77390.0,9950.0,-7.77286432160804
2022-12-18,-67430.0,-77430.0,9950.0,-7.776884422110553
2022-12-18,-67480.0,-77480.0,9950.0,-7.781909547738693
2022-12-18,-67540.0,-77540.0,9950.0,-7.787939698492463
2022-12-21,-67590.0,-77590.0,9950.0,-7.792964824120603
2022-12-21,-67640.0,-77640.0,9950.0,-7.797989949748744
2022-12-21,-67700.0,-77700.0,9950.0,-7.8040201005025125
2022-12-21,-67760.0,-77760.0,9950.0,-7.810050251256281
2022-12-21,-67830.0,-77830.0,9950.0,-7.817085427135678
2022-12-21,-67880.0,-77880.0,9950.0,-7.822110552763819
2022-12-21,-67930.0,-77930.0,9950.0,-7.82713567839196
2022-12-21,-67980.0,-77980.0,9950.0,-7.8321608040201
2022-12-21,-68040.0,-78040.0,9950.0,-7.83819095477387
2022-12-24,-68130.0,-78130.0,9950.0,-7.847236180904523
2022-12-24,-68180.0,-78180.0,9950.0,-7.852261306532664
2022-12-24,-68270.0,-78270.0,9950.0,-7.861306532663317
2022-12-24,-68330.0,-78330.0,9950.0,-7.8673366834170855
2022-12-28,-68390.0,-78390.0,9950.0,-7.873366834170854
2022-12-28,-68410.0,-78410.0,9950.0,-7.875376884422111
2022-12-28,-68460.0,-78460.0,9950.0,-7.880402010050251
2022-12-28,-68530.0,-78530.0,9950.0,-7.887437185929648
2022-12-28,-68590.0,-78590.0,9950.0,-7.893467336683417
2022-12-28,-68640.0,-78640.0,9950.0,-7.898492462311558
2022-12-28,-68690.0,-78690.0,9950.0,-7.903517587939699
2022-12-28,-68740.0,-78740.0,9950.0,-7.908542713567839
2022-12-28,-68790.0,-78790.0,9950.0,-7.91356783919598
2023-01-01,-68870.0,-78870.0,9950.0,-7.921608040201005
2023-01-01,-68930.0,-78930.0,9950.0,-7.927638190954774
2023-01-01,-69010.0,-79010.0,9950.0,-7.935678391959799
2023-01-01,-69070.0,-79070.0,9950.0,-7.941708542713568
2023-01-01,-69110.0,-79110.0,9950.0,-7.94572864321608
2023-01-01,-69170.0,-79170.0,9950.0,-7.951758793969849
2023-01-01,-69230.0,-79230.0,9950.0,-7.957788944723618
2023-01-01,-69300.0,-79300.0,9950.0,-7.964824120603015
2023-01-01,-69320.0,-79320.0,9950.0,-7.966834170854272
2023-01-01,-69330.0,-79330.0,9950.0,-7.9678391959798995
2023-01-01,-69370.0,-79370.0,9950.0,-7.971859296482412
2023-01-04,-69410.0,-79410.0,9950.0,-7.975879396984925
2023-01-04,-69470.0,-79470.0,9950.0,-7.981909547738693
2023-01-04,-69510.0,-79510.0,9950.0,-7.985929648241206
2023-01-04,-69540.0,-79540.0,9950.0,-7.988944723618091
2023-01-04,-69600.0,-79600.0,9950.0,-7.994974874371859
2023-01-04,-69640.0,-79640.0,9950.0,-7.998994974874372
2023-01-04,-69690.0,-79690.0,9950.0,-8.004020100502512
2023-01-04,-69740.0,-79740.0,9950.0,-8.009045226130652
2023-01-04,-69790.0,-79790.0,9950.0,-8.014070351758795
2023-01-08,-69830.0,-79830.0,9950.0,-8.018090452261307
2023-01-08,-69910.0,-79910.0,9950.0,-8.026130653266332
2023-01-08,-69980.0,-79980.0,9950.0,-8.033165829145728
2023-01-08,-70050.0,-80050.0,9950.0,-8.040201005025125
2023-01-08,-70090.0,-80090.0,9950.0,-8.044221105527638
2023-01-08,-70150.0,-80150.0,9950.0,-8.050251256281408
2023-01-08,-70230.0,-80230.0,9950.0,-8.058291457286431
2023-01-08,-70290.0,-80290.0,9950.0,-8.064321608040201
2023-01-08,-70350.0,-80350.0,9950.0,-8.07035175879397
2023-01-08,-70400.0,-80400.0,9950.0,-8.075376884422111
2023-01-08,-70450.0,-80450.0,9950.0,-8.080402010050252
2023-01-11,-70500.0,-80500.0,9950.0,-8.085427135678392
2023-01-11,-70550.0,-80550.0,9950.0,-8.090452261306533
2023-01-11,-70590.0,-80590.0,9950.0,-8.094472361809045
2023-01-11,-70630.0,-80630.0,9950.0,-8.098492462311558
2023-01-11,-70680.0,-80680.0,9950.0,-8.103517587939699
2023-01-11,-70710.0,-80710.0,9950.0,-8.106532663316584
2023-01-11,-70750.0,-80750.0,9950.0,-8.110552763819095
2023-01-11,-70780.0,-80780.0,9950.0,-8.11356783919598
2023-01-11,-70830.0,-80830.0,9950.0,-8.11859296482412
2023-01-15,-70880.0,-80880.0,9950.0,-8.123618090452261
2023-01-15,-70950.0,-80950.0,9950.0,-8.130653266331658
2023-01-15,-71010.0,-81010.0,9950.0,-8.136683417085427
2023-01-15,-71090.0,-81090.0,9950.0,-8.144723618090453
2023-01-15,-71170.0,-81170.0,9950.0,-8.152763819095478
2023-01-15,-71230.0,-81230.0,9950.0,-8.158793969849246
2023-01-15,-71290.0,-81290.0,9950.0,-8.164824120603015
2023-01-15,-71350.0,-81350.0,9950.0,-8.170854271356784
2023-01-15,-71430.0,-81430.0,9950.0,-8.17889447236181
2023-01-15,-71500.0,-81500.0,9950.0,-8.185929648241206
2023-01-18,-71550.0,-81550.0,9950.0,-8.190954773869347
2023-01-18,-71590.0,-81590.0,9950.0,-8.194974874371859
2023-01-18,-71640.0,-81640.0,9950.0,-8.2
2023-01-18,-71680.0,-81680.0,9950.0,-8.204020100502513
2023-01-18,-71750.0,-81750.0,9950.0,-8.21105527638191
2023-01-18,-71810.0,-81810.0,9950.0,-8.217085427135679
2023-01-18,-71860.0,-81860.0,9950.0,-8.22211055276382
2023-01-18,-71920.0,-81920.0,9950.0,-8.228140703517587
2023-01-21,-71950.0,-81950.0,9950.0,-8.231155778894472
2023-01-21,-72030.0,-82030.0,9950.0,-8.239195979899497
2023-01-21,-72080.0,-82080.0,9950.0,-8.244221105527638
2023-01-21,-72110.0,-82110.0,9950.0,-8.247236180904522
2023-01-21,-72180.0,-82180.0,9950.0,-8.254271356783919
2023-01-21,-72220.0,-82220.0,9950.0,-8.258291457286433
2023-01-21,-72280.0,-82280.0,9950.0,-8.2643216080402
2023-01-21,-72350.0,-82350.0,9950.0,-8.271356783919598
2023-01-21,-72400.0,-82400.0,9950.0,-8.27638190954774
2023-01-21,-72460.0,-82460.0,9950.0,-8.282412060301507
2023-01-29,-72520.0,-82520.0,9950.0,-8.288442211055276
2023-01-29,-72570.0,-82570.0,9950.0,-8.293467336683417
2023-01-29,-72650.0,-82650.0,9950.0,-8.301507537688442
2023-01-29,-72670.0,-82670.0,9950.0,-8.303517587939698
2023-01-29,-72730.0,-82730.0,9950.0,-8.309547738693468
2023-01-29,-72780.0,-82780.0,9950.0,-8.314572864321608
2023-01-29,-72840.0,-82840.0,9950.0,-8.320603015075378
2023-01-29,-72880.0,-82880.0,9950.0,-8.32462311557789
2023-01-29,-72930.0,-82930.0,9950.0,-8.32964824120603
2023-01-29,-73000.0,-83000.0,9950.0,-8.336683417085426
2023-02-01,-73030.0,-83030.0,9950.0,-8.339698492462311
2023-02-01,-73070.0,-83070.0,9950.0,-8.343718592964825
2023-02-01,-73100.0,-83100.0,9950.0,-8.346733668341708
2023-02-01,-73140.0,-83140.0,9950.0,-8.350753768844221
2023-02-01,-73190.0,-83190.0,9950.0,-8.355778894472362
2023-02-01,-73240.0,-83240.0,9950.0,-8.360804020100502
2023-02-01,-73280.0,-83280.0,9950.0,-8.364824120603014
2023-02-01,-73310.0,-83310.0,9950.0,-8.367839195979899
2023-02-01,-73360.0,-83360.0,9950.0,-8.37286432160804
2023-02-05,-73420.0,-83420.0,9950.0,-8.378894472361809
2023-02-05,-73490.0,-83490.0,9950.0,-8.385929648241206
2023-02-05,-73550.0,-83550.0,9950.0,-8.391959798994975
2023-02-05,-73630.0,-83630.0,9950.0,-8.4
2023-02-05,-73680.0,-83680.0,9950.0,-8.405025125628141
2023-02-05,-73750.0,-83750.0,9950.0,-8.412060301507537
2023-02-05,-73830.0,-83830.0,9950.0,-8.420100502512563
2023-02-05,-73850.0,-83850.0,9950.0,-8.422110552763819
2023-02-05,-73890.0,-83890.0,9950.0,-8.426130653266332
2023-02-05,-73940.0,-83940.0,9950.0,-8.431155778894473
2023-02-08,-73990.0,-83990.0,9950.0,-8.436180904522613
2023-02-08,-74080.0,-84080.0,9950.0,-8.445226130653266
2023-02-08,-74140.0,-84140.0,9950.0,-8.451256281407035
2023-02-08,-74190.0,-84190.0,9950.0,-8.456281407035176
2023-02-08,-74230.0,-84230.0,9950.0,-8.460301507537688
2023-02-08,-74260.0,-84260.0,9950.0,-8.463316582914572
2023-02-08,-74310.0,-84310.0,9950.0,-8.468341708542713
2023-02-08,-74370.0,-84370.0,9950.0,-8.474371859296483
2023-02-08,-74430.0,-84430.0,9950.0,-8.480402010050252
2023-02-12,-74490.0,-84490.0,9950.0,-8.48643216080402
2023-02-12,-74560.0,-84560.0,9950.0,-8.493467336683418
2023-02-12,-74610.0,-84610.0,9950.0,-8.498492462311559
2023-02-12,-74640.0,-84640.0,9950.0,-8.501507537688441
2023-02-12,-74700.0,-84700.0,9950.0,-8.507537688442211
2023-02-12,-74750.0,-84750.0,9950.0,-8.512562814070352
2023-02-12,-74810.0,-84810.0,9950.0,-8.518592964824121
2023-02-12,-74850.0,-84850.0,9950.0,-8.522613065326633
2023-02-12,-74890.0,-84890.0,9950.0,-8.526633165829146
2023-02-12,-74960.0,-84960.0,9950.0,-8.533668341708543
2023-02-15,-75020.0,-85020.0,9950.0,-8.539698492462312
2023-02-15,-75060.0,-85060.0,9950.0,-8.543718592964824
2023-02-15,-75110.0,-85110.0,9950.0,-8.548743718592965
2023-02-15,-75160.0,-85160.0,9950.0,-8.553768844221105
2023-02-15,-75220.0,-85220.0,9950.0,-8.559798994974875
2023-02-15,-75270.0,-85270.0,9950.0,-8.564824120603015
2023-02-15,-75330.0,-85330.0,9950.0,-8.570854271356785
2023-02-15,-75380.0,-85380.0,9950.0,-8.575879396984925
2023-02-15,-75440.0,-85440.0,9950.0,-8.581909547738693
2023-02-19,-75520.0,-85520.0,9950.0,-8.589949748743718
2023-02-19,-75580.0,-85580.0,9950.0,-8.595979899497488
2023-02-19,-75640.0,-85640.0,9950.0,-8.602010050251256
2023-02-19,-75660.0,-85660.0,9950.0,-8.604020100502513
2023-02-19,-75720.0,-85720.0,9950.0,-8.61005025125628
2023-02-19,-75780.0,-85780.0,9950.0,-8.61608040201005
2023-02-19,-75850.0,-85850.0,9950.0,-8.623115577889447
2023-02-19,-75870.0,-85870.0,9950.0,-8.625125628140703
2023-02-19,-75900.0,-85900.0,9950.0,-8.628140703517587
2023-02-19,-75970.0,-85970.0,9950.0,-8.635175879396986
2023-02-22,-76010.0,-86010.0,9950.0,-8.639195979899498
2023-02-22,-76050.0,-86050.0,9950.0,-8.64321608040201
2023-02-22,-76080.0,-86080.0,9950.0,-8.646231155778894
2023-02-22,-76120.0,-86120.0,9950.0,-8.650251256281408
2023-02-22,-76170.0,-86170.0,9950.0,-8.655276381909548
2023-02-22,-76230.0,-86230.0,9950.0,-8.661306532663316
2023-02-22,-76290.0,-86290.0,9950.0,-8.667336683417085
2023-02-26,-76340.0,-86340.0,9950.0,-8.672361809045226
2023-02-26,-76390.0,-86390.0,9950.0,-8.677386934673367
2023-02-26,-76430.0,-86430.0,9950.0,-8.68140703517588
2023-02-26,-76450.0,-86450.0,9950.0,-8.683417085427136
2023-02-26,-76520.0,-86520.0,9950.0,-8.690452261306532
2023-02-26,-76600.0,-86600.0,9950.0,-8.698492462311558
2023-02-26,-76690.0,-86690.0,9950.0,-8.70753768844221
2023-02-26,-76730.0,-86730.0,9950.0,-8.711557788944724
2023-02-26,-76780.0,-86780.0,9950.0,-8.716582914572864
2023-02-26,-76850.0,-86850.0,9950.0,-8.72361809045226
2023-03-01,-76870.0,-86870.0,9950.0,-8.725628140703517
2023-03-01,-76930.0,-86930.0,9950.0,-8.731658291457286
2023-03-01,-76980.0,-86980.0,9950.0,-8.736683417085427
2023-03-01,-77020.0,-87020.0,9950.0,-8.74070351758794
2023-03-01,-77080.0,-87080.0,9950.0,-8.746733668341708
2023-03-01,-77130.0,-87130.0,9950.0,-8.751758793969849
2023-03-01,-77170.0,-87170.0,9950.0,-8.755778894472362
2023-03-01,-77220.0,-87220.0,9950.0,-8.760804020100503
2023-03-01,-77260.0,-87260.0,9950.0,-8.764824120603015
2023-03-05,-77310.0,-87310.0,9950.0,-8.769849246231155
2023-03-05,-77360.0,-87360.0,9950.0,-8.774874371859296
2023-03-05,-77430.0,-87430.0,9950.0,-8.781909547738694
2023-03-05,-77460.0,-87460.0,9950.0,-8.784924623115577
2023-03-05,-77500.0,-87500.0,9950.0,-8.78894472361809
2023-03-05,-77570.0,-87570.0,9950.0,-8.795979899497487
2023-03-05,-77640.0,-87640.0,9950.0,-8.803015075376884
2023-03-05,-77670.0,-87670.0,9950.0,-8.806030150753768
2023-03-05,-77700.0,-87700.0,9950.0,-8.809045226130653
2023-03-05,-77730.0,-87730.0,9950.0,-8.812060301507538
2023-03-08,-77790.0,-87790.0,9950.0,-8.818090452261307
2023-03-08,-77820.0,-87820.0,9950.0,-8.82110552763819
2023-03-08,-77860.0,-87860.0,9950.0,-8.825125628140704
2023-03-08,-77900.0,-87900.0,9950.0,-8.829145728643216
2023-03-08,-77970.0,-87970.0,9950.0,-8.836180904522614
2023-03-08,-78010.0,-88010.0,9950.0,-8.840201005025126
2023-03-08,-78050.0,-88050.0,9950.0,-8.844221105527637
2023-03-08,-78110.0,-88110.0,9950.0,-8.850251256281407
2023-03-08,-78150.0,-88150.0,9950.0,-8.85427135678392
2023-03-11,-78220.0,-88220.0,9950.0,-8.861306532663317
2023-03-11,-78280.0,-88280.0,9950.0,-8.867336683417085
2023-03-11,-78330.0,-88330.0,9950.0,-8.872361809045227
2023-03-11,-78390.0,-88390.0,9950.0,-8.878391959798995
2023-03-11,-78450.0,-88450.0,9950.0,-8.884422110552764
2023-03-11,-78490.0,-88490.0,9950.0,-8.888442211055276
2023-03-11,-78550.0,-88550.0,9950.0,-8.894472361809045
2023-03-11,-78570.0,-88570.0,9950.0,-8.896482412060301
2023-03-11,-78640.0,-88640.0,9950.0,-8.903517587939698
2023-03-11,-78710.0,-88710.0,9950.0,-8.910552763819096
2023-03-15,-78750.0,-88750.0,9950.0,-8.914572864321608
2023-03-15,-78780.0,-88780.0,9950.0,-8.917587939698493
2023-03-15,-78850.0,-88850.0,9950.0,-8.924623115577889
2023-03-15,-78920.0,-88920.0,9950.0,-8.931658291457287
2023-03-15,-78970.0,-88970.0,9950.0,-8.936683417085428
2023-03-15,-79030.0,-89030.0,9950.0,-8.942713567839196
2023-03-15,-79070.0,-89070.0,9950.0,-8.94673366834171
2023-03-15,-79130.0,-89130.0,9950.0,-8.952763819095477
2023-03-15,-79180.0,-89180.0,9950.0,-8.957788944723617
2023-03-19,-79250.0,-89250.0,9950.0,-8.964824120603016
2023-03-19,-79310.0,-89310.0,9950.0,-8.970854271356783
2023-03-19,-79390.0,-89390.0,9950.0,-8.978894472361809
2023-03-19,-79440.0,-89440.0,9950.0,-8.98391959798995
2023-03-19,-79520.0,-89520.0,9950.0,-8.991959798994975
2023-03-19,-79560.0,-89560.0,9950.0,-8.995979899497488
2023-03-19,-79620.0,-89620.0,9950.0,-9.002010050251256
2023-03-19,-79640.0,-89640.0,9950.0,-9.004020100502512
2023-03-19,-79730.0,-89730.0,9950.0,-9.013065326633166
2023-03-19,-79800.0,-89800.0,9950.0,-9.020100502512562
2023-03-22,-79850.0,-89850.0,9950.0,-9.025125628140703
2023-03-22,-79910.0,-89910.0,9950.0,-9.031155778894473
2023-03-22,-79950.0,-89950.0,9950.0,-9.035175879396984
2023-03-22,-80010.0,-90010.0,9950.0,-9.041206030150754
2023-03-22,-80050.0,-90050.0,9950.0,-9.045226130653266
2023-03-22,-80110.0,-90110.0,9950.0,-9.051256281407035
2023-03-22,-80170.0,-90170.0,9950.0,-9.057286432160804
2023-03-22,-80220.0,-90220.0,9950.0,-9.062311557788945
2023-03-22,-80280.0,-90280.0,9950.0,-9.068341708542713
2023-03-26,-80330.0,-90330.0,9950.0,-9.073366834170855
2023-03-26,-80370.0,-90370.0,9950.0,-9.077386934673367
2023-03-26,-80430.0,-90430.0,9950.0,-9.083417085427136
2023-03-26,-80480.0,-90480.0,9950.0,-9.088442211055277
2023-03-26,-80540.0,-90540.0,9950.0,-9.094472361809045
2023-03-26,-80600.0,-90600.0,9950.0,-9.100502512562814
2023-03-26,-80650.0,-90650.0,9950.0,-9.105527638190955
2023-03-26,-80730.0,-90730.0,9950.0,-9.11356783919598
2023-03-26,-80780.0,-90780.0,9950.0,-9.11859296482412
2023-03-26,-80870.0,-90870.0,9950.0,-9.127638190954773
2023-03-29,-80920.0,-90920.0,9950.0,-9.132663316582915
2023-03-29,-80970.0,-90970.0,9950.0,-9.137688442211056
2023-03-29,-81030.0,-91030.0,9950.0,-9.143718592964824
2023-03-29,-81080.0,-91080.0,9950.0,-9.148743718592964
2023-03-29,-81160.0,-91160.0,9950.0,-9.15678391959799
2023-03-29,-81200.0,-91200.0,9950.0,-9.160804020100503
2023-03-29,-81250.0,-91250.0,9950.0,-9.165829145728644
2023-03-29,-81290.0,-91290.0,9950.0,-9.169849246231156
2023-04-02,-81350.0,-91350.0,9950.0,-9.175879396984925
2023-04-02,-81410.0,-91410.0,9950.0,-9.181909547738693
2023-04-02,-81470.0,-91470.0,9950.0,-9.187939698492462
2023-04-02,-81490.0,-91490.0,9950.0,-9.189949748743718
2023-04-02,-81580.0,-91580.0,9950.0,-9.198994974874372
2023-04-02,-81640.0,-91640.0,9950.0,-9.20502512562814
2023-04-02,-81670.0,-91670.0,9950.0,-9.208040201005025
2023-04-02,-81750.0,-91750.0,9950.0,-9.21608040201005
2023-04-02,-81810.0,-91810.0,9950.0,-9.22211055276382
2023-04-02,-81880.0,-91880.0,9950.0,-9.229145728643216
2023-04-09,-81920.0,-91920.0,9950.0,-9.23316582914573
2023-04-09,-81980.0,-91980.0,9950.0,-9.239195979899497
2023-04-09,-82040.0,-92040.0,9950.0,-9.245226130653267
2023-04-09,-82100.0,-92100.0,9950.0,-9.251256281407036
2023-04-09,-82170.0,-92170.0,9950.0,-9.258291457286433
2023-04-09,-82230.0,-92230.0,9950.0,-9.2643216080402
2023-04-09,-82270.0,-92270.0,9950.0,-9.268341708542714
2023-04-09,-82340.0,-92340.0,9950.0,-9.27537688442211
2023-04-09,-82420.0,-92420.0,9950.0,-9.283417085427136
2023-04-09,-82460.0,-92460.0,9950.0,-9.287437185929647
2023-04-09,-82490.0,-92490.0,9950.0,-9.290452261306532
2023-04-12,-82520.0,-92520.0,9950.0,-9.293467336683417
2023-04-12,-82570.0,-92570.0,9950.0,-9.298492462311557
2023-04-12,-82630.0,-92630.0,9950.0,-9.304522613065327
2023-04-12,-82670.0,-92670.0,9950.0,-9.308542713567839
2023-04-12,-82710.0,-92710.0,9950.0,-9.312562814070352
2023-04-12,-82760.0,-92760.0,9950.0,-9.317587939698493
2023-04-12,-82800.0,-92800.0,9950.0,-9.321608040201005
2023-04-12,-82850.0,-92850.0,9950.0,-9.326633165829145
2023-04-12,-82900.0,-92900.0,9950.0,-9.331658291457286
2023-04-15,-82960.0,-92960.0,9950.0,-9.337688442211055
2023-04-15,-83030.0,-93030.0,9950.0,-9.344723618090452
2023-04-15,-83090.0,-93090.0,9950.0,-9.350753768844221
2023-04-15,-83150.0,-93150.0,9950.0,-9.35678391959799
2023-04-15,-83210.0,-93210.0,9950.0,-9.362814070351758
2023-04-15,-83270.0,-93270.0,9950.0,-9.368844221105528
2023-04-15,-83330.0,-93330.0,9950.0,-9.374874371859297
2023-04-15,-83390.0,-93390.0,9950.0,-9.380904522613065
2023-04-15,-83450.0,-93450.0,9950.0,-9.386934673366834
2023-04-15,-83530.0,-93530.0,9950.0,-9.39497487437186
2023-04-19,-83560.0,-93560.0,9950.0,-9.397989949748744
2023-04-19,-83610.0,-93610.0,9950.0,-9.403015075376885
2023-04-19,-83640.0,-93640.0,9950.0,-9.406030150753768
2023-04-19,-83690.0,-93690.0,9950.0,-9.41105527638191
2023-04-19,-83740.0,-93740.0,9950.0,-9.416080402010051
2023-04-19,-83780.0,-93780.0,9950.0,-9.420100502512563
2023-04-19,-83800.0,-93800.0,9950.0,-9.422110552763819
2023-04-19,-83850.0,-93850.0,9950.0,-9.42713567839196
2023-04-19,-83890.0,-93890.0,9950.0,-9.431155778894473
2023-04-23,-83910.0,-93910.0,9950.0,-9.433165829145729
2023-04-23,-83980.0,-93980.0,9950.0,-9.440201005025125
2023-04-23,-84000.0,-94000.0,9950.0,-9.442211055276381
2023-04-23,-84070.0,-94070.0,9950.0,-9.44924623115578
2023-04-23,-84110.0,-94110.0,9950.0,-9.453266331658291
2023-04-23,-84150.0,-94150.0,9950.0,-9.457286432160805
2023-04-23,-84190.0,-94190.0,9950.0,-9.461306532663317
2023-04-23,-84260.0,-94260.0,9950.0,-9.468341708542713
2023-04-23,-84320.0,-94320.0,9950.0,-9.474371859296483
2023-04-23,-84380.0,-94380.0,9950.0,-9.480402010050252
2023-04-26,-84430.0,-94430.0,9950.0,-9.485427135678393
2023-04-26,-84480.0,-94480.0,9950.0,-9.490452261306533
2023-04-26,-84540.0,-94540.0,9950.0,-9.4964824120603
2023-04-26,-84590.0,-94590.0,9950.0,-9.501507537688441
2023-04-26,-84640.0,-94640.0,9950.0,-9.506532663316582
2023-04-26,-84680.0,-94680.0,9950.0,-9.510552763819096
2023-04-26,-84740.0,-94740.0,9950.0,-9.516582914572865
2023-04-26,-84800.0,-94800.0,9950.0,-9.522613065326633
2023-04-26,-84850.0,-94850.0,9950.0,-9.527638190954773
2023-04-30,-84910.0,-94910.0,9950.0,-9.533668341708543
2023-04-30,-84970.0,-94970.0,9950.0,-9.539698492462312
2023-04-30,-85040.0,-95040.0,9950.0,-9.546733668341709
2023-04-30,-85100.0,-95100.0,9950.0,-9.552763819095478
2023-04-30,-85160.0,-95160.0,9950.0,-9.558793969849246
2023-04-30,-85180.0,-95180.0,9950.0,-9.560804020100502
2023-04-30,-85250.0,-95250.0,9950.0,-9.5678391959799
2023-04-30,-85290.0,-95290.0,9950.0,-9.571859296482412
2023-04-30,-85330.0,-95330.0,9950.0,-9.575879396984925
2023-04-30,-85400.0,-95400.0,9950.0,-9.582914572864322
2023-05-03,-85430.0,-95430.0,9950.0,-9.585929648241207
2023-05-03,-85470.0,-95470.0,9950.0,-9.589949748743718
2023-05-03,-85520.0,-95520.0,9950.0,-9.594974874371859
2023-05-03,-85580.0,-95580.0,9950.0,-9.601005025125628
2023-05-03,-85630.0,-95630.0,9950.0,-9.606030150753769
2023-05-03,-85690.0,-95690.0,9950.0,-9.612060301507539
2023-05-03,-85730.0,-95730.0,9950.0,-9.61608040201005
2023-05-03,-85790.0,-95790.0,9950.0,-9.62211055276382
2023-05-03,-85820.0,-95820.0,9950.0,-9.625125628140703
2023-05-07,-85850.0,-95850.0,9950.0,-9.628140703517587
2023-05-07,-85920.0,-95920.0,9950.0,-9.635175879396986
2023-05-07,-85970.0,-95970.0,9950.0,-9.640201005025126
2023-05-07,-86040.0,-96040.0,9950.0,-9.647236180904523
2023-05-07,-86110.0,-96110.0,9950.0,-9.65427135678392
2023-05-07,-86140.0,-96140.0,9950.0,-9.657286432160804
2023-05-07,-86190.0,-96190.0,9950.0,-9.662311557788945
2023-05-07,-86260.0,-96260.0,9950.0,-9.669346733668341
2023-05-07,-86310.0,-96310.0,9950.0,-9.674371859296482
2023-05-07,-86350.0,-96350.0,9950.0,-9.678391959798995
2023-05-07,-86400.0,-96400.0,9950.0,-9.683417085427136
2023-05-10,-86450.0,-96450.0,9950.0,-9.688442211055277
2023-05-10,-86470.0,-96470.0,9950.0,-9.690452261306532
2023-05-10,-86500.0,-96500.0,9950.0,-9.693467336683417
2023-05-10,-86600.0,-96600.0,9950.0,-9.703517587939698
2023-05-10,-86640.0,-96640.0,9950.0,-9.70753768844221
2023-05-10,-86680.0,-96680.0,9950.0,-9.711557788944724
2023-05-10,-86720.0,-96720.0,9950.0,-9.715577889447236
2023-05-10,-86770.0,-96770.0,9950.0,-9.720603015075376
2023-05-13,-86820.0,-96820.0,9950.0,-9.725628140703517
2023-05-13,-86890.0,-96890.0,9950.0,-9.732663316582915
2023-05-13,-86940.0,-96940.0,9950.0,-9.737688442211056
2023-05-13,-87000.0,-97000.0,9950.0,-9.743718592964823
2023-05-13,-87040.0,-97040.0,9950.0,-9.747738693467337
2023-05-13,-87080.0,-97080.0,9950.0,-9.751758793969849
2023-05-13,-87150.0,-97150.0,9950.0,-9.758793969849247
2023-05-13,-87220.0,-97220.0,9950.0,-9.765829145728643
2023-05-13,-87280.0,-97280.0,9950.0,-9.771859296482413
2023-05-13,-87320.0,-97320.0,9950.0,-9.775879396984925
2023-05-17,-87370.0,-97370.0,9950.0,-9.780904522613065
2023-05-17,-87420.0,-97420.0,9950.0,-9.785929648241206
2023-05-17,-87490.0,-97490.0,9950.0,-9.792964824120602
2023-05-17,-87520.0,-97520.0,9950.0,-9.795979899497487
2023-05-17,-87590.0,-97590.0,9950.0,-9.803015075376884
2023-05-17,-87610.0,-97610.0,9950.0,-9.805025125628141
2023-05-17,-87660.0,-97660.0,9950.0,-9.810050251256282
2023-05-17,-87720.0,-97720.0,9950.0,-9.81608040201005
2023-05-17,-87770.0,-97770.0,9950.0,-9.82110552763819
2023-05-21,-87820.0,-97820.0,9950.0,-9.82613065326633
2023-05-21,-87880.0,-97880.0,9950.0,-9.8321608040201
2023-05-21,-87970.0,-97970.0,9950.0,-9.841206030150754
2023-05-21,-88030.0,-98030.0,9950.0,-9.847236180904522
2023-05-21,-88080.0,-98080.0,9950.0,-9.852261306532663
2023-05-21,-88130.0,-98130.0,9950.0,-9.857286432160803
2023-05-21,-88180.0,-98180.0,9950.0,-9.862311557788944
2023-05-21,-88230.0,-98230.0,9950.0,-9.867336683417085
2023-05-21,-88280.0,-98280.0,9950.0,-9.872361809045227
2023-05-21,-88310.0,-98310.0,9950.0,-9.87537688442211
2023-05-24,-88360.0,-98360.0,9950.0,-9.88040201005025
2023-05-24,-88430.0,-98430.0,9950.0,-9.887437185929649
2023-05-24,-88460.0,-98460.0,9950.0,-9.890452261306534
2023-05-24,-88530.0,-98530.0,9950.0,-9.89748743718593
2023-05-24,-88560.0,-98560.0,9950.0,-9.900502512562815
2023-05-24,-88600.0,-98600.0,9950.0,-9.904522613065327
2023-05-24,-88660.0,-98660.0,9950.0,-9.910552763819096
2023-05-24,-88700.0,-98700.0,9950.0,-9.914572864321608
2023-05-24,-88730.0,-98730.0,9950.0,-9.917587939698493
2023-05-28,-88780.0,-98780.0,9950.0,-9.922613065326633
2023-05-28,-88840.0,-98840.0,9950.0,-9.928643216080403
2023-05-28,-88890.0,-98890.0,9950.0,-9.933668341708543
2023-05-28,-88890.0,-98890.0,9950.0,-9.933668341708543
2023-05-28,-88950.0,-98950.0,9950.0,-9.93969849246231
2023-05-28,-88980.0,-98980.0,9950.0,-9.942713567839196
2023-05-28,-89040.0,-99040.0,9950.0,-9.948743718592965
2023-05-28,-89080.0,-99080.0,9950.0,-9.952763819095477
2023-05-28,-89140.0,-99140.0,9950.0,-9.958793969849246
2023-05-28,-89190.0,-99190.0,9950.0,-9.963819095477387
2023-05-28,-89230.0,-99230.0,9950.0,-9.967839195979899
2023-05-31,-89280.0,-99280.0,9950.0,-9.972864321608041
2023-05-31,-89340.0,-99340.0,9950.0,-9.978894472361809
2023-05-31,-89350.0,-99350.0,9950.0,-9.979899497487438
2023-05-31,-89380.0,-99380.0,9950.0,-9.982914572864322
2023-05-31,-89440.0,-99440.0,9950.0,-9.98894472361809
2023-05-31,-89490.0,-99490.0,9950.0,-9.99396984924623
2023-05-31,-89550.0,-99550.0,9950.0,-10.0
2023-05-31,-89600.0,-99600.0,9950.0,-10.00502512562814
2023-05-31,-89660.0,-99660.0,9950.0,-10.01105527638191
2023-06-04,-89710.0,-99710.0,9950.0,-10.01608040201005
2023-06-04,-89750.0,-99750.0,9950.0,-10.020100502512562
2023-06-04,-89810.0,-99810.0,9950.0,-10.026130653266332
2023-06-04,-89830.0,-99830.0,9950.0,-10.028140703517588
2023-06-04,-89870.0,-99870.0,9950.0,-10.032160804020101
2023-06-04,-89930.0,-99930.0,9950.0,-10.038190954773869
2023-06-04,-90000.0,-100000.0,9950.0,-10.045226130653266
2023-06-04,-90030.0,-100030.0,9950.0,-10.04824120603015
2023-06-04,-90090.0,-100090.0,9950.0,-10.05427135678392
2023-06-04,-90150.0,-100150.0,9950.0,-10.06030150753769
2023-06-07,-90200.0,-100200.0,9950.0,-10.06532663316583
2023-06-07,-90240.0,-100240.0,9950.0,-10.069346733668342
2023-06-07,-90290.0,-100290.0,9950.0,-10.074371859296482
2023-06-07,-90330.0,-100330.0,9950.0,-10.078391959798996
2023-06-07,-90370.0,-100370.0,9950.0,-10.082412060301507
2023-06-07,-90410.0,-100410.0,9950.0,-10.08643216080402
2023-06-07,-90460.0,-100460.0,9950.0,-10.091457286432162
2023-06-07,-90490.0,-100490.0,9950.0,-10.094472361809045
2023-06-07,-90530.0,-100530.0,9950.0,-10.098492462311558
2023-06-10,-90560.0,-100560.0,9950.0,-10.101507537688443
2023-06-10,-90610.0,-100610.0,9950.0,-10.106532663316584
2023-06-10,-90660.0,-100660.0,9950.0,-10.111557788944724
2023-06-10,-90680.0,-100680.0,9950.0,-10.11356783919598
2023-06-10,-90730.0,-100730.0,9950.0,-10.11859296482412
2023-06-10,-90770.0,-100770.0,9950.0,-10.122613065326632
2023-06-10,-90840.0,-100840.0,9950.0,-10.12964824120603
2023-06-10,-90910.0,-100910.0,9950.0,-10.136683417085427
2023-06-10,-90950.0,-100950.0,9950.0,-10.140703517587939
2023-06-10,-91010.0,-101010.0,9950.0,-10.146733668341708
2023-06-14,-91060.0,-101060.0,9950.0,-10.151758793969849
2023-06-14,-91100.0,-101100.0,9950.0,-10.155778894472363
2023-06-14,-91150.0,-101150.0,9950.0,-10.160804020100503
2023-06-14,-91190.0,-101190.0,9950.0,-10.164824120603015
2023-06-14,-91210.0,-101210.0,9950.0,-10.16683417085427
2023-06-14,-91260.0,-101260.0,9950.0,-10.171859296482411
2023-06-14,-91320.0,-101320.0,9950.0,-10.177889447236181
2023-06-14,-91370.0,-101370.0,9950.0,-10.182914572864322
2023-06-14,-91430.0,-101430.0,9950.0,-10.188944723618091
2023-06-18,-91470.0,-101470.0,9950.0,-10.192964824120603
2023-06-18,-91520.0,-101520.0,9950.0,-10.197989949748743
2023-06-18,-91580.0,-101580.0,9950.0,-10.204020100502513
2023-06-18,-91640.0,-101640.0,9950.0,-10.210050251256282
2023-06-18,-91690.0,-101690.0,9950.0,-10.215075376884423
2023-06-18,-91750.0,-101750.0,9950.0,-10.22110552763819
2023-06-18,-91820.0,-101820.0,9950.0,-10.228140703517587
2023-06-18,-91890.0,-101890.0,9950.0,-10.235175879396985
2023-06-18,-91950.0,-101950.0,9950.0,-10.241206030150753
2023-06-18,-91990.0,-101990.0,9950.0,-10.245226130653267
2023-06-18,-92040.0,-102040.0,9950.0,-10.250251256281407
2023-06-25,-92110.0,-102110.0,9950.0,-10.257286432160804
2023-06-25,-92150.0,-102150.0,9950.0,-10.261306532663317
2023-06-25,-92200.0,-102200.0,9950.0,-10.266331658291458
2023-06-25,-92220.0,-102220.0,9950.0,-10.268341708542714
2023-06-25,-92300.0,-102300.0,9950.0,-10.27638190954774
2023-06-25,-92350.0,-102350.0,9950.0,-10.28140703517588
2023-06-25,-92370.0,-102370.0,9950.0,-10.283417085427136
2023-06-25,-92380.0,-102380.0,9950.0,-10.284422110552764
2023-06-25,-92410.0,-102410.0,9950.0,-10.287437185929647
2023-06-25,-92480.0,-102480.0,9950.0,-10.294472361809046
2023-06-28,-92510.0,-102510.0,9950.0,-10.29748743718593
2023-06-28,-92560.0,-102560.0,9950.0,-10.302512562814071
2023-06-28,-92590.0,-102590.0,9950.0,-10.305527638190954
2023-06-28,-92650.0,-102650.0,9950.0,-10.311557788944723
2023-06-28,-92680.0,-102680.0,9950.0,-10.314572864321608
2023-06-28,-92740.0,-102740.0,9950.0,-10.320603015075378
2023-06-28,-92790.0,-102790.0,9950.0,-10.325628140703518
2023-06-28,-92820.0,-102820.0,9950.0,-10.328643216080401
2023-06-28,-92860.0,-102860.0,9950.0,-10.332663316582915
2023-07-01,-92930.0,-102930.0,9950.0,-10.339698492462311
2023-07-01,-92980.0,-102980.0,9950.0,-10.344723618090452
2023-07-01,-93040.0,-103040.0,9950.0,-10.350753768844221
2023-07-01,-93110.0,-103110.0,9950.0,-10.357788944723618
2023-07-01,-93170.0,-103170.0,9950.0,-10.363819095477387
2023-07-01,-93230.0,-103230.0,9950.0,-10.369849246231155
2023-07-01,-93300.0,-103300.0,9950.0,-10.376884422110553
2023-07-01,-93370.0,-103370.0,9950.0,-10.38391959798995
2023-07-01,-93460.0,-103460.0,9950.0,-10.392964824120604
2023-07-01,-93540.0,-103540.0,9950.0,-10.401005025125627
2023-07-09,-93600.0,-103600.0,9950.0,-10.407035175879397
2023-07-09,-93660.0,-103660.0,9950.0,-10.413065326633166
2023-07-09,-93730.0,-103730.0,9950.0,-10.420100502512563
2023-07-09,-93750.0,-103750.0,9950.0,-10.422110552763819
2023-07-09,-93810.0,-103810.0,9950.0,-10.428140703517588
2023-07-09,-93860.0,-103860.0,9950.0,-10.433165829145729
2023-07-09,-93920.0,-103920.0,9950.0,-10.439195979899498
2023-07-09,-93980.0,-103980.0,9950.0,-10.445226130653266
2023-07-09,-94050.0,-104050.0,9950.0,-10.452261306532664
2023-07-09,-94110.0,-104110.0,9950.0,-10.458291457286432
2023-07-09,-94170.0,-104170.0,9950.0,-10.464321608040201
2023-07-12,-94210.0,-104210.0,9950.0,-10.468341708542713
2023-07-12,-94270.0,-104270.0,9950.0,-10.474371859296483
2023-07-12,-94310.0,-104310.0,9950.0,-10.478391959798994
2023-07-12,-94350.0,-104350.0,9950.0,-10.482412060301508
2023-07-12,-94400.0,-104400.0,9950.0,-10.487437185929648
2023-07-12,-94440.0,-104440.0,9950.0,-10.49145728643216
2023-07-12,-94500.0,-104500.0,9950.0,-10.49748743718593
2023-07-12,-94560.0,-104560.0,9950.0,-10.5035175879397
2023-07-12,-94610.0,-104610.0,9950.0,-10.50854271356784
2023-09-10,-94650.0,-104650.0,9950.0,-10.512562814070352
2023-09-10,-94700.0,-104700.0,9950.0,-10.517587939698492
2023-09-10,-94730.0,-104730.0,9950.0,-10.520603015075377
2023-09-10,-94760.0,-104760.0,9950.0,-10.523618090452262
2023-09-10,-94780.0,-104780.0,9950.0,-10.525628140703517
2023-09-10,-94830.0,-104830.0,9950.0,-10.530653266331658
2023-09-10,-94860.0,-104860.0,9950.0,-10.533668341708543
2023-09-10,-94900.0,-104900.0,9950.0,-10.537688442211055
2023-09-10,-94930.0,-104930.0,9950.0,-10.54070351758794
2023-09-10,-94960.0,-104960.0,9950.0,-10.543718592964824
2023-09-13,-95000.0,-105000.0,9950.0,-10.547738693467336
2023-09-13,-95040.0,-105040.0,9950.0,-10.55175879396985
2023-09-13,-95070.0,-105070.0,9950.0,-10.554773869346734
2023-09-13,-95100.0,-105100.0,9950.0,-10.557788944723619
2023-09-13,-95160.0,-105160.0,9950.0,-10.563819095477387
2023-09-13,-95210.0,-105210.0,9950.0,-10.568844221105527
2023-09-13,-95250.0,-105250.0,9950.0,-10.57286432160804
2023-09-13,-95280.0,-105280.0,9950.0,-10.575879396984925
2023-09-17,-95290.0,-105290.0,9950.0,-10.576884422110552
2023-09-17,-95360.0,-105360.0,9950.0,-10.583919597989949
2023-09-17,-95420.0,-105420.0,9950.0,-10.589949748743718
2023-09-17,-95440.0,-105440.0,9950.0,-10.591959798994974
2023-09-17,-95490.0,-105490.0,9950.0,-10.596984924623115
2023-09-17,-95530.0,-105530.0,9950.0,-10.601005025125628
2023-09-17,-95570.0,-105570.0,9950.0,-10.60502512562814
2023-09-17,-95600.0,-105600.0,9950.0,-10.608040201005025
2023-09-17,-95670.0,-105670.0,9950.0,-10.615075376884421
2023-09-17,-95720.0,-105720.0,9950.0,-10.620100502512562
2023-09-20,-95720.0,-105720.0,9950.0,-10.620100502512562
2023-09-20,-95750.0,-105750.0,9950.0,-10.623115577889447
2023-09-20,-95770.0,-105770.0,9950.0,-10.625125628140703
2023-09-20,-95830.0,-105830.0,9950.0,-10.631155778894472
2023-09-20,-95880.0,-105880.0,9950.0,-10.636180904522613
2023-09-20,-95900.0,-105900.0,9950.0,-10.638190954773869
2023-09-20,-95940.0,-105940.0,9950.0,-10.642211055276382
2023-09-20,-96000.0,-106000.0,9950.0,-10.64824120603015
2023-09-24,-96050.0,-106050.0,9950.0,-10.653266331658292
2023-09-24,-96090.0,-106090.0,9950.0,-10.657286432160804
2023-09-24,-96120.0,-106120.0,9950.0,-10.660301507537689
2023-09-24,-96130.0,-106130.0,9950.0,-10.661306532663316
2023-09-24,-96190.0,-106190.0,9950.0,-10.667336683417085
2023-09-24,-96230.0,-106230.0,9950.0,-10.671356783919599
2023-09-24,-96290.0,-106290.0,9950.0,-10.677386934673367
2023-09-24,-96340.0,-106340.0,9950.0,-10.682412060301507
2023-09-24,-96400.0,-106400.0,9950.0,-10.688442211055277
2023-09-24,-96440.0,-106440.0,9950.0,-10.692462311557788
2023-09-27,-96460.0,-106460.0,9950.0,-10.694472361809046
2023-09-27,-96490.0,-106490.0,9950.0,-10.697487437185929
2023-09-27,-96510.0,-106510.0,9950.0,-10.699497487437187
2023-09-27,-96510.0,-106510.0,9950.0,-10.699497487437187
2023-09-27,-96550.0,-106550.0,9950.0,-10.703517587939698
2023-09-27,-96590.0,-106590.0,9950.0,-10.70753768844221
2023-09-27,-96630.0,-106630.0,9950.0,-10.711557788944724
2023-09-27,-96680.0,-106680.0,9950.0,-10.716582914572864
2023-09-27,-96730.0,-106730.0,9950.0,-10.721608040201005
2023-10-01,-96760.0,-106760.0,9950.0,-10.72462311557789
2023-10-01,-96810.0,-106810.0,9950.0,-10.72964824120603
2023-10-01,-96840.0,-106840.0,9950.0,-10.732663316582915
2023-10-01,-96880.0,-106880.0,9950.0,-10.736683417085427
2023-10-01,-96940.0,-106940.0,9950.0,-10.742713567839196
2023-10-01,-96980.0,-106980.0,9950.0,-10.746733668341708
2023-10-01,-97050.0,-107050.0,9950.0,-10.753768844221106
2023-10-01,-97100.0,-107100.0,9950.0,-10.758793969849247
2023-10-01,-97120.0,-107120.0,9950.0,-10.760804020100503
2023-10-01,-97170.0,-107170.0,9950.0,-10.765829145728643
2023-10-04,-97210.0,-107210.0,9950.0,-10.769849246231155
2023-10-04,-97260.0,-107260.0,9950.0,-10.774874371859296
2023-10-04,-97290.0,-107290.0,9950.0,-10.77788944723618
2023-10-04,-97350.0,-107350.0,9950.0,-10.78391959798995
2023-10-04,-97282.5,-107282.5,9950.0,-10.777135678391959
2023-10-04,-97342.5,-107342.5,9950.0,-10.783165829145728
2023-10-04,-97372.5,-107372.5,9950.0,-10.786180904522613
2023-10-04,-97340.5,-107340.5,9950.0,-10.782964824120603
2023-10-11,-97370.5,-107370.5,9950.0,-10.785979899497487
2023-10-11,-97405.0,-107405.0,9950.0,-10.789447236180905
2023-10-11,-97383.0,-107383.0,9950.0,-10.787236180904523
2023-10-11,-97433.0,-107433.0,9950.0,-10.792261306532664
2023-10-11,-97473.0,-107473.0,9950.0,-10.796281407035176
2023-10-11,-97483.0,-107483.0,9950.0,-10.797286432160805
2023-10-11,-97523.0,-107523.0,9950.0,-10.801306532663316
2023-10-11,-97573.0,-107573.0,9950.0,-10.806331658291457
2023-10-15,-97593.0,-107593.0,9950.0,-10.808341708542713
2023-10-15,-97632.0,-107632.0,9950.0,-10.812261306532664
2023-10-15,-97662.0,-107662.0,9950.0,-10.815276381909548
2023-10-15,-97732.0,-107732.0,9950.0,-10.822311557788945
2023-10-15,-97792.0,-107792.0,9950.0,-10.828341708542714
2023-10-15,-97872.0,-107872.0,9950.0,-10.836381909547738
2023-10-15,-97922.0,-107922.0,9950.0,-10.84140703517588
2023-10-15,-97962.0,-107962.0,9950.0,-10.845427135678392
2023-10-15,-98032.0,-108032.0,9950.0,-10.852462311557789
2023-10-15,-98092.0,-108092.0,9950.0,-10.858492462311558
2023-10-18,-98082.0,-108082.0,9950.0,-10.85748743718593
2023-10-18,-98112.0,-108112.0,9950.0,-10.860502512562814
2023-10-18,-98021.5,-108021.5,9950.0,-10.85140703517588
2023-10-18,-98071.5,-108071.5,9950.0,-10.85643216080402
2023-10-18,-98111.5,-108111.5,9950.0,-10.860452261306532
2023-10-18,-98161.5,-108161.5,9950.0,-10.865477386934673
2023-10-18,-98191.5,-108191.5,9950.0,-10.868492462311558
2023-10-18,-98221.5,-108221.5,9950.0,-10.871507537688442
2023-10-18,-98261.5,-108261.5,9950.0,-10.875527638190954
2023-10-22,-98287.5,-108287.5,9950.0,-10.878140703517587
2023-10-22,-98347.5,-108347.5,9950.0,-10.884170854271357
2023-10-22,-98407.5,-108407.5,9950.0,-10.890201005025126
2023-10-22,-98467.5,-108467.5,9950.0,-10.896231155778894
2023-10-22,-98527.5,-108527.5,9950.0,-10.902261306532663
2023-10-22,-98577.5,-108577.5,9950.0,-10.907286432160804
2023-10-22,-98574.0,-108574.0,9950.0,-10.906934673366834
2023-10-22,-98584.0,-108584.0,9950.0,-10.907939698492463
2023-10-22,-98654.0,-108654.0,9950.0,-10.91497487437186
2023-10-22,-98694.0,-108694.0,9950.0,-10.918994974874371
2023-10-25,-98734.0,-108734.0,9950.0,-10.923015075376885
2023-10-25,-98722.0,-108722.0,9950.0,-10.92180904522613
2023-10-25,-98723.5,-108723.5,9950.0,-10.921959798994974
2023-10-25,-98526.5,-108526.5,9950.0,-10.9021608040201
2023-10-25,-98487.5,-108487.5,9950.0,-10.89824120603015
2023-10-25,-98537.5,-108537.5,9950.0,-10.903266331658292
2023-10-25,-98607.5,-108607.5,9950.0,-10.910301507537689
2023-10-25,-98657.5,-108657.5,9950.0,-10.91532663316583
2023-10-29,-98707.5,-108707.5,9950.0,-10.92035175879397
2023-10-29,-98757.5,-108757.5,9950.0,-10.92537688442211
2023-10-29,-98777.5,-108777.5,9950.0,-10.927386934673367
2023-10-29,-98827.5,-108827.5,9950.0,-10.932412060301507
2023-10-29,-98877.5,-108877.5,9950.0,-10.937437185929648
2023-10-29,-98917.5,-108917.5,9950.0,-10.941457286432161
2023-10-29,-98967.5,-108967.5,9950.0,-10.946482412060302
2023-10-29,-98962.5,-108962.5,9950.0,-10.945979899497488
2023-10-29,-98888.5,-108888.5,9950.0,-10.93854271356784
2023-10-29,-98938.5,-108938.5,9950.0,-10.94356783919598
2023-11-01,-98960.0,-108960.0,9950.0,-10.94572864321608
2023-11-01,-99000.0,-109000.0,9950.0,-10.949748743718592
2023-11-01,-99010.0,-109010.0,9950.0,-10.950753768844221
2023-11-01,-99040.0,-109040.0,9950.0,-10.953768844221106
2023-11-01,-99057.0,-109057.0,9950.0,-10.955477386934673
2023-11-01,-99060.5,-109060.5,9950.0,-10.955829145728643
2023-11-01,-99100.5,-109100.5,9950.0,-10.959849246231157
2023-11-01,-99026.0,-109026.0,9950.0,-10.952361809045225
2023-11-01,-99017.0,-109017.0,9950.0,-10.951457286432161
2023-11-05,-99005.0,-109005.0,9950.0,-10.950251256281406
2023-11-05,-99075.0,-109075.0,9950.0,-10.957286432160805
2023-11-05,-99079.0,-109079.0,9950.0,-10.957688442211055
2023-11-05,-99119.0,-109119.0,9950.0,-10.961708542713568
2023-11-05,-99116.5,-109116.5,9950.0,-10.96145728643216
2023-11-05,-99146.5,-109146.5,9950.0,-10.964472361809046
2023-11-05,-99163.5,-109163.5,9950.0,-10.966180904522613
2023-11-05,-99193.5,-109193.5,9950.0,-10.969195979899498
2023-11-05,-99253.5,-109253.5,9950.0,-10.975226130653267
2023-11-05,-99293.5,-109293.5,9950.0,-10.979246231155779
2023-11-08,-99323.5,-109323.5,9950.0,-10.982261306532664
2023-11-08,-99373.5,-109373.5,9950.0,-10.987286432160804
2023-11-08,-99346.5,-109346.5,9950.0,-10.984572864321608
2023-11-08,-99386.5,-109386.5,9950.0,-10.98859296482412
2023-11-08,-99372.0,-109372.0,9950.0,-10.98713567839196
2023-11-08,-99432.0,-109432.0,9950.0,-10.99316582914573
2023-11-08,-99379.5,-109379.5,9950.0,-10.987889447236181
2023-11-08,-99429.5,-109429.5,9950.0,-10.992914572864322
2023-11-08,-99435.0,-109435.0,9950.0,-10.993467336683418
2023-11-11,-99505.0,-109505.0,9950.0,-11.000502512562814
2023-11-11,-99520.0,-109520.0,9950.0,-11.002010050251256
2023-11-11,-99610.0,-109610.0,9950.0,-11.01105527638191
2023-11-11,-99607.5,-109607.5,9950.0,-11.010804020100503
2023-11-11,-99589.0,-109589.0,9950.0,-11.008944723618091
2023-11-11,-99629.0,-109629.0,9950.0,-11.012964824120603
2023-11-11,-99660.5,-109660.5,9950.0,-11.016130653266332
2023-11-11,-99638.5,-109638.5,9950.0,-11.01391959798995
2023-11-11,-99538.0,-109538.0,9950.0,-11.003819095477388
2023-11-11,-99578.0,-109578.0,9950.0,-11.0078391959799
2023-11-15,-99592.0,-109592.0,9950.0,-11.009246231155778
2023-11-15,-99602.0,-109602.0,9950.0,-11.010251256281407
2023-11-15,-99642.0,-109642.0,9950.0,-11.014271356783919
2023-11-15,-99692.0,-109692.0,9950.0,-11.019296482412061
2023-11-15,-99681.0,-109681.0,9950.0,-11.01819095477387
2023-11-15,-99731.0,-109731.0,9950.0,-11.02321608040201
2023-11-15,-99741.0,-109741.0,9950.0,-11.024221105527639
2023-11-15,-99801.0,-109801.0,9950.0,-11.030251256281407
2023-11-15,-99833.0,-109833.0,9950.0,-11.033467336683417
2023-11-19,-99798.0,-109798.0,9950.0,-11.029949748743718
2023-11-19,-99868.0,-109868.0,9950.0,-11.036984924623116
2023-11-19,-99918.0,-109918.0,9950.0,-11.042010050251257
2023-11-19,-99917.0,-109917.0,9950.0,-11.041909547738694
2023-11-19,-99977.0,-109977.0,9950.0,-11.047939698492462
2023-11-19,-99979.5,-109979.5,9950.0,-11.048190954773869
2023-11-19,-100029.5,-110029.5,9950.0,-11.05321608040201
2023-11-19,-100079.5,-110079.5,9950.0,-11.05824120603015
2023-11-19,-100079.5,-110079.5,9950.0,-11.05824120603015
2023-11-19,-100089.5,-110089.5,9950.0,-11.059246231155779
2023-11-19,-100119.5,-110119.5,9950.0,-11.062261306532664
2023-11-22,-100159.5,-110159.5,9950.0,-11.066281407035175
2023-11-22,-100199.5,-110199.5,9950.0,-11.070301507537689
2023-11-22,-100249.5,-110249.5,9950.0,-11.07532663316583
2023-11-22,-100279.5,-110279.5,9950.0,-11.078341708542714
2023-11-22,-100309.5,-110309.5,9950.0,-11.081356783919597
2023-11-22,-100196.0,-110196.0,9950.0,-11.069949748743719
2023-11-22,-100226.0,-110226.0,9950.0,-11.072964824120604
2023-11-22,-100223.5,-110223.5,9950.0,-11.072713567839196
2023-11-26,-100283.5,-110283.5,9950.0,-11.078743718592964
2023-11-26,-100305.5,-110305.5,9950.0,-11.080954773869347
2023-11-26,-100395.5,-110395.5,9950.0,-11.09
2023-11-26,-100264.5,-110264.5,9950.0,-11.076834170854271
2023-11-26,-100314.5,-110314.5,9950.0,-11.081859296482412
2023-11-26,-100374.5,-110374.5,9950.0,-11.087889447236181
2023-11-26,-100424.5,-110424.5,9950.0,-11.092914572864322
2023-11-26,-100474.5,-110474.5,9950.0,-11.097939698492462
2023-11-26,-100426.5,-110426.5,9950.0,-11.093115577889447
2023-11-26,-100466.5,-110466.5,9950.0,-11.09713567839196
2023-11-29,-100476.5,-110476.5,9950.0,-11.098140703517588
2023-11-29,-100486.5,-110486.5,9950.0,-11.099145728643217
2023-11-29,-100440.5,-110440.5,9950.0,-11.094522613065326
2023-11-29,-100256.0,-110256.0,9950.0,-11.075979899497488
2023-11-29,-100250.0,-110250.0,9950.0,-11.075376884422111
2023-11-29,-100280.0,-110280.0,9950.0,-11.078391959798996
2023-11-29,-100310.0,-110310.0,9950.0,-11.081407035175879
2023-11-29,-100350.0,-110350.0,9950.0,-11.085427135678392
2023-12-03,-100420.0,-110420.0,9950.0,-11.092462311557789
2023-12-03,-100234.5,-110234.5,9950.0,-11.073819095477386
2023-12-03,-100153.5,-110153.5,9950.0,-11.0656783919598
2023-12-03,-100047.0,-110047.0,9950.0,-11.05497487437186
2023-12-03,-100107.0,-110107.0,9950.0,-11.061005025125628
2023-12-03,-100147.0,-110147.0,9950.0,-11.065025125628141
2023-12-03,-100125.5,-110125.5,9950.0,-11.062864321608041
2023-12-03,-100040.0,-110040.0,9950.0,-11.05427135678392
2023-12-03,-100070.0,-110070.0,9950.0,-11.057286432160804
2023-12-03,-100160.0,-110160.0,9950.0,-11.066331658291457
2023-12-06,-100122.5,-110122.5,9950.0,-11.062562814070352
2023-12-06,-100071.5,-110071.5,9950.0,-11.057437185929649
2023-12-06,-100131.5,-110131.5,9950.0,-11.063467336683416
2023-12-06,-100134.0,-110134.0,9950.0,-11.063718592964824
2023-12-06,-100174.0,-110174.0,9950.0,-11.067738693467337
2023-12-06,-100185.5,-110185.5,9950.0,-11.068894472361809
2023-12-06,-100225.5,-110225.5,9950.0,-11.072914572864322
2023-12-06,-100244.0,-110244.0,9950.0,-11.074773869346734
2023-12-06,-100214.5,-110214.5,9950.0,-11.07180904522613
2023-12-10,-100284.5,-110284.5,9950.0,-11.078844221105527
2023-12-10,-100354.5,-110354.5,9950.0,-11.085879396984925
2023-12-10,-100414.5,-110414.5,9950.0,-11.091909547738693
2023-12-10,-100464.5,-110464.5,9950.0,-11.096934673366833
2023-12-10,-100494.5,-110494.5,9950.0,-11.099949748743718
2023-12-10,-100484.0,-110484.0,9950.0,-11.09889447236181
2023-12-10,-100397.5,-110397.5,9950.0,-11.090201005025126
2023-12-10,-100390.5,-110390.5,9950.0,-11.089497487437185
2023-12-10,-100403.0,-110403.0,9950.0,-11.090753768844221
2023-12-10,-100473.0,-110473.0,9950.0,-11.097788944723618
2023-12-13,-100513.0,-110513.0,9950.0,-11.10180904522613
2023-12-13,-100553.0,-110553.0,9950.0,-11.105829145728643
2023-12-13,-100593.0,-110593.0,9950.0,-11.109849246231155
2023-12-13,-100623.0,-110623.0,9950.0,-11.11286432160804
2023-12-13,-100663.0,-110663.0,9950.0,-11.116884422110553
2023-12-13,-100646.5,-110646.5,9950.0,-11.115226130653266
2023-12-13,-100676.5,-110676.5,9950.0,-11.11824120603015
2023-12-13,-100716.5,-110716.5,9950.0,-11.122261306532664
2023-12-13,-100746.5,-110746.5,9950.0,-11.125276381909547
2023-12-17,-100695.5,-110695.5,9950.0,-11.120150753768844
2023-12-17,-100725.5,-110725.5,9950.0,-11.123165829145728
2023-12-17,-100745.5,-110745.5,9950.0,-11.125175879396984
2023-12-17,-100795.5,-110795.5,9950.0,-11.130201005025125
2023-12-17,-100766.0,-110766.0,9950.0,-11.127236180904523
2023-12-17,-100777.0,-110777.0,9950.0,-11.128341708542713
2023-12-17,-100731.0,-110731.0,9950.0,-11.123718592964824
2023-12-17,-100771.0,-110771.0,9950.0,-11.127738693467336
2023-12-17,-100831.0,-110831.0,9950.0,-11.133768844221105
2023-12-17,-100901.0,-110901.0,9950.0,-11.140804020100502
2023-12-20,-100901.0,-110901.0,9950.0,-11.140804020100502
2023-12-20,-100924.5,-110924.5,9950.0,-11.143165829145728
2023-12-20,-100954.5,-110954.5,9950.0,-11.146180904522613
2023-12-20,-100920.0,-110920.0,9950.0,-11.142713567839197
2023-12-20,-100932.5,-110932.5,9950.0,-11.143969849246231
2023-12-20,-100982.5,-110982.5,9950.0,-11.148994974874372
2023-12-20,-101022.5,-111022.5,9950.0,-11.153015075376885
2023-12-20,-101044.0,-111044.0,9950.0,-11.155175879396985
2023-12-23,-101044.5,-111044.5,9950.0,-11.155226130653267
2023-12-23,-101006.5,-111006.5,9950.0,-11.151407035175879
2023-12-23,-100912.5,-110912.5,9950.0,-11.141959798994975
2023-12-23,-100972.5,-110972.5,9950.0,-11.147989949748744
2023-12-23,-100982.0,-110982.0,9950.0,-11.14894472361809
2023-12-23,-100912.5,-110912.5,9950.0,-11.141959798994975
2023-12-23,-100972.5,-110972.5,9950.0,-11.147989949748744
2023-12-23,-101002.5,-111002.5,9950.0,-11.151005025125627
2023-12-23,-100813.0,-110813.0,9950.0,-11.131959798994975
2023-12-23,-100883.0,-110883.0,9950.0,-11.138994974874372
2024-01-07,-100903.0,-110903.0,9950.0,-11.141005025125628
2024-01-07,-100893.0,-110893.0,9950.0,-11.14
2024-01-07,-100943.0,-110943.0,9950.0,-11.145025125628141
2024-01-07,-100972.0,-110972.0,9950.0,-11.147939698492463
2024-01-07,-100975.0,-110975.0,9950.0,-11.14824120603015
2024-01-07,-100984.5,-110984.5,9950.0,-11.149195979899497
2024-01-07,-100999.5,-110999.5,9950.0,-11.15070351758794
2024-01-07,-100967.5,-110967.5,9950.0,-11.14748743718593
2024-01-07,-101007.5,-111007.5,9950.0,-11.151507537688442
2024-01-07,-100908.5,-110908.5,9950.0,-11.141557788944723
2024-01-10,-100928.5,-110928.5,9950.0,-11.14356783919598
2024-01-10,-100902.0,-110902.0,9950.0,-11.140904522613065
2024-01-10,-100896.5,-110896.5,9950.0,-11.14035175879397
2024-01-10,-100896.5,-110896.5,9950.0,-11.14035175879397
2024-01-10,-100946.5,-110946.5,9950.0,-11.145376884422111
2024-01-10,-101006.5,-111006.5,9950.0,-11.151407035175879
2024-01-10,-100901.5,-110901.5,9950.0,-11.140854271356783
2024-01-10,-100951.5,-110951.5,9950.0,-11.145879396984924
2024-01-13,-101021.5,-111021.5,9950.0,-11.152914572864322
2024-01-13,-100955.5,-110955.5,9950.0,-11.146281407035175
2024-01-13,-101025.5,-111025.5,9950.0,-11.153316582914574
2024-01-13,-101075.5,-111075.5,9950.0,-11.158341708542714
2024-01-13,-101135.5,-111135.5,9950.0,-11.164371859296482
2024-01-13,-101116.5,-111116.5,9950.0,-11.162462311557789
2024-01-13,-101166.5,-111166.5,9950.0,-11.16748743718593
2024-01-13,-101196.0,-111196.0,9950.0,-11.170452261306533
2024-01-13,-101246.0,-111246.0,9950.0,-11.175477386934674
2024-01-13,-101316.0,-111316.0,9950.0,-11.18251256281407
2024-01-17,-101356.0,-111356.0,9950.0,-11.186532663316584
2024-01-17,-101396.0,-111396.0,9950.0,-11.190552763819095
2024-01-17,-101305.0,-111305.0,9950.0,-11.18140703517588
2024-01-17,-101335.0,-111335.0,9950.0,-11.184422110552763
2024-01-17,-101363.5,-111363.5,9950.0,-11.187286432160803
2024-01-17,-101403.5,-111403.5,9950.0,-11.191306532663317
2024-01-17,-101433.5,-111433.5,9950.0,-11.194321608040202
2024-01-17,-101503.5,-111503.5,9950.0,-11.201356783919598
2024-01-21,-101533.5,-111533.5,9950.0,-11.204371859296483
2024-01-21,-101613.5,-111613.5,9950.0,-11.212412060301508
2024-01-21,-101493.5,-111493.5,9950.0,-11.20035175879397
2024-01-21,-101499.5,-111499.5,9950.0,-11.200954773869347
2024-01-21,-101525.5,-111525.5,9950.0,-11.20356783919598
2024-01-21,-101553.0,-111553.0,9950.0,-11.206331658291457
2024-01-21,-101623.0,-111623.0,9950.0,-11.213366834170854
2024-01-21,-101653.0,-111653.0,9950.0,-11.216381909547739
2024-01-21,-101624.5,-111624.5,9950.0,-11.213517587939698
2024-01-21,-101635.0,-111635.0,9950.0,-11.214572864321608
2024-01-24,-101675.0,-111675.0,9950.0,-11.21859296482412
2024-01-24,-101685.0,-111685.0,9950.0,-11.219597989949749
2024-01-24,-101745.0,-111745.0,9950.0,-11.225628140703517
2024-01-24,-101715.0,-111715.0,9950.0,-11.222613065326634
2024-01-24,-101745.0,-111745.0,9950.0,-11.225628140703517
2024-01-24,-101715.0,-111715.0,9950.0,-11.222613065326634
2024-01-24,-101745.0,-111745.0,9950.0,-11.225628140703517
2024-01-24,-101805.0,-111805.0,9950.0,-11.231658291457286
2024-01-28,-101689.0,-111689.0,9950.0,-11.22
2024-01-28,-101443.0,-111443.0,9950.0,-11.195276381909547
2024-01-28,-101483.0,-111483.0,9950.0,-11.19929648241206
2024-01-28,-101553.0,-111553.0,9950.0,-11.206331658291457
2024-01-28,-101357.0,-111357.0,9950.0,-11.186633165829146
2024-01-28,-101407.0,-111407.0,9950.0,-11.191658291457287
2024-01-28,-101487.0,-111487.0,9950.0,-11.199698492462312
2024-01-28,-101557.0,-111557.0,9950.0,-11.206733668341709
2024-01-28,-101627.0,-111627.0,9950.0,-11.213768844221105
2024-01-28,-101687.0,-111687.0,9950.0,-11.219798994974875
2024-01-31,-101717.0,-111717.0,9950.0,-11.22281407035176
2024-01-31,-101659.0,-111659.0,9950.0,-11.216984924623116
2024-01-31,-101600.5,-111600.5,9950.0,-11.21110552763819
2024-01-31,-101611.5,-111611.5,9950.0,-11.212211055276383
2024-01-31,-101621.5,-111621.5,9950.0,-11.21321608040201
2024-01-31,-101577.0,-111577.0,9950.0,-11.208743718592965
2024-01-31,-101473.0,-111473.0,9950.0,-11.198291457286432
2024-01-31,-101523.0,-111523.0,9950.0,-11.203316582914573
2024-01-31,-101531.5,-111531.5,9950.0,-11.204170854271357
2024-02-04,-101561.5,-111561.5,9950.0,-11.207185929648242
2024-02-04,-101611.5,-111611.5,9950.0,-11.212211055276383
2024-02-04,-101638.0,-111638.0,9950.0,-11.214874371859297
2024-02-04,-101633.5,-111633.5,9950.0,-11.214422110552764
2024-02-04,-101703.5,-111703.5,9950.0,-11.22145728643216
2024-02-04,-101733.5,-111733.5,9950.0,-11.224472361809045
2024-02-04,-101747.5,-111747.5,9950.0,-11.225879396984924
2024-02-04,-101714.0,-111714.0,9950.0,-11.222512562814071
2024-02-04,-101774.0,-111774.0,9950.0,-11.228542713567839
2024-02-04,-101834.0,-111834.0,9950.0,-11.234572864321608
2024-02-07,-101874.0,-111874.0,9950.0,-11.23859296482412
2024-02-07,-101856.0,-111856.0,9950.0,-11.23678391959799
2024-02-07,-101846.0,-111846.0,9950.0,-11.235778894472363
2024-02-07,-101854.0,-111854.0,9950.0,-11.236582914572864
2024-02-07,-101904.0,-111904.0,9950.0,-11.241608040201005
2024-02-07,-101944.0,-111944.0,9950.0,-11.245628140703518
2024-02-07,-101984.0,-111984.0,9950.0,-11.24964824120603
2024-02-07,-102024.0,-112024.0,9950.0,-11.253668341708543
2024-02-07,-102033.5,-112033.5,9950.0,-11.254623115577889
2024-02-18,-102036.5,-112036.5,9950.0,-11.254924623115578
2024-02-18,-102076.5,-112076.5,9950.0,-11.258944723618091
2024-02-18,-102065.5,-112065.5,9950.0,-11.2578391959799
2024-02-18,-101853.0,-111853.0,9950.0,-11.236482412060301
2024-02-18,-101736.5,-111736.5,9950.0,-11.224773869346734
2024-02-18,-101786.5,-111786.5,9950.0,-11.229798994974875
2024-02-18,-101632.5,-111632.5,9950.0,-11.214321608040201
2024-02-18,-101580.5,-111580.5,9950.0,-11.209095477386935
2024-02-18,-101630.5,-111630.5,9950.0,-11.214120603015076
2024-02-18,-101670.5,-111670.5,9950.0,-11.218140703517587
2024-02-21,-101720.5,-111720.5,9950.0,-11.223165829145728
2024-02-21,-101730.5,-111730.5,9950.0,-11.224170854271357
2024-02-21,-101760.5,-111760.5,9950.0,-11.227185929648241
2024-02-21,-101800.5,-111800.5,9950.0,-11.231206030150753
2024-02-21,-101840.5,-111840.5,9950.0,-11.235226130653267
2024-02-21,-101836.5,-111836.5,9950.0,-11.234824120603015
2024-02-21,-101886.5,-111886.5,9950.0,-11.239849246231156
2024-02-21,-101936.5,-111936.5,9950.0,-11.244874371859297
2024-02-21,-101925.0,-111925.0,9950.0,-11.243718592964823
2024-02-25,-101965.0,-111965.0,9950.0,-11.247738693467337
2024-02-25,-102015.0,-112015.0,9950.0,-11.252763819095478
2024-02-25,-102025.0,-112025.0,9950.0,-11.253768844221106
2024-02-25,-102065.0,-112065.0,9950.0,-11.257788944723618
2024-02-25,-102125.0,-112125.0,9950.0,-11.263819095477388
2024-02-25,-102165.0,-112165.0,9950.0,-11.2678391959799
2024-02-25,-102187.5,-112187.5,9950.0,-11.270100502512562
2024-02-25,-102213.5,-112213.5,9950.0,-11.272713567839196
2024-02-25,-102212.0,-112212.0,9950.0,-11.272562814070351
2024-02-25,-102292.0,-112292.0,9950.0,-11.280603015075377
2024-02-28,-102332.0,-112332.0,9950.0,-11.28462311557789
2024-02-28,-102362.0,-112362.0,9950.0,-11.287638190954773
2024-02-28,-102341.0,-112341.0,9950.0,-11.285527638190954
2024-02-28,-102371.0,-112371.0,9950.0,-11.28854271356784
2024-02-28,-102391.0,-112391.0,9950.0,-11.290552763819095
2024-02-28,-102348.0,-112348.0,9950.0,-11.286231155778895
2024-02-28,-102388.0,-112388.0,9950.0,-11.290251256281406
2024-02-28,-102362.0,-112362.0,9950.0,-11.287638190954773
2024-02-28,-102412.0,-112412.0,9950.0,-11.292663316582914
2024-03-03,-102442.0,-112442.0,9950.0,-11.295678391959799
2024-03-03,-102207.5,-112207.5,9950.0,-11.272110552763818
2024-03-03,-102277.5,-112277.5,9950.0,-11.279145728643217
2024-03-03,-102249.5,-112249.5,9950.0,-11.276331658291458
2024-03-03,-102319.5,-112319.5,9950.0,-11.283366834170854
2024-03-03,-102245.5,-112245.5,9950.0,-11.275929648241206
2024-03-03,-102305.5,-112305.5,9950.0,-11.281959798994976
2024-03-03,-102290.0,-112290.0,9950.0,-11.280402010050251
2024-03-03,-102340.0,-112340.0,9950.0,-11.285427135678392
2024-03-03,-102318.0,-112318.0,9950.0,-11.28321608040201
2024-03-06,-102378.0,-112378.0,9950.0,-11.28924623115578
2024-03-06,-102322.0,-112322.0,9950.0,-11.283618090452261
2024-03-06,-102372.0,-112372.0,9950.0,-11.288643216080402
2024-03-06,-102412.0,-112412.0,9950.0,-11.292663316582914
2024-03-06,-102359.5,-112359.5,9950.0,-11.287386934673366
2024-03-06,-102389.5,-112389.5,9950.0,-11.29040201005025
2024-03-06,-102419.5,-112419.5,9950.0,-11.293417085427135
2024-03-06,-102449.5,-112449.5,9950.0,-11.29643216080402
2024-03-06,-102469.5,-112469.5,9950.0,-11.298442211055276
2024-03-10,-102499.0,-112499.0,9950.0,-11.30140703517588
2024-03-10,-102549.0,-112549.0,9950.0,-11.30643216080402
2024-03-10,-102526.0,-112526.0,9950.0,-11.304120603015075
2024-03-10,-102586.0,-112586.0,9950.0,-11.310150753768845
2024-03-10,-102646.0,-112646.0,9950.0,-11.316180904522612
2024-03-10,-102686.0,-112686.0,9950.0,-11.320201005025126
2024-03-10,-102766.0,-112766.0,9950.0,-11.328241206030151
2024-03-10,-102806.0,-112806.0,9950.0,-11.332261306532663
2024-03-10,-102886.0,-112886.0,9950.0,-11.340301507537689
2024-03-10,-102926.0,-112926.0,9950.0,-11.3443216080402
2024-03-13,-102939.5,-112939.5,9950.0,-11.3456783919598
2024-03-13,-102933.0,-112933.0,9950.0,-11.34502512562814
2024-03-13,-102963.0,-112963.0,9950.0,-11.348040201005025
2024-03-13,-103013.0,-113013.0,9950.0,-11.353065326633166
2024-03-13,-103005.0,-113005.0,9950.0,-11.352261306532663
2024-03-13,-103035.0,-113035.0,9950.0,-11.355276381909547
2024-03-13,-102998.0,-112998.0,9950.0,-11.351557788944724
2024-03-13,-103048.0,-113048.0,9950.0,-11.356582914572865
2024-03-13,-103050.5,-113050.5,9950.0,-11.356834170854272
2024-03-16,-103080.5,-113080.5,9950.0,-11.359849246231155
2024-03-16,-103140.5,-113140.5,9950.0,-11.365879396984925
2024-03-16,-103180.5,-113180.5,9950.0,-11.369899497487436
2024-03-16,-103220.5,-113220.5,9950.0,-11.37391959798995
2024-03-16,-103108.0,-113108.0,9950.0,-11.362613065326633
2024-03-16,-103138.0,-113138.0,9950.0,-11.365628140703517
2024-03-16,-103168.0,-113168.0,9950.0,-11.368643216080402
2024-03-16,-103208.0,-113208.0,9950.0,-11.372663316582914
2024-03-16,-103258.0,-113258.0,9950.0,-11.377688442211054
2024-03-16,-103318.0,-113318.0,9950.0,-11.383718592964824
2024-03-20,-103277.0,-113277.0,9950.0,-11.37959798994975
2024-03-20,-103307.0,-113307.0,9950.0,-11.382613065326634
2024-03-20,-103347.0,-113347.0,9950.0,-11.386633165829146
2024-03-20,-103313.5,-113313.5,9950.0,-11.383266331658291
2024-03-20,-103363.5,-113363.5,9950.0,-11.388291457286432
2024-03-20,-103403.5,-113403.5,9950.0,-11.392311557788945
2024-03-20,-103387.5,-113387.5,9950.0,-11.390703517587939
2024-03-20,-103437.5,-113437.5,9950.0,-11.39572864321608
2024-03-20,-103517.5,-113517.5,9950.0,-11.403768844221105
2024-03-24,-103587.5,-113587.5,9950.0,-11.410804020100503
2024-03-24,-103641.5,-113641.5,9950.0,-11.416231155778895
2024-03-24,-103701.5,-113701.5,9950.0,-11.422261306532663
2024-03-24,-103771.5,-113771.5,9950.0,-11.42929648241206
2024-03-24,-103671.5,-113671.5,9950.0,-11.419246231155778
2024-03-24,-103711.5,-113711.5,9950.0,-11.423266331658292
2024-03-24,-103730.5,-113730.5,9950.0,-11.425175879396985
2024-03-24,-103722.0,-113722.0,9950.0,-11.4243216080402
2024-03-24,-103762.0,-113762.0,9950.0,-11.428341708542714
2024-03-24,-103812.0,-113812.0,9950.0,-11.433366834170855
2024-03-27,-103842.0,-113842.0,9950.0,-11.43638190954774
2024-03-27,-103806.5,-113806.5,9950.0,-11.432814070351759
2024-03-27,-103846.5,-113846.5,9950.0,-11.436834170854272
2024-03-27,-103695.5,-113695.5,9950.0,-11.421658291457286
2024-03-27,-103710.0,-113710.0,9950.0,-11.423115577889448
2024-03-27,-103750.0,-113750.0,9950.0,-11.42713567839196
2024-03-27,-103800.0,-113800.0,9950.0,-11.4321608040201
2024-03-27,-103830.0,-113830.0,9950.0,-11.435175879396985
2024-03-27,-103870.0,-113870.0,9950.0,-11.439195979899498
2024-03-31,-103910.0,-113910.0,9950.0,-11.44321608040201
2024-03-31,-103980.0,-113980.0,9950.0,-11.450251256281406
2024-03-31,-103701.0,-113701.0,9950.0,-11.422211055276382
2024-03-31,-103731.0,-113731.0,9950.0,-11.425226130653266
2024-03-31,-103771.0,-113771.0,9950.0,-11.429246231155778
2024-03-31,-103621.0,-113621.0,9950.0,-11.414170854271356
2024-03-31,-103671.0,-113671.0,9950.0,-11.419195979899497
2024-03-31,-103721.0,-113721.0,9950.0,-11.424221105527637
2024-03-31,-103685.5,-113685.5,9950.0,-11.420653266331659
2024-03-31,-103735.5,-113735.5,9950.0,-11.4256783919598
2024-04-03,-103775.5,-113775.5,9950.0,-11.429698492462311
2024-04-03,-103815.5,-113815.5,9950.0,-11.433718592964825
2024-04-03,-103845.5,-113845.5,9950.0,-11.43673366834171
2024-04-03,-103885.5,-113885.5,9950.0,-11.440753768844221
2024-04-03,-103915.5,-113915.5,9950.0,-11.443768844221106
2024-04-03,-103898.0,-113898.0,9950.0,-11.442010050251257
2024-04-03,-103806.0,-113806.0,9950.0,-11.432763819095477
2024-04-03,-103846.0,-113846.0,9950.0,-11.43678391959799
2024-04-07,-103906.0,-113906.0,9950.0,-11.442814070351758
2024-04-07,-103946.0,-113946.0,9950.0,-11.446834170854272
2024-04-07,-103813.0,-113813.0,9950.0,-11.433467336683417
2024-04-07,-103853.0,-113853.0,9950.0,-11.43748743718593
2024-04-07,-103847.0,-113847.0,9950.0,-11.436884422110552
2024-04-07,-103877.0,-113877.0,9950.0,-11.439899497487437
2024-04-07,-103947.0,-113947.0,9950.0,-11.446934673366835
2024-04-07,-103968.0,-113968.0,9950.0,-11.449045226130654
2024-04-07,-103979.0,-113979.0,9950.0,-11.450150753768844
2024-04-07,-104029.0,-114029.0,9950.0,-11.455175879396984
2024-04-10,-104049.0,-114049.0,9950.0,-11.457185929648242
2024-04-10,-103784.5,-113784.5,9950.0,-11.430603015075377
2024-04-10,-103814.5,-113814.5,9950.0,-11.433618090452262
2024-04-10,-103831.0,-113831.0,9950.0,-11.435276381909548
2024-04-10,-103793.5,-113793.5,9950.0,-11.431507537688443
2024-04-10,-103758.0,-113758.0,9950.0,-11.427939698492462
2024-04-10,-103710.5,-113710.5,9950.0,-11.423165829145729
2024-04-10,-103674.0,-113674.0,9950.0,-11.419497487437186
2024-04-10,-103724.0,-113724.0,9950.0,-11.424522613065326
2024-04-14,-103764.0,-113764.0,9950.0,-11.42854271356784
2024-04-14,-103711.5,-113711.5,9950.0,-11.423266331658292
2024-04-14,-103641.0,-113641.0,9950.0,-11.416180904522614
2024-04-14,-103535.5,-113535.5,9950.0,-11.405577889447237
2024-04-14,-103595.5,-113595.5,9950.0,-11.411608040201004
2024-04-14,-103635.5,-113635.5,9950.0,-11.415628140703518
2024-04-14,-103665.5,-113665.5,9950.0,-11.418643216080403
2024-04-14,-103646.0,-113646.0,9950.0,-11.416683417085427
2024-04-14,-103601.0,-113601.0,9950.0,-11.4121608040201
2024-04-14,-103621.0,-113621.0,9950.0,-11.414170854271356
2024-04-14,-103701.0,-113701.0,9950.0,-11.422211055276382
2024-04-17,-103657.0,-113657.0,9950.0,-11.417788944723618
2024-04-17,-103707.0,-113707.0,9950.0,-11.422814070351759
2024-04-17,-103757.0,-113757.0,9950.0,-11.4278391959799
2024-04-17,-103749.5,-113749.5,9950.0,-11.427085427135678
2024-04-17,-103799.5,-113799.5,9950.0,-11.432110552763818
2024-04-17,-103849.5,-113849.5,9950.0,-11.437135678391959
2024-04-17,-103889.5,-113889.5,9950.0,-11.441155778894473
2024-04-17,-103876.0,-113876.0,9950.0,-11.439798994974874
2024-04-17,-103916.0,-113916.0,9950.0,-11.443819095477387
2024-04-20,-103966.0,-113966.0,9950.0,-11.448844221105528
2024-04-20,-103969.0,-113969.0,9950.0,-11.449145728643217
2024-04-20,-104049.0,-114049.0,9950.0,-11.457185929648242
2024-04-20,-104019.0,-114019.0,9950.0,-11.454170854271357
2024-04-20,-104089.0,-114089.0,9950.0,-11.461206030150754
2024-04-20,-104115.0,-114115.0,9950.0,-11.463819095477387
2024-04-20,-104082.5,-114082.5,9950.0,-11.460552763819095
2024-04-20,-104122.5,-114122.5,9950.0,-11.464572864321608
2024-04-20,-104192.5,-114192.5,9950.0,-11.471608040201005
2024-04-20,-104178.5,-114178.5,9950.0,-11.470201005025126
2024-04-24,-104154.5,-114154.5,9950.0,-11.467788944723617
2024-04-24,-104174.5,-114174.5,9950.0,-11.469798994974875
2024-04-24,-104199.0,-114199.0,9950.0,-11.472261306532664
2024-04-24,-104249.0,-114249.0,9950.0,-11.477286432160804
2024-04-24,-104279.0,-114279.0,9950.0,-11.480301507537689
2024-04-24,-104339.0,-114339.0,9950.0,-11.486331658291457
2024-04-24,-104379.0,-114379.0,9950.0,-11.49035175879397
2024-04-24,-104394.5,-114394.5,9950.0,-11.491909547738693
2024-04-24,-104424.5,-114424.5,9950.0,-11.494924623115578
2024-04-28,-104464.5,-114464.5,9950.0,-11.49894472361809
2024-04-28,-104466.0,-114466.0,9950.0,-11.499095477386934
2024-04-28,-104496.0,-114496.0,9950.0,-11.502110552763819
2024-04-28,-104534.0,-114534.0,9950.0,-11.505929648241207
2024-04-28,-104594.0,-114594.0,9950.0,-11.511959798994974
2024-04-28,-104644.0,-114644.0,9950.0,-11.516984924623115
2024-04-28,-104613.0,-114613.0,9950.0,-11.513869346733669
2024-04-28,-104630.0,-114630.0,9950.0,-11.515577889447236
2024-04-28,-104559.0,-114559.0,9950.0,-11.508442211055277
2024-04-28,-104554.0,-114554.0,9950.0,-11.507939698492462
2024-05-01,-104594.0,-114594.0,9950.0,-11.511959798994974
2024-05-01,-104654.0,-114654.0,9950.0,-11.517989949748744
2024-05-01,-104714.0,-114714.0,9950.0,-11.524020100502513
2024-05-01,-104764.0,-114764.0,9950.0,-11.529045226130654
2024-05-01,-104804.0,-114804.0,9950.0,-11.533065326633166
2024-05-01,-104834.0,-114834.0,9950.0,-11.53608040201005
2024-05-01,-104894.0,-114894.0,9950.0,-11.54211055276382
2024-05-01,-104934.0,-114934.0,9950.0,-11.546130653266331
2024-05-01,-104964.0,-114964.0,9950.0,-11.549145728643216
2024-05-05,-105014.0,-115014.0,9950.0,-11.554170854271357
2024-05-05,-105064.0,-115064.0,9950.0,-11.559195979899497
2024-05-05,-105124.0,-115124.0,9950.0,-11.565226130653267
2024-05-05,-105144.0,-115144.0,9950.0,-11.567236180904523
2024-05-05,-105048.5,-115048.5,9950.0,-11.557638190954775
2024-05-05,-104914.0,-114914.0,9950.0,-11.544120603015076
2024-05-05,-104984.0,-114984.0,9950.0,-11.551155778894472
2024-05-05,-105034.0,-115034.0,9950.0,-11.556180904522613
2024-05-05,-104922.5,-114922.5,9950.0,-11.54497487437186
2024-05-05,-104921.5,-114921.5,9950.0,-11.544874371859297
2024-05-05,-104961.5,-114961.5,9950.0,-11.548894472361809
2024-05-08,-104871.0,-114871.0,9950.0,-11.539798994974875
2024-05-08,-104908.0,-114908.0,9950.0,-11.543517587939698
2024-05-08,-104938.0,-114938.0,9950.0,-11.546532663316583
2024-05-08,-104988.0,-114988.0,9950.0,-11.551557788944724
2024-05-08,-105048.0,-115048.0,9950.0,-11.557587939698493
2024-05-08,-104993.5,-114993.5,9950.0,-11.55211055276382
2024-05-08,-104992.0,-114992.0,9950.0,-11.551959798994975
2024-05-08,-105032.0,-115032.0,9950.0,-11.555979899497487
2024-05-08,-105072.0,-115072.0,9950.0,-11.56
2024-05-11,-105132.0,-115132.0,9950.0,-11.566030150753768
2024-05-11,-105172.0,-115172.0,9950.0,-11.570050251256282
2024-05-11,-105192.0,-115192.0,9950.0,-11.572060301507538
2024-05-11,-105242.0,-115242.0,9950.0,-11.577085427135678
2024-05-11,-105182.0,-115182.0,9950.0,-11.571055276381909
2024-05-11,-105204.0,-115204.0,9950.0,-11.573266331658292
2024-05-11,-105254.0,-115254.0,9950.0,-11.578291457286433
2024-05-11,-105225.5,-115225.5,9950.0,-11.575427135678392
2024-05-11,-104959.5,-114959.5,9950.0,-11.548693467336683
2024-05-11,-104916.0,-114916.0,9950.0,-11.544321608040201
2024-05-15,-104966.0,-114966.0,9950.0,-11.549346733668342
2024-05-15,-104947.5,-114947.5,9950.0,-11.54748743718593
2024-05-15,-104928.5,-114928.5,9950.0,-11.545577889447236
2024-05-15,-104854.5,-114854.5,9950.0,-11.538140703517588
2024-05-15,-104846.0,-114846.0,9950.0,-11.537286432160805
2024-05-15,-104838.0,-114838.0,9950.0,-11.536482412060302
2024-05-15,-104878.0,-114878.0,9950.0,-11.540502512562814
2024-05-15,-104831.0,-114831.0,9950.0,-11.535778894472362
2024-05-15,-104881.0,-114881.0,9950.0,-11.540804020100502
2024-05-19,-104911.0,-114911.0,9950.0,-11.543819095477387
2024-05-19,-104930.5,-114930.5,9950.0,-11.545778894472361
2024-05-19,-104960.5,-114960.5,9950.0,-11.548793969849246
2024-05-19,-104970.5,-114970.5,9950.0,-11.549798994974875
2024-05-19,-104960.0,-114960.0,9950.0,-11.548743718592965
2024-05-19,-105020.0,-115020.0,9950.0,-11.554773869346734
2024-05-19,-105078.5,-115078.5,9950.0,-11.560653266331657
2024-05-19,-105094.0,-115094.0,9950.0,-11.562211055276382
2024-05-19,-105144.0,-115144.0,9950.0,-11.567236180904523
2024-05-19,-105184.0,-115184.0,9950.0,-11.571256281407035
2024-05-22,-105166.5,-115166.5,9950.0,-11.569497487437186
2024-05-22,-105206.5,-115206.5,9950.0,-11.573517587939698
2024-05-22,-105146.5,-115146.5,9950.0,-11.56748743718593
2024-05-22,-105136.5,-115136.5,9950.0,-11.566482412060301
2024-05-22,-105176.5,-115176.5,9950.0,-11.570502512562815
2024-05-22,-105206.5,-115206.5,9950.0,-11.573517587939698
2024-05-22,-105236.5,-115236.5,9950.0,-11.576532663316582
2024-05-22,-105266.5,-115266.5,9950.0,-11.579547738693467
2024-05-22,-105306.5,-115306.5,9950.0,-11.58356783919598
2024-05-26,-105376.5,-115376.5,9950.0,-11.590603015075377
2024-05-26,-105278.5,-115278.5,9950.0,-11.580753768844222
2024-05-26,-105358.5,-115358.5,9950.0,-11.588793969849247
2024-05-26,-105388.5,-115388.5,9950.0,-11.59180904522613
2024-05-26,-105428.5,-115428.5,9950.0,-11.595829145728644
2024-05-26,-105508.5,-115508.5,9950.0,-11.603869346733669
2024-05-26,-105558.5,-115558.5,9950.0,-11.60889447236181
2024-05-26,-105581.0,-115581.0,9950.0,-11.611155778894473
2024-05-26,-105324.0,-115324.0,9950.0,-11.58532663316583
2024-05-26,-105384.0,-115384.0,9950.0,-11.591356783919599
2024-05-29,-105394.0,-115394.0,9950.0,-11.592361809045226
2024-05-29,-105369.0,-115369.0,9950.0,-11.589849246231156
2024-05-29,-105409.0,-115409.0,9950.0,-11.593869346733669
2024-05-29,-105449.0,-115449.0,9950.0,-11.59788944723618
2024-05-29,-105499.0,-115499.0,9950.0,-11.602914572864321
2024-05-29,-105495.0,-115495.0,9950.0,-11.60251256281407
2024-05-29,-105535.0,-115535.0,9950.0,-11.606532663316584
2024-05-29,-105605.0,-115605.0,9950.0,-11.61356783919598
2024-06-02,-105675.0,-115675.0,9950.0,-11.620603015075377
2024-06-02,-105664.5,-115664.5,9950.0,-11.619547738693468
2024-06-02,-105734.5,-115734.5,9950.0,-11.626582914572865
2024-06-02,-105744.5,-115744.5,9950.0,-11.627587939698492
2024-06-02,-105652.5,-115652.5,9950.0,-11.618341708542713
2024-06-02,-105722.5,-115722.5,9950.0,-11.62537688442211
2024-06-02,-105792.5,-115792.5,9950.0,-11.632412060301508
2024-06-02,-105842.5,-115842.5,9950.0,-11.637437185929649
2024-06-02,-105922.5,-115922.5,9950.0,-11.645477386934674
2024-06-02,-105942.5,-115942.5,9950.0,-11.64748743718593
2024-06-02,-105962.5,-115962.5,9950.0,-11.649497487437186
2024-06-05,-105968.5,-115968.5,9950.0,-11.650100502512563
2024-06-05,-105998.5,-115998.5,9950.0,-11.653115577889448
2024-06-05,-105985.0,-115985.0,9950.0,-11.651758793969849
2024-06-05,-105848.0,-115848.0,9950.0,-11.637989949748743
2024-06-05,-105898.0,-115898.0,9950.0,-11.643015075376885
2024-06-05,-105958.0,-115958.0,9950.0,-11.649045226130653
2024-06-05,-105998.0,-115998.0,9950.0,-11.653065326633167
2024-06-05,-105960.5,-115960.5,9950.0,-11.64929648241206
2024-06-05,-105990.5,-115990.5,9950.0,-11.652311557788945
2024-06-08,-105931.5,-115931.5,9950.0,-11.646381909547738
2024-06-08,-105961.5,-115961.5,9950.0,-11.649396984924623
2024-06-08,-106031.5,-116031.5,9950.0,-11.65643216080402
2024-06-08,-106081.5,-116081.5,9950.0,-11.66145728643216
2024-06-08,-106131.5,-116131.5,9950.0,-11.6664824120603
2024-06-08,-106201.5,-116201.5,9950.0,-11.673517587939699
2024-06-08,-106271.5,-116271.5,9950.0,-11.680552763819096
2024-06-08,-106301.5,-116301.5,9950.0,-11.68356783919598
2024-06-08,-106293.0,-116293.0,9950.0,-11.682713567839196
2024-06-08,-106333.0,-116333.0,9950.0,-11.68673366834171
2024-06-12,-106341.5,-116341.5,9950.0,-11.687587939698492
2024-06-12,-106391.5,-116391.5,9950.0,-11.692613065326633
2024-06-12,-106366.0,-116366.0,9950.0,-11.690050251256281
2024-06-12,-106396.0,-116396.0,9950.0,-11.693065326633166
2024-06-12,-106446.0,-116446.0,9950.0,-11.698090452261306
2024-06-12,-106496.0,-116496.0,9950.0,-11.703115577889447
2024-06-12,-106466.5,-116466.5,9950.0,-11.700150753768844
2024-06-12,-106356.5,-116356.5,9950.0,-11.689095477386935
2024-06-12,-106317.0,-116317.0,9950.0,-11.685125628140703
2024-06-15,-106387.0,-116387.0,9950.0,-11.6921608040201
2024-06-15,-106457.0,-116457.0,9950.0,-11.699195979899498
2024-06-15,-106453.5,-116453.5,9950.0,-11.698844221105528
2024-06-15,-106493.5,-116493.5,9950.0,-11.70286432160804
2024-06-15,-106487.0,-116487.0,9950.0,-11.702211055276383
2024-06-15,-106547.0,-116547.0,9950.0,-11.70824120603015
2024-06-15,-106597.0,-116597.0,9950.0,-11.713266331658291
2024-06-15,-106627.0,-116627.0,9950.0,-11.716281407035176
2024-06-15,-106677.0,-116677.0,9950.0,-11.721306532663316
2024-06-15,-106707.0,-116707.0,9950.0,-11.724321608040201
2024-06-15,-106737.0,-116737.0,9950.0,-11.727336683417086
2024-06-23,-106827.0,-116827.0,9950.0,-11.736381909547738
2024-06-23,-106858.0,-116858.0,9950.0,-11.739497487437186
2024-06-23,-106854.0,-116854.0,9950.0,-11.739095477386934
2024-06-23,-106884.0,-116884.0,9950.0,-11.742110552763819
2024-06-23,-106846.0,-116846.0,9950.0,-11.738291457286433
2024-06-23,-106896.0,-116896.0,9950.0,-11.743316582914574
2024-06-23,-106966.0,-116966.0,9950.0,-11.75035175879397
2024-06-23,-106978.0,-116978.0,9950.0,-11.751557788944723
2024-06-23,-107008.0,-117008.0,9950.0,-11.754572864321608
2024-06-23,-107038.0,-117038.0,9950.0,-11.757587939698492
2024-06-23,-107088.0,-117088.0,9950.0,-11.762613065326633
2024-06-26,-107118.0,-117118.0,9950.0,-11.765628140703518
2024-06-26,-107178.0,-117178.0,9950.0,-11.771658291457287
2024-06-26,-107228.0,-117228.0,9950.0,-11.776683417085428
2024-06-26,-107229.0,-117229.0,9950.0,-11.77678391959799
2024-06-26,-107279.0,-117279.0,9950.0,-11.781809045226131
2024-06-26,-107339.0,-117339.0,9950.0,-11.787839195979899
2024-06-26,-107335.5,-117335.5,9950.0,-11.787487437185929
2024-06-26,-107315.5,-117315.5,9950.0,-11.785477386934673
2024-06-26,-107206.0,-117206.0,9950.0,-11.774472361809046
2024-07-06,-107018.0,-117018.0,9950.0,-11.755577889447236
2024-07-06,-106967.0,-116967.0,9950.0,-11.750452261306533
2024-07-06,-106918.5,-116918.5,9950.0,-11.745577889447237
2024-07-06,-106889.0,-116889.0,9950.0,-11.742613065326633
2024-07-06,-106855.5,-116855.5,9950.0,-11.739246231155779
2024-07-06,-106915.5,-116915.5,9950.0,-11.745276381909548
2024-07-06,-106896.0,-116896.0,9950.0,-11.743316582914574
2024-07-06,-106946.0,-116946.0,9950.0,-11.748341708542714
2024-07-06,-107006.0,-117006.0,9950.0,-11.754371859296482
2024-07-06,-107076.0,-117076.0,9950.0,-11.76140703517588
2024-07-10,-106955.0,-116955.0,9950.0,-11.749246231155778
2024-07-10,-106995.0,-116995.0,9950.0,-11.753266331658292
2024-07-10,-107055.0,-117055.0,9950.0,-11.75929648241206
2024-07-10,-107125.0,-117125.0,9950.0,-11.766331658291458
2024-07-10,-107185.0,-117185.0,9950.0,-11.772361809045226
2024-07-10,-107215.0,-117215.0,9950.0,-11.77537688442211
2024-07-10,-107201.0,-117201.0,9950.0,-11.773969849246232
2024-07-10,-107221.0,-117221.0,9950.0,-11.775979899497488
2024-07-10,-107271.0,-117271.0,9950.0,-11.781005025125628
2024-07-14,-107311.0,-117311.0,9950.0,-11.78502512562814
2024-07-14,-107361.0,-117361.0,9950.0,-11.79005025125628
2024-07-14,-107354.5,-117354.5,9950.0,-11.789396984924624
2024-07-14,-107374.5,-117374.5,9950.0,-11.79140703517588
2024-07-14,-107331.5,-117331.5,9950.0,-11.787085427135679
2024-07-14,-107346.0,-117346.0,9950.0,-11.78854271356784
2024-07-14,-107304.5,-117304.5,9950.0,-11.784371859296483
2024-07-14,-107384.5,-117384.5,9950.0,-11.792412060301508
2024-07-14,-107444.5,-117444.5,9950.0,-11.798442211055276
2024-07-14,-107484.5,-117484.5,9950.0,-11.80246231155779
2024-07-14,-107455.5,-117455.5,9950.0,-11.799547738693468
2024-09-08,-107455.0,-117455.0,9950.0,-11.799497487437186
2024-09-08,-107505.0,-117505.0,9950.0,-11.804522613065327
2024-09-08,-107565.0,-117565.0,9950.0,-11.810552763819096
2024-09-08,-107605.0,-117605.0,9950.0,-11.814572864321608
2024-09-08,-107645.0,-117645.0,9950.0,-11.81859296482412
2024-09-08,-107510.5,-117510.5,9950.0,-11.805075376884423
2024-09-08,-107570.5,-117570.5,9950.0,-11.81110552763819
2024-09-08,-107566.5,-117566.5,9950.0,-11.810703517587939
2024-09-08,-107498.0,-117498.0,9950.0,-11.803819095477387
2024-09-08,-107558.0,-117558.0,9950.0,-11.809849246231156
2024-09-11,-107588.0,-117588.0,9950.0,-11.812864321608041
2024-09-11,-107580.0,-117580.0,9950.0,-11.812060301507538
2024-09-11,-107590.0,-117590.0,9950.0,-11.813065326633167
2024-09-11,-107610.0,-117610.0,9950.0,-11.815075376884423
2024-09-11,-107597.5,-117597.5,9950.0,-11.813819095477387
2024-09-11,-107627.5,-117627.5,9950.0,-11.816834170854271
2024-09-11,-107657.5,-117657.5,9950.0,-11.819849246231156
2024-09-11,-107615.0,-117615.0,9950.0,-11.815577889447237
2024-09-15,-107655.0,-117655.0,9950.0,-11.819597989949749
2024-09-15,-107481.5,-117481.5,9950.0,-11.802160804020101
2024-09-15,-107531.5,-117531.5,9950.0,-11.807185929648242
2024-09-15,-107483.5,-117483.5,9950.0,-11.802361809045227
2024-09-15,-107523.5,-117523.5,9950.0,-11.806381909547738
2024-09-15,-107486.0,-117486.0,9950.0,-11.802613065326634
2024-09-15,-107526.0,-117526.0,9950.0,-11.806633165829146
2024-09-15,-107522.0,-117522.0,9950.0,-11.806231155778894
2024-09-15,-107582.0,-117582.0,9950.0,-11.812261306532664
2024-09-15,-107599.5,-117599.5,9950.0,-11.814020100502512
2024-09-18,-107629.5,-117629.5,9950.0,-11.817035175879397
2024-09-18,-107649.5,-117649.5,9950.0,-11.819045226130653
2024-09-18,-107689.5,-117689.5,9950.0,-11.823065326633166
2024-09-18,-107749.5,-117749.5,9950.0,-11.829095477386934
2024-09-18,-107779.5,-117779.5,9950.0,-11.832110552763819
2024-09-18,-107829.5,-117829.5,9950.0,-11.83713567839196
2024-09-18,-107879.5,-117879.5,9950.0,-11.8421608040201
2024-09-18,-107864.5,-117864.5,9950.0,-11.840653266331659
2024-09-22,-107847.5,-117847.5,9950.0,-11.83894472361809
2024-09-22,-107907.5,-117907.5,9950.0,-11.844974874371859
2024-09-22,-107855.0,-117855.0,9950.0,-11.839698492462311
2024-09-22,-107905.0,-117905.0,9950.0,-11.844723618090452
2024-09-22,-107908.0,-117908.0,9950.0,-11.84502512562814
2024-09-22,-107808.5,-117808.5,9950.0,-11.83502512562814
2024-09-22,-107838.5,-117838.5,9950.0,-11.838040201005025
2024-09-22,-107811.5,-117811.5,9950.0,-11.83532663316583
2024-09-22,-107848.5,-117848.5,9950.0,-11.839045226130652
2024-09-22,-107898.5,-117898.5,9950.0,-11.844070351758795
2024-09-25,-107933.0,-117933.0,9950.0,-11.84753768844221
2024-09-25,-107938.5,-117938.5,9950.0,-11.848090452261307
2024-09-25,-107944.5,-117944.5,9950.0,-11.848693467336684
2024-09-25,-107964.5,-117964.5,9950.0,-11.85070351758794
2024-09-25,-108004.5,-118004.5,9950.0,-11.854723618090452
2024-09-25,-108044.5,-118044.5,9950.0,-11.858743718592965
2024-09-25,-108083.5,-118083.5,9950.0,-11.862663316582914
2024-09-25,-107968.0,-117968.0,9950.0,-11.85105527638191
2024-09-28,-107978.0,-117978.0,9950.0,-11.852060301507537
2024-09-28,-108008.0,-118008.0,9950.0,-11.855075376884422
2024-09-28,-108038.0,-118038.0,9950.0,-11.858090452261306
2024-09-28,-107962.5,-117962.5,9950.0,-11.850502512562814
2024-09-28,-107982.5,-117982.5,9950.0,-11.85251256281407
2024-09-28,-108042.5,-118042.5,9950.0,-11.85854271356784
2024-09-28,-107933.0,-117933.0,9950.0,-11.84753768844221
2024-09-28,-107913.5,-117913.5,9950.0,-11.845577889447236
2024-09-28,-107953.5,-117953.5,9950.0,-11.849597989949748
2024-09-28,-107993.5,-117993.5,9950.0,-11.853618090452262
2024-10-06,-108033.5,-118033.5,9950.0,-11.857638190954773
2024-10-06,-108063.5,-118063.5,9950.0,-11.860653266331658
2024-10-06,-108086.0,-118086.0,9950.0,-11.862914572864321
2024-10-06,-108126.0,-118126.0,9950.0,-11.866934673366835
2024-10-06,-108094.0,-118094.0,9950.0,-11.863718592964824
2024-10-06,-108011.5,-118011.5,9950.0,-11.855427135678392
2024-10-06,-108051.5,-118051.5,9950.0,-11.859447236180905
2024-10-06,-108111.5,-118111.5,9950.0,-11.865477386934673
2024-10-06,-108191.5,-118191.5,9950.0,-11.873517587939698
2024-10-06,-108251.5,-118251.5,9950.0,-11.879547738693468
2024-10-09,-108271.5,-118271.5,9950.0,-11.881557788944724
2024-10-09,-108301.5,-118301.5,9950.0,-11.884572864321608
2024-10-09,-108256.5,-118256.5,9950.0,-11.880050251256282
2024-10-09,-108306.5,-118306.5,9950.0,-11.885075376884423
2024-10-09,-108346.5,-118346.5,9950.0,-11.889095477386935
2024-10-09,-108347.0,-118347.0,9950.0,-11.889145728643216
2024-10-09,-108383.0,-118383.0,9950.0,-11.892763819095478
2024-10-09,-108423.0,-118423.0,9950.0,-11.89678391959799
2024-10-13,-108493.0,-118493.0,9950.0,-11.903819095477386
2024-10-13,-108563.0,-118563.0,9950.0,-11.910854271356785
2024-10-13,-108539.0,-118539.0,9950.0,-11.908442211055277
2024-10-13,-108579.0,-118579.0,9950.0,-11.912462311557789
2024-10-13,-108609.0,-118609.0,9950.0,-11.915477386934674
2024-10-13,-108679.0,-118679.0,9950.0,-11.92251256281407
2024-10-13,-108759.0,-118759.0,9950.0,-11.930552763819096
2024-10-13,-108809.0,-118809.0,9950.0,-11.935577889447236
2024-10-13,-108869.0,-118869.0,9950.0,-11.941608040201006
2024-10-13,-108919.0,-118919.0,9950.0,-11.946633165829146
2024-10-16,-108969.0,-118969.0,9950.0,-11.951658291457287
2024-10-16,-108952.0,-118952.0,9950.0,-11.949949748743718
2024-10-16,-109002.0,-119002.0,9950.0,-11.954974874371858
2024-10-16,-109052.0,-119052.0,9950.0,-11.96
2024-10-16,-108995.0,-118995.0,9950.0,-11.95427135678392
2024-10-16,-109025.0,-119025.0,9950.0,-11.957286432160805
2024-10-16,-109085.0,-119085.0,9950.0,-11.963316582914572
2024-10-16,-109115.0,-119115.0,9950.0,-11.966331658291457
2024-10-20,-109175.0,-119175.0,9950.0,-11.972361809045227
2024-10-20,-109225.0,-119225.0,9950.0,-11.977386934673367
2024-10-20,-109203.5,-119203.5,9950.0,-11.975226130653267
2024-10-20,-109221.5,-119221.5,9950.0,-11.977035175879397
2024-10-20,-109178.0,-119178.0,9950.0,-11.972663316582915
2024-10-20,-109169.0,-119169.0,9950.0,-11.97175879396985
2024-10-20,-109229.0,-119229.0,9950.0,-11.977788944723619
2024-10-20,-109309.0,-119309.0,9950.0,-11.985829145728642
2024-10-20,-109349.0,-119349.0,9950.0,-11.989849246231156
2024-10-20,-109309.0,-119309.0,9950.0,-11.985829145728642
2024-10-23,-109349.0,-119349.0,9950.0,-11.989849246231156
2024-10-23,-109155.0,-119155.0,9950.0,-11.97035175879397
2024-10-23,-109195.0,-119195.0,9950.0,-11.974371859296483
2024-10-23,-109255.0,-119255.0,9950.0,-11.980402010050252
2024-10-23,-109305.0,-119305.0,9950.0,-11.985427135678393
2024-10-23,-109325.0,-119325.0,9950.0,-11.987437185929648
2024-10-23,-109375.0,-119375.0,9950.0,-11.992462311557789
2024-10-23,-109415.0,-119415.0,9950.0,-11.9964824120603
2024-10-27,-109445.0,-119445.0,9950.0,-11.999497487437186
2024-10-27,-109474.0,-119474.0,9950.0,-12.002412060301507
2024-10-27,-109504.0,-119504.0,9950.0,-12.005427135678392
2024-10-27,-109464.5,-119464.5,9950.0,-12.00145728643216
2024-10-27,-109514.5,-119514.5,9950.0,-12.0064824120603
2024-10-27,-109554.5,-119554.5,9950.0,-12.010502512562814
2024-10-27,-109594.5,-119594.5,9950.0,-12.014522613065326
2024-10-27,-109624.5,-119624.5,9950.0,-12.01753768844221
2024-10-27,-109577.5,-119577.5,9950.0,-12.012814070351759
2024-10-27,-109627.5,-119627.5,9950.0,-12.0178391959799
2024-10-30,-109677.5,-119677.5,9950.0,-12.02286432160804
2024-10-30,-109717.5,-119717.5,9950.0,-12.026884422110554
2024-10-30,-109777.5,-119777.5,9950.0,-12.032914572864321
2024-10-30,-109797.5,-119797.5,9950.0,-12.034924623115577
2024-10-30,-109760.5,-119760.5,9950.0,-12.031206030150754
2024-10-30,-109800.5,-119800.5,9950.0,-12.035226130653266
2024-10-30,-109840.5,-119840.5,9950.0,-12.03924623115578
2024-10-30,-109890.5,-119890.5,9950.0,-12.04427135678392
2024-11-03,-109910.5,-119910.5,9950.0,-12.046281407035176
2024-11-03,-109960.5,-119960.5,9950.0,-12.051306532663316
2024-11-03,-110020.5,-120020.5,9950.0,-12.057336683417086
2024-11-03,-110090.5,-120090.5,9950.0,-12.064371859296482
2024-11-03,-110140.5,-120140.5,9950.0,-12.069396984924623
2024-11-03,-110210.5,-120210.5,9950.0,-12.07643216080402
2024-11-03,-110137.0,-120137.0,9950.0,-12.069045226130653
2024-11-03,-110103.0,-120103.0,9950.0,-12.065628140703518
2024-11-03,-110125.5,-120125.5,9950.0,-12.067889447236182
2024-11-03,-110195.5,-120195.5,9950.0,-12.074924623115578
2024-11-06,-110143.5,-120143.5,9950.0,-12.069698492462312
2024-11-06,-110121.5,-120121.5,9950.0,-12.06748743718593
2024-11-06,-110161.5,-120161.5,9950.0,-12.071507537688442
2024-11-06,-110196.5,-120196.5,9950.0,-12.075025125628141
2024-11-06,-110246.5,-120246.5,9950.0,-12.080050251256282
2024-11-06,-110203.5,-120203.5,9950.0,-12.075728643216081
2024-11-06,-110223.5,-120223.5,9950.0,-12.077738693467337
2024-11-06,-110263.5,-120263.5,9950.0,-12.081758793969849
2024-11-06,-110313.5,-120313.5,9950.0,-12.08678391959799
2024-11-09,-110353.5,-120353.5,9950.0,-12.090804020100503
2024-11-09,-110403.5,-120403.5,9950.0,-12.095829145728644
2024-11-09,-110463.5,-120463.5,9950.0,-12.101859296482411
2024-11-09,-110472.0,-120472.0,9950.0,-12.102713567839196
2024-11-09,-110542.0,-120542.0,9950.0,-12.109748743718592
2024-11-09,-110602.0,-120602.0,9950.0,-12.115778894472362
2024-11-09,-110589.0,-120589.0,9950.0,-12.114472361809046
2024-11-09,-110659.0,-120659.0,9950.0,-12.121507537688442
2024-11-09,-110729.0,-120729.0,9950.0,-12.128542713567839
2024-11-09,-110789.0,-120789.0,9950.0,-12.134572864321608
2024-11-13,-110785.0,-120785.0,9950.0,-12.134170854271357
2024-11-13,-110845.0,-120845.0,9950.0,-12.140201005025126
2024-11-13,-110895.0,-120895.0,9950.0,-12.145226130653267
2024-11-13,-110931.0,-120931.0,9950.0,-12.148844221105527
2024-11-13,-110956.0,-120956.0,9950.0,-12.151356783919598
2024-11-13,-110905.0,-120905.0,9950.0,-12.146231155778894
2024-11-17,-110854.5,-120854.5,9950.0,-12.141155778894472
2024-11-17,-110778.5,-120778.5,9950.0,-12.133517587939698
2024-11-17,-110848.5,-120848.5,9950.0,-12.140552763819095
2024-11-17,-110889.0,-120889.0,9950.0,-12.14462311557789
2024-11-17,-110850.5,-120850.5,9950.0,-12.14075376884422
2024-11-17,-110930.5,-120930.5,9950.0,-12.148793969849246
2024-11-17,-110943.0,-120943.0,9950.0,-12.150050251256282
2024-11-17,-111003.0,-121003.0,9950.0,-12.15608040201005
2024-11-17,-111063.0,-121063.0,9950.0,-12.162110552763819
2024-11-17,-111090.0,-121090.0,9950.0,-12.164824120603015
2024-11-17,-111058.5,-121058.5,9950.0,-12.161658291457286
2024-11-20,-110988.0,-120988.0,9950.0,-12.154572864321608
2024-11-20,-111018.0,-121018.0,9950.0,-12.157587939698493
2024-11-20,-110961.5,-120961.5,9950.0,-12.151909547738693
2024-11-20,-111011.5,-121011.5,9950.0,-12.156934673366834
2024-11-20,-111061.5,-121061.5,9950.0,-12.161959798994975
2024-11-20,-111101.5,-121101.5,9950.0,-12.165979899497488
2024-11-20,-111085.5,-121085.5,9950.0,-12.164371859296482
2024-11-20,-111125.5,-121125.5,9950.0,-12.168391959798996
2024-11-20,-111164.5,-121164.5,9950.0,-12.172311557788944
2024-11-24,-111214.5,-121214.5,9950.0,-12.177336683417085
2024-11-24,-111235.5,-121235.5,9950.0,-12.179447236180904
2024-11-24,-111305.5,-121305.5,9950.0,-12.186482412060302
2024-11-24,-111243.5,-121243.5,9950.0,-12.180251256281407
2024-11-24,-111303.5,-121303.5,9950.0,-12.186281407035176
2024-11-24,-111373.5,-121373.5,9950.0,-12.193316582914573
2024-11-24,-111341.0,-121341.0,9950.0,-12.190050251256281
2024-11-24,-111421.0,-121421.0,9950.0,-12.198090452261306
2024-11-24,-111416.0,-121416.0,9950.0,-12.197587939698492
2024-11-24,-111456.0,-121456.0,9950.0,-12.201608040201005
2024-11-27,-111443.5,-121443.5,9950.0,-12.20035175879397
2024-11-27,-111473.5,-121473.5,9950.0,-12.203366834170854
2024-11-27,-111492.0,-121492.0,9950.0,-12.205226130653266
2024-11-27,-111552.0,-121552.0,9950.0,-12.211256281407035
2024-11-27,-111612.0,-121612.0,9950.0,-12.217286432160805
2024-11-27,-111615.0,-121615.0,9950.0,-12.217587939698493
2024-11-27,-111665.0,-121665.0,9950.0,-12.222613065326634
2024-11-27,-111657.5,-121657.5,9950.0,-12.221859296482412
2024-11-27,-111613.5,-121613.5,9950.0,-12.217437185929649
2024-12-01,-111633.5,-121633.5,9950.0,-12.219447236180905
2024-12-01,-111703.5,-121703.5,9950.0,-12.226482412060301
2024-12-01,-111698.0,-121698.0,9950.0,-12.225929648241205
2024-12-01,-111738.0,-121738.0,9950.0,-12.229949748743719
2024-12-01,-111778.0,-121778.0,9950.0,-12.23396984924623
2024-12-01,-111868.0,-121868.0,9950.0,-12.243015075376885
2024-12-01,-111702.5,-121702.5,9950.0,-12.226381909547738
2024-12-01,-111717.5,-121717.5,9950.0,-12.227889447236182
2024-12-01,-111757.5,-121757.5,9950.0,-12.231909547738693
2024-12-01,-111827.5,-121827.5,9950.0,-12.23894472361809
2024-12-04,-111857.5,-121857.5,9950.0,-12.241959798994975
2024-12-04,-111907.5,-121907.5,9950.0,-12.246984924623115
2024-12-04,-111921.0,-121921.0,9950.0,-12.248341708542714
2024-12-04,-111875.0,-121875.0,9950.0,-12.243718592964823
2024-12-04,-111844.5,-121844.5,9950.0,-12.240653266331659
2024-12-04,-111884.5,-121884.5,9950.0,-12.24467336683417
2024-12-04,-111910.0,-121910.0,9950.0,-12.247236180904522
2024-12-04,-111950.0,-121950.0,9950.0,-12.251256281407036
2024-12-04,-111956.5,-121956.5,9950.0,-12.251909547738693
2024-12-08,-112026.5,-122026.5,9950.0,-12.258944723618091
2024-12-08,-112096.5,-122096.5,9950.0,-12.265979899497488
2024-12-08,-112156.5,-122156.5,9950.0,-12.272010050251255
2024-12-08,-111911.0,-121911.0,9950.0,-12.247336683417085
2024-12-08,-111961.0,-121961.0,9950.0,-12.252361809045226
2024-12-08,-112023.0,-122023.0,9950.0,-12.258592964824121
2024-12-08,-112093.0,-122093.0,9950.0,-12.265628140703518
2024-12-08,-112008.5,-122008.5,9950.0,-12.25713567839196
2024-12-08,-112078.5,-122078.5,9950.0,-12.264170854271358
2024-12-08,-112158.5,-122158.5,9950.0,-12.272211055276381
2024-12-11,-112156.0,-122156.0,9950.0,-12.271959798994974
2024-12-11,-112142.0,-122142.0,9950.0,-12.270552763819095
2024-12-11,-112155.5,-122155.5,9950.0,-12.271909547738693
2024-12-11,-112173.0,-122173.0,9950.0,-12.273668341708543
2024-12-11,-112135.0,-122135.0,9950.0,-12.269849246231155
2024-12-11,-111973.5,-121973.5,9950.0,-12.253618090452262
2024-12-11,-112033.5,-122033.5,9950.0,-12.25964824120603
2024-12-11,-112010.5,-122010.5,9950.0,-12.257336683417085
2024-12-11,-112060.5,-122060.5,9950.0,-12.262361809045226
2024-12-15,-112120.5,-122120.5,9950.0,-12.268391959798995
2024-12-15,-112170.5,-122170.5,9950.0,-12.273417085427136
2024-12-15,-112240.5,-122240.5,9950.0,-12.280452261306532
2024-12-15,-112290.5,-122290.5,9950.0,-12.285477386934673
2024-12-15,-112263.5,-122263.5,9950.0,-12.282763819095477
2024-12-15,-112333.5,-122333.5,9950.0,-12.289798994974875
2024-12-15,-112403.5,-122403.5,9950.0,-12.296834170854272
2024-12-15,-112453.5,-122453.5,9950.0,-12.301859296482412
2024-12-15,-112480.5,-122480.5,9950.0,-12.304572864321608
2024-12-15,-112530.5,-122530.5,9950.0,-12.309597989949749
2024-12-18,-112560.5,-122560.5,9950.0,-12.312613065326634
2024-12-18,-112600.5,-122600.5,9950.0,-12.316633165829145
2024-12-18,-112606.5,-122606.5,9950.0,-12.317236180904523
2024-12-18,-112656.5,-122656.5,9950.0,-12.322261306532663
2024-12-18,-112624.5,-122624.5,9950.0,-12.319045226130653
2024-12-18,-112684.5,-122684.5,9950.0,-12.325075376884422
2024-12-18,-112734.5,-122734.5,9950.0,-12.330100502512563
2024-12-18,-112688.5,-122688.5,9950.0,-12.325477386934674
2024-12-22,-112662.5,-122662.5,9950.0,-12.32286432160804
2024-12-22,-112732.5,-122732.5,9950.0,-12.329899497487437
2024-12-22,-112802.5,-122802.5,9950.0,-12.336934673366834
2024-12-22,-112648.0,-122648.0,9950.0,-12.321407035175879
2024-12-22,-112531.5,-122531.5,9950.0,-12.309698492462312
2024-12-22,-112601.5,-122601.5,9950.0,-12.316733668341708
2024-12-22,-112661.5,-122661.5,9950.0,-12.322763819095478
2024-12-22,-112721.5,-122721.5,9950.0,-12.328793969849245
2024-12-22,-112781.5,-122781.5,9950.0,-12.334824120603015
2024-12-22,-112851.5,-122851.5,9950.0,-12.341859296482411
2024-12-29,-112901.5,-122901.5,9950.0,-12.346884422110552
2024-12-29,-112961.5,-122961.5,9950.0,-12.352914572864321
2024-12-29,-113031.5,-123031.5,9950.0,-12.359949748743718
2024-12-29,-113061.5,-123061.5,9950.0,-12.362964824120603
2024-12-29,-112931.0,-122931.0,9950.0,-12.349849246231155
2024-12-29,-112919.0,-122919.0,9950.0,-12.348643216080402
2024-12-29,-112969.0,-122969.0,9950.0,-12.353668341708543
2024-12-29,-113029.0,-123029.0,9950.0,-12.35969849246231
2024-12-29,-112954.0,-122954.0,9950.0,-12.3521608040201
2024-12-29,-113014.0,-123014.0,9950.0,-12.35819095477387
2025-01-01,-112963.5,-122963.5,9950.0,-12.353115577889447
2025-01-01,-113003.5,-123003.5,9950.0,-12.357135678391959
2025-01-01,-113073.5,-123073.5,9950.0,-12.364170854271357
2025-01-01,-113093.5,-123093.5,9950.0,-12.366180904522613
2025-01-01,-113091.0,-123091.0,9950.0,-12.365929648241206
2025-01-01,-113111.0,-123111.0,9950.0,-12.367939698492462
2025-01-01,-113191.0,-123191.0,9950.0,-12.375979899497487
2025-01-01,-113168.5,-123168.5,9950.0,-12.373718592964824
2025-01-01,-113238.5,-123238.5,9950.0,-12.38075376884422
2025-01-01,-113268.5,-123268.5,9950.0,-12.383768844221105
2025-01-01,-113328.5,-123328.5,9950.0,-12.389798994974875
2025-01-05,-113378.5,-123378.5,9950.0,-12.394824120603015
2025-01-05,-113438.5,-123438.5,9950.0,-12.400854271356783
2025-01-05,-113498.5,-123498.5,9950.0,-12.406884422110553
2025-01-05,-113528.5,-123528.5,9950.0,-12.409899497487437
2025-01-05,-113536.0,-123536.0,9950.0,-12.410653266331659
2025-01-05,-113586.0,-123586.0,9950.0,-12.4156783919598
2025-01-05,-113646.0,-123646.0,9950.0,-12.421708542713567
2025-01-05,-113630.5,-123630.5,9950.0,-12.420150753768844
2025-01-05,-113649.5,-123649.5,9950.0,-12.422060301507537
2025-01-05,-113655.0,-123655.0,9950.0,-12.422613065326633
2025-01-08,-113695.0,-123695.0,9950.0,-12.426633165829145
2025-01-08,-113693.0,-123693.0,9950.0,-12.426432160804021
2025-01-08,-113701.5,-123701.5,9950.0,-12.427286432160804
2025-01-08,-113639.0,-123639.0,9950.0,-12.421005025125629
2025-01-08,-113602.5,-123602.5,9950.0,-12.417336683417085
2025-01-08,-113604.0,-123604.0,9950.0,-12.41748743718593
2025-01-08,-113578.5,-123578.5,9950.0,-12.414924623115578
2025-01-08,-113628.5,-123628.5,9950.0,-12.419949748743718
2025-01-08,-113600.5,-123600.5,9950.0,-12.41713567839196
2025-01-12,-113640.5,-123640.5,9950.0,-12.421155778894473
2025-01-12,-113581.5,-123581.5,9950.0,-12.415226130653267
2025-01-12,-113631.5,-123631.5,9950.0,-12.420251256281407
2025-01-12,-113625.5,-123625.5,9950.0,-12.41964824120603
2025-01-12,-113685.5,-123685.5,9950.0,-12.4256783919598
2025-01-12,-113765.5,-123765.5,9950.0,-12.433718592964825
2025-01-12,-113740.5,-123740.5,9950.0,-12.431206030150754
2025-01-12,-113800.5,-123800.5,9950.0,-12.437236180904522
2025-01-12,-113850.5,-123850.5,9950.0,-12.442261306532663
2025-01-12,-113896.0,-123896.0,9950.0,-12.446834170854272
2025-01-15,-113906.0,-123906.0,9950.0,-12.447839195979899
2025-01-15,-113956.0,-123956.0,9950.0,-12.45286432160804
2025-01-15,-113989.5,-123989.5,9950.0,-12.456231155778895
2025-01-15,-113999.5,-123999.5,9950.0,-12.457236180904523
2025-01-15,-114049.5,-124049.5,9950.0,-12.462261306532664
2025-01-15,-114044.5,-124044.5,9950.0,-12.46175879396985
2025-01-15,-114036.5,-124036.5,9950.0,-12.460954773869346
2025-01-15,-113958.0,-123958.0,9950.0,-12.453065326633165
2025-01-15,-113872.5,-123872.5,9950.0,-12.444472361809046
2025-01-19,-113862.5,-123862.5,9950.0,-12.443467336683417
2025-01-19,-113860.5,-123860.5,9950.0,-12.443266331658291
2025-01-19,-113900.5,-123900.5,9950.0,-12.447286432160803
2025-01-19,-113938.0,-123938.0,9950.0,-12.45105527638191
2025-01-19,-113931.0,-123931.0,9950.0,-12.45035175879397
2025-01-19,-113991.0,-123991.0,9950.0,-12.456381909547739
2025-01-19,-113969.5,-123969.5,9950.0,-12.454221105527639
2025-01-19,-113979.0,-123979.0,9950.0,-12.455175879396984
2025-01-19,-113913.5,-123913.5,9950.0,-12.44859296482412
2025-01-19,-113861.0,-123861.0,9950.0,-12.443316582914573
2025-01-19,-113911.0,-123911.0,9950.0,-12.448341708542713
2025-01-22,-113961.0,-123961.0,9950.0,-12.453366834170854
2025-01-22,-114001.0,-124001.0,9950.0,-12.457386934673368
2025-01-22,-114061.0,-124061.0,9950.0,-12.463417085427135
2025-01-22,-114111.0,-124111.0,9950.0,-12.468442211055276
2025-01-22,-114101.5,-124101.5,9950.0,-12.46748743718593
2025-01-22,-114099.0,-124099.0,9950.0,-12.467236180904523
2025-01-22,-114149.0,-124149.0,9950.0,-12.472261306532664
2025-01-22,-114189.0,-124189.0,9950.0,-12.476281407035176
2025-01-22,-114219.0,-124219.0,9950.0,-12.47929648241206
2025-01-26,-114259.0,-124259.0,9950.0,-12.483316582914572
2025-01-26,-114179.5,-124179.5,9950.0,-12.47532663316583
2025-01-26,-114229.5,-124229.5,9950.0,-12.48035175879397
2025-01-26,-114218.0,-124218.0,9950.0,-12.479195979899497
2025-01-26,-114217.5,-124217.5,9950.0,-12.479145728643216
2025-01-26,-114297.5,-124297.5,9950.0,-12.487185929648241
2025-01-26,-114347.5,-124347.5,9950.0,-12.492211055276382
2025-01-26,-114407.5,-124407.5,9950.0,-12.498241206030151
2025-01-26,-114455.0,-124455.0,9950.0,-12.503015075376885
2025-01-26,-114427.0,-124427.0,9950.0,-12.500201005025126
2025-01-26,-114457.0,-124457.0,9950.0,-12.50321608040201
2025-02-05,-114497.0,-124497.0,9950.0,-12.507236180904522
2025-02-05,-114534.0,-124534.0,9950.0,-12.510954773869347
2025-02-05,-114543.5,-124543.5,9950.0,-12.511909547738693
2025-02-05,-114524.0,-124524.0,9950.0,-12.509949748743718
2025-02-05,-114553.5,-124553.5,9950.0,-12.512914572864322
2025-02-05,-114563.5,-124563.5,9950.0,-12.51391959798995
2025-02-05,-114603.5,-124603.5,9950.0,-12.517939698492462
2025-02-05,-114643.5,-124643.5,9950.0,-12.521959798994974
2025-02-05,-114663.5,-124663.5,9950.0,-12.523969849246232
2025-02-09,-114713.5,-124713.5,9950.0,-12.528994974874372
2025-02-09,-114740.5,-124740.5,9950.0,-12.531708542713568
2025-02-09,-114625.5,-124625.5,9950.0,-12.520150753768844
2025-02-09,-114695.5,-124695.5,9950.0,-12.52718592964824
2025-02-09,-114745.5,-124745.5,9950.0,-12.532211055276383
2025-02-09,-114785.5,-124785.5,9950.0,-12.536231155778895
2025-02-09,-114806.0,-124806.0,9950.0,-12.538291457286432
2025-02-09,-114802.0,-124802.0,9950.0,-12.53788944723618
2025-02-09,-114872.0,-124872.0,9950.0,-12.544924623115579
2025-02-09,-114912.0,-124912.0,9950.0,-12.54894472361809
2025-02-09,-114962.0,-124962.0,9950.0,-12.553969849246231
2025-02-12,-115022.0,-125022.0,9950.0,-12.56
2025-02-12,-115062.0,-125062.0,9950.0,-12.564020100502512
2025-02-12,-115102.0,-125102.0,9950.0,-12.568040201005026
2025-02-12,-115132.0,-125132.0,9950.0,-12.571055276381909
2025-02-12,-115172.0,-125172.0,9950.0,-12.575075376884422
2025-02-12,-115222.0,-125222.0,9950.0,-12.580100502512563
2025-02-12,-115252.0,-125252.0,9950.0,-12.583115577889448
2025-02-12,-115292.0,-125292.0,9950.0,-12.58713567839196
2025-02-12,-115342.0,-125342.0,9950.0,-12.5921608040201
2025-02-16,-115274.0,-125274.0,9950.0,-12.58532663316583
2025-02-16,-115334.0,-125334.0,9950.0,-12.591356783919599
2025-02-16,-115308.5,-125308.5,9950.0,-12.588793969849247
2025-02-16,-115378.5,-125378.5,9950.0,-12.595829145728644
2025-02-16,-115438.5,-125438.5,9950.0,-12.601859296482411
2025-02-16,-115453.5,-125453.5,9950.0,-12.603366834170854
2025-02-16,-115513.5,-125513.5,9950.0,-12.609396984924624
2025-02-16,-115573.5,-125573.5,9950.0,-12.615427135678392
2025-02-16,-115643.5,-125643.5,9950.0,-12.622462311557788
2025-02-16,-115713.5,-125713.5,9950.0,-12.629497487437186
2025-02-16,-115595.5,-125595.5,9950.0,-12.617638190954773
2025-02-19,-115579.0,-125579.0,9950.0,-12.615979899497487
2025-02-19,-115557.5,-125557.5,9950.0,-12.613819095477387
2025-02-19,-115519.0,-125519.0,9950.0,-12.609949748743718
2025-02-19,-115495.5,-125495.5,9950.0,-12.607587939698492
2025-02-19,-115535.5,-125535.5,9950.0,-12.611608040201006
2025-02-19,-115595.5,-125595.5,9950.0,-12.617638190954773
2025-02-19,-115645.5,-125645.5,9950.0,-12.622663316582914
2025-02-19,-115533.0,-125533.0,9950.0,-12.611356783919598
2025-02-19,-115563.0,-125563.0,9950.0,-12.614371859296483
2025-02-23,-115450.0,-125450.0,9950.0,-12.603015075376884
2025-02-23,-115372.0,-125372.0,9950.0,-12.595175879396985
2025-02-23,-115412.0,-125412.0,9950.0,-12.599195979899498
2025-02-23,-115472.0,-125472.0,9950.0,-12.605226130653266
2025-02-23,-115376.0,-125376.0,9950.0,-12.595577889447236
2025-02-23,-115352.5,-125352.5,9950.0,-12.59321608040201
2025-02-23,-115412.5,-125412.5,9950.0,-12.599246231155778
2025-02-23,-115472.5,-125472.5,9950.0,-12.605276381909547
2025-02-23,-115542.5,-125542.5,9950.0,-12.612311557788944
2025-02-23,-115602.5,-125602.5,9950.0,-12.618341708542713
2025-02-26,-115612.5,-125612.5,9950.0,-12.619346733668342
2025-02-26,-115672.5,-125672.5,9950.0,-12.62537688442211
2025-02-26,-115588.0,-125588.0,9950.0,-12.616884422110553
2025-02-26,-115606.0,-125606.0,9950.0,-12.618693467336684
2025-02-26,-115604.5,-125604.5,9950.0,-12.61854271356784
2025-02-26,-115599.0,-125599.0,9950.0,-12.617989949748743
2025-02-26,-115629.0,-125629.0,9950.0,-12.621005025125628
2025-02-26,-115669.0,-125669.0,9950.0,-12.62502512562814
2025-02-26,-115709.0,-125709.0,9950.0,-12.629045226130653
2025-03-02,-115779.0,-125779.0,9950.0,-12.63608040201005
2025-03-02,-115819.0,-125819.0,9950.0,-12.640100502512563
2025-03-02,-115800.0,-125800.0,9950.0,-12.638190954773869
2025-03-02,-115823.0,-125823.0,9950.0,-12.640502512562813
2025-03-02,-115867.0,-125867.0,9950.0,-12.644924623115578
2025-03-02,-115774.5,-125774.5,9950.0,-12.635628140703517
2025-03-02,-115753.0,-125753.0,9950.0,-12.633467336683417
2025-03-02,-115748.5,-125748.5,9950.0,-12.633015075376884
2025-03-02,-115743.5,-125743.5,9950.0,-12.632512562814071
2025-03-02,-115793.5,-125793.5,9950.0,-12.637537688442212
2025-03-05,-115797.5,-125797.5,9950.0,-12.637939698492461
2025-03-05,-115824.5,-125824.5,9950.0,-12.640653266331658
2025-03-05,-115834.5,-125834.5,9950.0,-12.641658291457286
2025-03-05,-115874.5,-125874.5,9950.0,-12.645678391959798
2025-03-05,-115817.0,-125817.0,9950.0,-12.639899497487438
2025-03-05,-115867.0,-125867.0,9950.0,-12.644924623115578
2025-03-05,-115907.0,-125907.0,9950.0,-12.64894472361809
2025-03-05,-115967.0,-125967.0,9950.0,-12.65497487437186
2025-03-05,-116007.0,-126007.0,9950.0,-12.658994974874371
2025-03-09,-115931.0,-125931.0,9950.0,-12.651356783919598
2025-03-09,-115926.5,-125926.5,9950.0,-12.650904522613065
2025-03-09,-116006.5,-126006.5,9950.0,-12.65894472361809
2025-03-09,-116056.5,-126056.5,9950.0,-12.66396984924623
2025-03-09,-116116.5,-126116.5,9950.0,-12.67
2025-03-09,-116135.5,-126135.5,9950.0,-12.671909547738693
2025-03-09,-116185.5,-126185.5,9950.0,-12.676934673366834
2025-03-09,-115977.0,-125977.0,9950.0,-12.655979899497487
2025-03-09,-116037.0,-126037.0,9950.0,-12.662010050251256
2025-03-09,-116057.0,-126057.0,9950.0,-12.664020100502512
2025-03-09,-116137.0,-126137.0,9950.0,-12.672060301507537
2025-03-12,-116159.0,-126159.0,9950.0,-12.674271356783919
2025-03-12,-116219.0,-126219.0,9950.0,-12.680301507537688
2025-03-12,-116225.0,-126225.0,9950.0,-12.680904522613066
2025-03-12,-116255.0,-126255.0,9950.0,-12.68391959798995
2025-03-12,-116285.0,-126285.0,9950.0,-12.686934673366833
2025-03-12,-116325.0,-126325.0,9950.0,-12.690954773869347
2025-03-12,-116365.0,-126365.0,9950.0,-12.694974874371859
2025-03-12,-116415.0,-126415.0,9950.0,-12.7
2025-03-12,-116432.0,-126432.0,9950.0,-12.701708542713568
2025-03-15,-116472.0,-126472.0,9950.0,-12.70572864321608
2025-03-15,-116542.0,-126542.0,9950.0,-12.712763819095477
2025-03-15,-116553.5,-126553.5,9950.0,-12.71391959798995
2025-03-15,-116199.0,-126199.0,9950.0,-12.678291457286432
2025-03-15,-116234.0,-126234.0,9950.0,-12.68180904522613
2025-03-15,-116109.0,-126109.0,9950.0,-12.669246231155778
2025-03-15,-116159.0,-126159.0,9950.0,-12.674271356783919
2025-03-15,-116161.5,-126161.5,9950.0,-12.674522613065326
2025-03-15,-116221.5,-126221.5,9950.0,-12.680552763819096
2025-03-15,-115925.5,-125925.5,9950.0,-12.650804020100502
2025-03-19,-115955.5,-125955.5,9950.0,-12.653819095477386
2025-03-19,-115965.0,-125965.0,9950.0,-12.654773869346734
2025-03-19,-115897.5,-125897.5,9950.0,-12.647989949748744
2025-03-19,-115917.5,-125917.5,9950.0,-12.65
2025-03-19,-115868.5,-125868.5,9950.0,-12.645075376884423
2025-03-19,-115845.0,-125845.0,9950.0,-12.642713567839197
2025-03-19,-115905.0,-125905.0,9950.0,-12.648743718592964
2025-03-19,-115945.0,-125945.0,9950.0,-12.652763819095478
2025-03-19,-115995.0,-125995.0,9950.0,-12.657788944723618
2025-03-23,-116075.0,-126075.0,9950.0,-12.665829145728644
2025-03-23,-116019.0,-126019.0,9950.0,-12.660201005025126
2025-03-23,-116039.0,-126039.0,9950.0,-12.662211055276382
2025-03-23,-116109.0,-126109.0,9950.0,-12.669246231155778
2025-03-23,-116097.0,-126097.0,9950.0,-12.668040201005025
2025-03-23,-116167.0,-126167.0,9950.0,-12.675075376884422
2025-03-23,-116217.0,-126217.0,9950.0,-12.680100502512563
2025-03-23,-116206.5,-126206.5,9950.0,-12.679045226130654
2025-03-23,-116210.5,-126210.5,9950.0,-12.679447236180904
2025-03-23,-116270.5,-126270.5,9950.0,-12.685477386934673
2025-03-26,-116330.5,-126330.5,9950.0,-12.691507537688443
2025-03-26,-116370.5,-126370.5,9950.0,-12.695527638190955
2025-03-26,-116268.5,-126268.5,9950.0,-12.685276381909548
2025-03-26,-116245.5,-126245.5,9950.0,-12.682964824120603
2025-03-26,-116248.0,-126248.0,9950.0,-12.68321608040201
2025-03-26,-116318.0,-126318.0,9950.0,-12.690251256281407
2025-03-26,-116368.0,-126368.0,9950.0,-12.695276381909547
2025-03-26,-116287.5,-126287.5,9950.0,-12.68718592964824
2025-03-26,-116317.5,-126317.5,9950.0,-12.690201005025125
2025-03-30,-116130.0,-126130.0,9950.0,-12.671356783919599
2025-03-30,-116190.0,-126190.0,9950.0,-12.677386934673367
2025-03-30,-116183.0,-126183.0,9950.0,-12.676683417085426
2025-03-30,-116273.0,-126273.0,9950.0,-12.68572864321608
2025-03-30,-116353.0,-126353.0,9950.0,-12.693768844221106
2025-03-30,-116223.0,-126223.0,9950.0,-12.68070351758794
2025-03-30,-116253.0,-126253.0,9950.0,-12.683718592964825
2025-03-30,-116273.0,-126273.0,9950.0,-12.68572864321608
2025-03-30,-116323.0,-126323.0,9950.0,-12.690753768844221
2025-03-30,-116226.5,-126226.5,9950.0,-12.68105527638191
2025-04-02,-116266.5,-126266.5,9950.0,-12.685075376884422
2025-04-02,-116281.5,-126281.5,9950.0,-12.686582914572865
2025-04-02,-116331.5,-126331.5,9950.0,-12.691608040201006
2025-04-02,-116317.5,-126317.5,9950.0,-12.690201005025125
2025-04-02,-116334.5,-126334.5,9950.0,-12.691909547738694
2025-04-02,-116366.5,-126366.5,9950.0,-12.695125628140703
2025-04-02,-116406.5,-126406.5,9950.0,-12.699145728643217
2025-04-02,-116316.0,-126316.0,9950.0,-12.690050251256281
2025-04-02,-116345.0,-126345.0,9950.0,-12.692964824120603
2025-04-06,-116395.0,-126395.0,9950.0,-12.697989949748743
2025-04-06,-116375.5,-126375.5,9950.0,-12.696030150753769
2025-04-06,-116369.0,-126369.0,9950.0,-12.69537688442211
2025-04-06,-116469.0,-126469.0,9950.0,-12.705427135678391
2025-04-06,-116529.0,-126529.0,9950.0,-12.71145728643216
2025-04-06,-116552.0,-126552.0,9950.0,-12.713768844221105
2025-04-06,-116622.0,-126622.0,9950.0,-12.720804020100502
2025-04-06,-116652.0,-126652.0,9950.0,-12.723819095477387
2025-04-06,-116712.0,-126712.0,9950.0,-12.729849246231156
2025-04-06,-116674.5,-126674.5,9950.0,-12.72608040201005
2025-04-09,-116724.5,-126724.5,9950.0,-12.73110552763819
2025-04-09,-116774.5,-126774.5,9950.0,-12.736130653266331
2025-04-09,-116804.5,-126804.5,9950.0,-12.739145728643216
2025-04-09,-116800.5,-126800.5,9950.0,-12.738743718592964
2025-04-09,-116830.5,-126830.5,9950.0,-12.741758793969849
2025-04-09,-116840.5,-126840.5,9950.0,-12.742763819095478
2025-04-09,-116808.0,-126808.0,9950.0,-12.739497487437186
2025-04-09,-116571.5,-126571.5,9950.0,-12.71572864321608
2025-04-09,-116573.5,-126573.5,9950.0,-12.715929648241206
2025-04-13,-116593.5,-126593.5,9950.0,-12.717939698492462
2025-04-13,-116653.5,-126653.5,9950.0,-12.723969849246231
2025-04-13,-116713.5,-126713.5,9950.0,-12.73
2025-04-13,-116720.0,-126720.0,9950.0,-12.73065326633166
2025-04-13,-116760.0,-126760.0,9950.0,-12.734673366834171
2025-04-13,-116800.0,-126800.0,9950.0,-12.738693467336683
2025-04-13,-116711.5,-126711.5,9950.0,-12.729798994974875
2025-04-13,-116781.5,-126781.5,9950.0,-12.736834170854271
2025-04-13,-116851.5,-126851.5,9950.0,-12.743869346733668
2025-04-13,-116861.5,-126861.5,9950.0,-12.744874371859297
2025-04-13,-116676.5,-126676.5,9950.0,-12.726281407035176
2025-04-16,-116716.5,-126716.5,9950.0,-12.730301507537689
2025-04-16,-116766.5,-126766.5,9950.0,-12.73532663316583
2025-04-16,-116603.0,-126603.0,9950.0,-12.718894472361809
2025-04-16,-116612.5,-126612.5,9950.0,-12.719849246231156
2025-04-16,-116662.5,-126662.5,9950.0,-12.724874371859297
2025-04-16,-116692.5,-126692.5,9950.0,-12.727889447236182
2025-04-16,-116722.5,-126722.5,9950.0,-12.730904522613065
2025-04-16,-116627.5,-126627.5,9950.0,-12.721356783919598
2025-04-16,-116624.0,-126624.0,9950.0,-12.721005025125628
2025-04-20,-116535.0,-126535.0,9950.0,-12.712060301507538
2025-04-20,-116595.0,-126595.0,9950.0,-12.718090452261306
2025-04-20,-116685.0,-126685.0,9950.0,-12.72713567839196
2025-04-20,-116725.0,-126725.0,9950.0,-12.731155778894472
2025-04-20,-116766.5,-126766.5,9950.0,-12.73532663316583
2025-04-20,-116769.0,-126769.0,9950.0,-12.735577889447237
2025-04-20,-116819.0,-126819.0,9950.0,-12.740603015075378
2025-04-20,-116831.0,-126831.0,9950.0,-12.74180904522613
2025-04-20,-116871.0,-126871.0,9950.0,-12.745829145728644
2025-04-20,-116911.0,-126911.0,9950.0,-12.749849246231156
2025-04-23,-116951.0,-126951.0,9950.0,-12.753869346733667
2025-04-23,-116932.0,-126932.0,9950.0,-12.751959798994974
2025-04-23,-116972.0,-126972.0,9950.0,-12.755979899497488
2025-04-23,-117002.0,-127002.0,9950.0,-12.758994974874373
2025-04-23,-116989.5,-126989.5,9950.0,-12.757738693467337
2025-04-23,-116953.0,-126953.0,9950.0,-12.754070351758793
2025-04-23,-116963.0,-126963.0,9950.0,-12.755075376884422
2025-04-23,-117010.0,-127010.0,9950.0,-12.759798994974874
2025-04-23,-117015.5,-127015.5,9950.0,-12.76035175879397
2025-04-27,-117055.5,-127055.5,9950.0,-12.764371859296482
2025-04-27,-117115.5,-127115.5,9950.0,-12.770402010050251
2025-04-27,-116799.0,-126799.0,9950.0,-12.73859296482412
2025-04-27,-116869.0,-126869.0,9950.0,-12.745628140703518
2025-04-27,-116863.0,-126863.0,9950.0,-12.74502512562814
2025-04-27,-116903.0,-126903.0,9950.0,-12.749045226130653
2025-04-27,-116973.0,-126973.0,9950.0,-12.756080402010051
2025-04-27,-116844.5,-126844.5,9950.0,-12.74316582914573
2025-04-27,-116776.0,-126776.0,9950.0,-12.736281407035175
2025-04-27,-116787.5,-126787.5,9950.0,-12.737437185929648
2025-04-30,-116827.5,-126827.5,9950.0,-12.74145728643216
2025-04-30,-116887.5,-126887.5,9950.0,-12.74748743718593
2025-04-30,-116917.5,-126917.5,9950.0,-12.750502512562814
2025-04-30,-116977.5,-126977.5,9950.0,-12.756532663316582
2025-04-30,-116947.0,-126947.0,9950.0,-12.753467336683418
2025-04-30,-116987.0,-126987.0,9950.0,-12.75748743718593
2025-04-30,-117027.0,-127027.0,9950.0,-12.761507537688443
2025-04-30,-116990.0,-126990.0,9950.0,-12.757788944723618
2025-04-30,-116993.0,-126993.0,9950.0,-12.758090452261307
2025-05-04,-116947.5,-126947.5,9950.0,-12.7535175879397
2025-05-04,-116997.5,-126997.5,9950.0,-12.75854271356784
2025-05-04,-116995.0,-126995.0,9950.0,-12.758291457286433
2025-05-04,-117055.0,-127055.0,9950.0,-12.7643216080402
2025-05-04,-117105.0,-127105.0,9950.0,-12.76934673366834
2025-05-04,-117125.0,-127125.0,9950.0,-12.771356783919598
2025-05-04,-117175.0,-127175.0,9950.0,-12.77638190954774
2025-05-04,-117245.0,-127245.0,9950.0,-12.783417085427136
2025-05-04,-117315.0,-127315.0,9950.0,-12.790452261306532
2025-05-04,-117335.0,-127335.0,9950.0,-12.79246231155779
2025-05-04,-117405.0,-127405.0,9950.0,-12.799497487437186
2025-05-07,-117386.5,-127386.5,9950.0,-12.797638190954775
2025-05-07,-117436.5,-127436.5,9950.0,-12.802663316582915
2025-05-07,-117466.5,-127466.5,9950.0,-12.805678391959798
2025-05-07,-117428.0,-127428.0,9950.0,-12.80180904522613
2025-05-07,-117468.0,-127468.0,9950.0,-12.805829145728643
2025-05-07,-117448.0,-127448.0,9950.0,-12.803819095477387
2025-05-07,-117508.0,-127508.0,9950.0,-12.809849246231156
2025-05-07,-117548.0,-127548.0,9950.0,-12.813869346733668
2025-05-07,-117608.0,-127608.0,9950.0,-12.819899497487437
2025-05-10,-117678.0,-127678.0,9950.0,-12.826934673366834
2025-05-10,-117468.5,-127468.5,9950.0,-12.805879396984924
2025-05-10,-117528.5,-127528.5,9950.0,-12.811909547738694
2025-05-10,-117608.5,-127608.5,9950.0,-12.819949748743719
2025-05-10,-117668.5,-127668.5,9950.0,-12.825979899497488
2025-05-10,-117718.5,-127718.5,9950.0,-12.831005025125629
2025-05-10,-117768.5,-127768.5,9950.0,-12.83603015075377
2025-05-10,-117818.5,-127818.5,9950.0,-12.84105527638191
2025-05-10,-117868.5,-127868.5,9950.0,-12.84608040201005
2025-05-10,-117908.5,-127908.5,9950.0,-12.850100502512563
2025-05-14,-117948.5,-127948.5,9950.0,-12.854120603015076
2025-05-14,-117968.5,-127968.5,9950.0,-12.856130653266332
2025-05-14,-117946.0,-127946.0,9950.0,-12.853869346733669
2025-05-14,-117938.0,-127938.0,9950.0,-12.853065326633166
2025-05-14,-117931.0,-127931.0,9950.0,-12.852361809045226
2025-05-14,-117981.0,-127981.0,9950.0,-12.857386934673366
2025-05-14,-117981.0,-127981.0,9950.0,-12.857386934673366
2025-05-14,-117962.0,-127962.0,9950.0,-12.855477386934673
2025-05-14,-117992.0,-127992.0,9950.0,-12.858492462311558
2025-05-18,-118042.0,-128042.0,9950.0,-12.863517587939699
2025-05-18,-118102.0,-128102.0,9950.0,-12.869547738693468
2025-05-18,-118089.5,-128089.5,9950.0,-12.868291457286432
2025-05-18,-118149.5,-128149.5,9950.0,-12.874321608040201
2025-05-18,-118209.5,-128209.5,9950.0,-12.880351758793969
2025-05-18,-118289.5,-128289.5,9950.0,-12.888391959798994
2025-05-18,-118339.5,-128339.5,9950.0,-12.893417085427135
2025-05-18,-118379.5,-128379.5,9950.0,-12.897437185929649
2025-05-18,-118439.5,-128439.5,9950.0,-12.903467336683416
2025-05-18,-118499.5,-128499.5,9950.0,-12.909497487437186
2025-05-21,-118569.5,-128569.5,9950.0,-12.916532663316582
2025-05-21,-118619.5,-128619.5,9950.0,-12.921557788944723
2025-05-21,-118580.0,-128580.0,9950.0,-12.917587939698493
2025-05-21,-118569.5,-128569.5,9950.0,-12.916532663316582
2025-05-21,-118609.5,-128609.5,9950.0,-12.920552763819096
2025-05-21,-118659.5,-128659.5,9950.0,-12.925577889447236
2025-05-21,-118719.5,-128719.5,9950.0,-12.931608040201006
2025-05-21,-118624.5,-128624.5,9950.0,-12.922060301507537
2025-05-21,-118654.5,-128654.5,9950.0,-12.925075376884422
2025-05-25,-118641.0,-128641.0,9950.0,-12.923718592964825
2025-05-25,-118711.0,-128711.0,9950.0,-12.930753768844221
2025-05-25,-118781.0,-128781.0,9950.0,-12.937788944723618
2025-05-25,-118861.0,-128861.0,9950.0,-12.945829145728643
2025-05-25,-118911.0,-128911.0,9950.0,-12.950854271356784
2025-05-25,-118941.0,-128941.0,9950.0,-12.953869346733669
2025-05-25,-118961.0,-128961.0,9950.0,-12.955879396984924
2025-05-25,-118991.5,-128991.5,9950.0,-12.95894472361809
2025-05-25,-119071.5,-129071.5,9950.0,-12.966984924623116
2025-05-25,-119111.5,-129111.5,9950.0,-12.971005025125628
2025-05-25,-119151.5,-129151.5,9950.0,-12.975025125628141
2025-05-28,-119181.5,-129181.5,9950.0,-12.978040201005026
2025-05-28,-119154.0,-129154.0,9950.0,-12.975276381909548
2025-05-28,-119194.0,-129194.0,9950.0,-12.97929648241206
2025-05-28,-119183.5,-129183.5,9950.0,-12.97824120603015
2025-05-28,-119223.5,-129223.5,9950.0,-12.982261306532664
2025-05-28,-119283.5,-129283.5,9950.0,-12.988291457286433
2025-05-28,-119228.0,-129228.0,9950.0,-12.982713567839197
2025-05-28,-119217.5,-129217.5,9950.0,-12.981658291457286
2025-05-28,-119267.5,-129267.5,9950.0,-12.986683417085427
2025-05-31,-119327.5,-129327.5,9950.0,-12.992713567839196
2025-05-31,-119290.0,-129290.0,9950.0,-12.98894472361809
2025-05-31,-119260.0,-129260.0,9950.0,-12.985929648241205
2025-05-31,-119330.0,-129330.0,9950.0,-12.992964824120603
2025-05-31,-119236.5,-129236.5,9950.0,-12.98356783919598
2025-05-31,-119276.5,-129276.5,9950.0,-12.987587939698493
2025-05-31,-119270.0,-129270.0,9950.0,-12.986934673366834
2025-05-31,-119257.0,-129257.0,9950.0,-12.985628140703518
2025-05-31,-119287.0,-129287.0,9950.0,-12.988643216080401
2025-05-31,-119347.0,-129347.0,9950.0,-12.99467336683417
2025-05-31,-119384.5,-129384.5,9950.0,-12.998442211055277
2025-06-04,-119295.0,-129295.0,9950.0,-12.989447236180904
2025-06-04,-119345.0,-129345.0,9950.0,-12.994472361809045
2025-06-04,-119385.0,-129385.0,9950.0,-12.998492462311559
2025-06-04,-119395.0,-129395.0,9950.0,-12.999497487437186
2025-06-04,-119435.0,-129435.0,9950.0,-13.0035175879397
2025-06-04,-119465.0,-129465.0,9950.0,-13.006532663316582
2025-06-04,-119505.0,-129505.0,9950.0,-13.010552763819096
2025-06-04,-119535.0,-129535.0,9950.0,-13.01356783919598
2025-06-04,-119575.0,-129575.0,9950.0,-13.017587939698492
2025-06-08,-119625.0,-129625.0,9950.0,-13.022613065326633
2025-06-08,-119665.0,-129665.0,9950.0,-13.026633165829146
2025-06-08,-119725.0,-129725.0,9950.0,-13.032663316582914
2025-06-08,-119629.5,-129629.5,9950.0,-13.023065326633166
2025-06-08,-119671.0,-129671.0,9950.0,-13.027236180904522
2025-06-08,-119673.5,-129673.5,9950.0,-13.027487437185929
2025-06-08,-119733.5,-129733.5,9950.0,-13.033517587939699
2025-06-08,-119733.5,-129733.5,9950.0,-13.033517587939699
2025-06-08,-119783.5,-129783.5,9950.0,-13.03854271356784
2025-06-08,-119761.0,-129761.0,9950.0,-13.036281407035176
2025-06-11,-119791.0,-129791.0,9950.0,-13.03929648241206
2025-06-11,-119693.5,-129693.5,9950.0,-13.029497487437187
2025-06-11,-119680.0,-129680.0,9950.0,-13.028140703517588
2025-06-11,-119673.5,-129673.5,9950.0,-13.027487437185929
2025-06-11,-119723.5,-129723.5,9950.0,-13.03251256281407
2025-06-11,-119763.5,-129763.5,9950.0,-13.036532663316583
2025-06-11,-119823.5,-129823.5,9950.0,-13.042562814070351
2025-06-11,-119863.5,-129863.5,9950.0,-13.046582914572864
2025-06-11,-119913.5,-129913.5,9950.0,-13.051608040201005
2025-06-14,-119983.5,-129983.5,9950.0,-13.058643216080402
2025-06-14,-120033.5,-130033.5,9950.0,-13.063668341708542
2025-06-14,-120083.5,-130083.5,9950.0,-13.068693467336683
2025-06-14,-120103.5,-130103.5,9950.0,-13.07070351758794
2025-06-14,-120143.5,-130143.5,9950.0,-13.074723618090452
2025-06-14,-120036.0,-130036.0,9950.0,-13.06391959798995
2025-06-14,-120096.0,-130096.0,9950.0,-13.069949748743719
2025-06-14,-120094.0,-130094.0,9950.0,-13.069748743718593
2025-06-14,-120134.0,-130134.0,9950.0,-13.073768844221105
2025-06-14,-120174.0,-130174.0,9950.0,-13.077788944723618
2025-06-14,-120234.0,-130234.0,9950.0,-13.083819095477386
2025-06-22,-120212.0,-130212.0,9950.0,-13.081608040201004
2025-06-22,-120194.0,-130194.0,9950.0,-13.079798994974874
2025-06-22,-120246.0,-130246.0,9950.0,-13.08502512562814
2025-06-22,-120277.5,-130277.5,9950.0,-13.08819095477387
2025-06-22,-120237.0,-130237.0,9950.0,-13.084120603015075
2025-06-22,-120307.0,-130307.0,9950.0,-13.091155778894473
2025-06-22,-120150.0,-130150.0,9950.0,-13.075376884422111
2025-06-22,-120138.0,-130138.0,9950.0,-13.074170854271356
2025-06-22,-120208.0,-130208.0,9950.0,-13.081206030150753
2025-06-22,-120278.0,-130278.0,9950.0,-13.088241206030151
2025-06-22,-120328.0,-130328.0,9950.0,-13.093266331658292
2025-06-25,-120368.0,-130368.0,9950.0,-13.097286432160804
2025-06-25,-120418.0,-130418.0,9950.0,-13.102311557788944
2025-06-25,-120387.5,-130387.5,9950.0,-13.099246231155778
2025-06-25,-120407.5,-130407.5,9950.0,-13.101256281407036
2025-06-25,-120437.5,-130437.5,9950.0,-13.10427135678392
2025-06-25,-120487.5,-130487.5,9950.0,-13.109296482412061
2025-06-25,-120507.0,-130507.0,9950.0,-13.111256281407035
2025-06-25,-120537.0,-130537.0,9950.0,-13.11427135678392
2025-06-25,-120547.5,-130547.5,9950.0,-13.115326633165829
2025-06-28,-120541.0,-130541.0,9950.0,-13.114673366834172
2025-06-28,-120581.0,-130581.0,9950.0,-13.118693467336684
2025-06-28,-120625.5,-130625.5,9950.0,-13.123165829145728
2025-06-28,-120685.5,-130685.5,9950.0,-13.129195979899498
2025-06-28,-120715.5,-130715.5,9950.0,-13.132211055276382
2025-06-28,-120785.5,-130785.5,9950.0,-13.139246231155779
2025-06-28,-120766.0,-130766.0,9950.0,-13.137286432160804
2025-06-28,-120836.0,-130836.0,9950.0,-13.144321608040201
2025-06-28,-120886.0,-130886.0,9950.0,-13.149346733668342
2025-06-28,-120906.0,-130906.0,9950.0,-13.151356783919598
2025-06-28,-120884.5,-130884.5,9950.0,-13.149195979899497
2025-07-05,-120932.0,-130932.0,9950.0,-13.15396984924623
2025-07-05,-120972.0,-130972.0,9950.0,-13.157989949748744
2025-07-05,-121042.0,-131042.0,9950.0,-13.16502512562814
2025-07-05,-121082.0,-131082.0,9950.0,-13.169045226130653
2025-07-05,-121099.0,-131099.0,9950.0,-13.170753768844222
2025-07-05,-121159.0,-131159.0,9950.0,-13.17678391959799
2025-07-05,-121199.0,-131199.0,9950.0,-13.180804020100503
2025-07-05,-121224.5,-131224.5,9950.0,-13.183366834170855
2025-07-05,-121241.5,-131241.5,9950.0,-13.185075376884422
2025-07-05,-121281.5,-131281.5,9950.0,-13.189095477386935
2025-07-05,-121341.5,-131341.5,9950.0,-13.195125628140703
2025-07-09,-121381.5,-131381.5,9950.0,-13.199145728643217
2025-07-09,-121394.5,-131394.5,9950.0,-13.200452261306532
2025-07-09,-121444.5,-131444.5,9950.0,-13.205477386934673
2025-07-09,-121318.5,-131318.5,9950.0,-13.192814070351758
2025-07-09,-121368.5,-131368.5,9950.0,-13.197839195979899
2025-07-09,-121315.5,-131315.5,9950.0,-13.19251256281407
2025-07-09,-121216.5,-131216.5,9950.0,-13.182562814070351
2025-07-09,-121236.5,-131236.5,9950.0,-13.184572864321607
2025-07-09,-121252.5,-131252.5,9950.0,-13.186180904522613
2025-07-13,-121243.0,-131243.0,9950.0,-13.185226130653266
2025-07-13,-121303.0,-131303.0,9950.0,-13.191256281407036
2025-07-13,-121343.0,-131343.0,9950.0,-13.195276381909547
2025-07-13,-121403.0,-131403.0,9950.0,-13.201306532663317
2025-07-13,-121379.0,-131379.0,9950.0,-13.19889447236181
2025-07-13,-121429.0,-131429.0,9950.0,-13.20391959798995
2025-07-13,-121489.0,-131489.0,9950.0,-13.20994974874372
2025-07-13,-121549.0,-131549.0,9950.0,-13.215979899497487
2025-07-13,-121560.0,-131560.0,9950.0,-13.217085427135679
2025-07-13,-121590.0,-131590.0,9950.0,-13.220100502512564
2025-07-13,-121670.0,-131670.0,9950.0,-13.228140703517587
2025-09-07,-121669.5,-131669.5,9950.0,-13.228090452261307
2025-09-07,-121674.0,-131674.0,9950.0,-13.228542713567839
2025-09-07,-121714.0,-131714.0,9950.0,-13.232562814070352
2025-09-07,-121610.5,-131610.5,9950.0,-13.2221608040201
2025-09-07,-121690.5,-131690.5,9950.0,-13.230201005025126
2025-09-07,-121760.5,-131760.5,9950.0,-13.237236180904523
2025-09-07,-121785.5,-131785.5,9950.0,-13.239748743718593
2025-09-07,-121592.5,-131592.5,9950.0,-13.22035175879397
2025-09-07,-121622.5,-131622.5,9950.0,-13.223366834170854
2025-09-07,-121586.0,-131586.0,9950.0,-13.219698492462312
2025-09-10,-121636.0,-131636.0,9950.0,-13.224723618090453
2025-09-10,-121594.0,-131594.0,9950.0,-13.220502512562813
2025-09-10,-121634.0,-131634.0,9950.0,-13.224522613065327
2025-09-10,-121621.0,-131621.0,9950.0,-13.22321608040201
2025-09-10,-121557.5,-131557.5,9950.0,-13.216834170854272
2025-09-10,-121542.5,-131542.5,9950.0,-13.215326633165828
2025-09-10,-121592.5,-131592.5,9950.0,-13.22035175879397
2025-09-10,-121642.5,-131642.5,9950.0,-13.225376884422111
2025-09-14,-121702.5,-131702.5,9950.0,-13.231407035175879
2025-09-14,-121762.5,-131762.5,9950.0,-13.237437185929648
2025-09-14,-121822.5,-131822.5,9950.0,-13.243467336683418
2025-09-14,-121862.5,-131862.5,9950.0,-13.24748743718593
2025-09-14,-121889.0,-131889.0,9950.0,-13.250150753768844
2025-09-14,-121680.5,-131680.5,9950.0,-13.229195979899497
2025-09-14,-121617.0,-131617.0,9950.0,-13.22281407035176
2025-09-14,-121667.0,-131667.0,9950.0,-13.2278391959799
2025-09-14,-121654.0,-131654.0,9950.0,-13.226532663316583
2025-09-14,-121669.5,-131669.5,9950.0,-13.228090452261307
2025-09-17,-121681.0,-131681.0,9950.0,-13.229246231155779
2025-09-17,-121651.5,-131651.5,9950.0,-13.226281407035176
2025-09-17,-121691.5,-131691.5,9950.0,-13.230301507537689
2025-09-17,-121711.5,-131711.5,9950.0,-13.232311557788945
2025-09-17,-121771.5,-131771.5,9950.0,-13.238341708542714
2025-09-17,-121791.5,-131791.5,9950.0,-13.24035175879397
2025-09-17,-121798.5,-131798.5,9950.0,-13.241055276381909
2025-09-17,-121838.5,-131838.5,9950.0,-13.245075376884422
2025-09-21,-121806.0,-131806.0,9950.0,-13.24180904522613
2025-09-21,-121751.0,-131751.0,9950.0,-13.236281407035175
2025-09-21,-121811.0,-131811.0,9950.0,-13.242311557788945
2025-09-21,-121861.0,-131861.0,9950.0,-13.247336683417085
2025-09-21,-121911.0,-131911.0,9950.0,-13.252361809045226
2025-09-21,-121932.5,-131932.5,9950.0,-13.254522613065326
2025-09-21,-121992.5,-131992.5,9950.0,-13.260552763819096
2025-09-21,-122022.5,-132022.5,9950.0,-13.26356783919598
2025-09-28,-122010.5,-132010.5,9950.0,-13.262361809045226
2025-09-28,-122080.5,-132080.5,9950.0,-13.269396984924622
2025-09-28,-122019.0,-132019.0,9950.0,-13.26321608040201
2025-09-28,-122089.0,-132089.0,9950.0,-13.270251256281407
2025-09-28,-122099.0,-132099.0,9950.0,-13.271256281407036
2025-09-28,-122139.0,-132139.0,9950.0,-13.275276381909547
2025-09-28,-122165.5,-132165.5,9950.0,-13.277939698492462
2025-09-28,-122245.5,-132245.5,9950.0,-13.285979899497487
2025-09-28,-122295.5,-132295.5,9950.0,-13.291005025125628
2025-09-28,-122139.5,-132139.5,9950.0,-13.275326633165829
2025-09-28,-122189.5,-132189.5,9950.0,-13.28035175879397
2025-10-01,-122165.5,-132165.5,9950.0,-13.277939698492462
2025-10-01,-122215.5,-132215.5,9950.0,-13.282964824120603
2025-10-01,-122285.5,-132285.5,9950.0,-13.29
2025-10-01,-122355.5,-132355.5,9950.0,-13.297035175879397
2025-10-01,-122425.5,-132425.5,9950.0,-13.304070351758794
2025-10-01,-122505.5,-132505.5,9950.0,-13.31211055276382
2025-10-01,-122486.0,-132486.0,9950.0,-13.310150753768845
2025-10-01,-122496.0,-132496.0,9950.0,-13.311155778894472
2025-10-01,-122526.0,-132526.0,9950.0,-13.314170854271357
2025-10-01,-122559.5,-132559.5,9950.0,-13.317537688442211
2025-10-04,-122639.5,-132639.5,9950.0,-13.325577889447237
2025-10-04,-122482.5,-132482.5,9950.0,-13.309798994974875
2025-10-04,-122456.5,-132456.5,9950.0,-13.307185929648242
2025-10-04,-122435.5,-132435.5,9950.0,-13.305075376884423
2025-10-04,-122367.5,-132367.5,9950.0,-13.29824120603015
2025-10-04,-122427.5,-132427.5,9950.0,-13.30427135678392
2025-10-04,-122507.5,-132507.5,9950.0,-13.312311557788945
2025-10-04,-122587.5,-132587.5,9950.0,-13.32035175879397
2025-10-04,-122647.5,-132647.5,9950.0,-13.326381909547738
2025-10-04,-122697.5,-132697.5,9950.0,-13.331407035175879
2025-10-08,-122717.5,-132717.5,9950.0,-13.333417085427136
2025-10-08,-122777.5,-132777.5,9950.0,-13.339447236180904
2025-10-08,-122807.5,-132807.5,9950.0,-13.342462311557789
2025-10-08,-122857.5,-132857.5,9950.0,-13.34748743718593
2025-10-08,-122877.5,-132877.5,9950.0,-13.349497487437185
2025-10-08,-122917.5,-132917.5,9950.0,-13.353517587939699
2025-10-08,-122937.5,-132937.5,9950.0,-13.355527638190955
2025-10-08,-122943.5,-132943.5,9950.0,-13.356130653266332
2025-10-08,-122993.5,-132993.5,9950.0,-13.361155778894473
2025-10-12,-123053.5,-133053.5,9950.0,-13.367185929648242
2025-10-12,-123093.5,-133093.5,9950.0,-13.371206030150754
2025-10-12,-123153.5,-133153.5,9950.0,-13.377236180904523
2025-10-12,-122910.0,-132910.0,9950.0,-13.352763819095477
2025-10-12,-122799.0,-132799.0,9950.0,-13.341608040201004
2025-10-12,-122825.0,-132825.0,9950.0,-13.344221105527637
2025-10-12,-122895.0,-132895.0,9950.0,-13.351256281407036
2025-10-12,-122873.5,-132873.5,9950.0,-13.349095477386935
2025-10-12,-122845.5,-132845.5,9950.0,-13.346281407035177
2025-10-12,-122806.5,-132806.5,9950.0,-13.342361809045226
2025-10-15,-122876.5,-132876.5,9950.0,-13.349396984924622
2025-10-15,-122841.5,-132841.5,9950.0,-13.345879396984925
2025-10-15,-122891.5,-132891.5,9950.0,-13.350904522613066
2025-10-15,-122941.5,-132941.5,9950.0,-13.355929648241206
2025-10-15,-122783.5,-132783.5,9950.0,-13.340050251256281
2025-10-15,-122843.5,-132843.5,9950.0,-13.34608040201005
2025-10-15,-122879.0,-132879.0,9950.0,-13.34964824120603
2025-10-15,-122888.5,-132888.5,9950.0,-13.350603015075377
2025-10-15,-122928.5,-132928.5,9950.0,-13.354623115577889
2025-10-19,-122978.5,-132978.5,9950.0,-13.35964824120603
2025-10-19,-122996.0,-132996.0,9950.0,-13.36140703517588
2025-10-19,-123066.0,-133066.0,9950.0,-13.368442211055276
2025-10-19,-123054.0,-133054.0,9950.0,-13.367236180904523
2025-10-19,-122966.0,-132966.0,9950.0,-13.358391959798995
2025-10-19,-123036.0,-133036.0,9950.0,-13.365427135678392
2025-10-19,-122906.0,-132906.0,9950.0,-13.352361809045226
2025-10-19,-122929.0,-132929.0,9950.0,-13.35467336683417
2025-10-19,-122944.5,-132944.5,9950.0,-13.356231155778895
2025-10-19,-122955.0,-132955.0,9950.0,-13.357286432160803
2025-10-22,-122958.0,-132958.0,9950.0,-13.357587939698492
2025-10-22,-122900.5,-132900.5,9950.0,-13.35180904522613
2025-10-22,-122902.0,-132902.0,9950.0,-13.351959798994974
2025-10-22,-122942.0,-132942.0,9950.0,-13.355979899497488
2025-10-22,-123002.0,-133002.0,9950.0,-13.362010050251257
2025-10-22,-123022.0,-133022.0,9950.0,-13.364020100502513
2025-10-22,-123072.0,-133072.0,9950.0,-13.369045226130654
2025-10-22,-123092.0,-133092.0,9950.0,-13.37105527638191
2025-10-22,-123152.0,-133152.0,9950.0,-13.377085427135679
2025-10-26,-123202.0,-133202.0,9950.0,-13.38211055276382
2025-10-26,-123252.0,-133252.0,9950.0,-13.38713567839196
2025-10-26,-123294.5,-133294.5,9950.0,-13.39140703517588
2025-10-26,-123364.5,-133364.5,9950.0,-13.398442211055276
2025-10-26,-123309.0,-133309.0,9950.0,-13.392864321608041
2025-10-26,-123191.5,-133191.5,9950.0,-13.38105527638191
2025-10-26,-123172.0,-133172.0,9950.0,-13.379095477386935
2025-10-26,-123232.0,-133232.0,9950.0,-13.385125628140704
2025-10-26,-123302.0,-133302.0,9950.0,-13.3921608040201
2025-10-26,-123315.0,-133315.0,9950.0,-13.393467336683416
2025-11-02,-123342.5,-133342.5,9950.0,-13.396231155778894
2025-11-02,-123328.0,-133328.0,9950.0,-13.394773869346734
2025-11-02,-123327.0,-133327.0,9950.0,-13.394673366834171
2025-11-02,-123377.0,-133377.0,9950.0,-13.399698492462312
2025-11-02,-123407.0,-133407.0,9950.0,-13.402713567839196
2025-11-02,-123447.0,-133447.0,9950.0,-13.406733668341708
2025-11-02,-123497.0,-133497.0,9950.0,-13.411758793969849
2025-11-02,-123469.5,-133469.5,9950.0,-13.408994974874371
2025-11-02,-123509.5,-133509.5,9950.0,-13.413015075376885
2025-11-02,-123579.5,-133579.5,9950.0,-13.420050251256281
2025-11-05,-123535.5,-133535.5,9950.0,-13.415628140703518
2025-11-05,-123585.5,-133585.5,9950.0,-13.420653266331659
2025-11-05,-123574.0,-133574.0,9950.0,-13.419497487437186
2025-11-05,-123644.0,-133644.0,9950.0,-13.426532663316584
2025-11-05,-123694.0,-133694.0,9950.0,-13.431557788944724
2025-11-05,-123672.5,-133672.5,9950.0,-13.429396984924622
2025-11-05,-123732.5,-133732.5,9950.0,-13.435427135678392
2025-11-05,-123772.5,-133772.5,9950.0,-13.439447236180904
2025-11-05,-123785.0,-133785.0,9950.0,-13.44070351758794
2025-11-09,-123845.0,-133845.0,9950.0,-13.44673366834171
2025-11-09,-123760.5,-133760.5,9950.0,-13.43824120603015
2025-11-09,-123758.5,-133758.5,9950.0,-13.438040201005025
2025-11-09,-123808.5,-133808.5,9950.0,-13.443065326633166
2025-11-09,-123868.5,-133868.5,9950.0,-13.449095477386935
2025-11-09,-123808.0,-133808.0,9950.0,-13.443015075376884
2025-11-09,-123868.0,-133868.0,9950.0,-13.449045226130654
2025-11-09,-123830.0,-133830.0,9950.0,-13.445226130653266
2025-11-09,-123837.5,-133837.5,9950.0,-13.445979899497488
2025-11-09,-123897.5,-133897.5,9950.0,-13.452010050251257
2025-11-12,-123967.5,-133967.5,9950.0,-13.459045226130653
2025-11-12,-123997.5,-133997.5,9950.0,-13.462060301507538
2025-11-12,-124045.5,-134045.5,9950.0,-13.466884422110553
2025-11-12,-124013.0,-134013.0,9950.0,-13.463618090452261
2025-11-12,-123891.5,-133891.5,9950.0,-13.45140703517588
2025-11-12,-123889.5,-133889.5,9950.0,-13.451206030150754
2025-11-12,-123939.5,-133939.5,9950.0,-13.456231155778895
2025-11-12,-123939.5,-133939.5,9950.0,-13.456231155778895
2025-11-12,-123969.5,-133969.5,9950.0,-13.45924623115578
2025-11-15,-123966.0,-133966.0,9950.0,-13.45889447236181
2025-11-15,-124026.0,-134026.0,9950.0,-13.464924623115579
2025-11-15,-124056.0,-134056.0,9950.0,-13.467939698492462
2025-11-15,-124096.0,-134096.0,9950.0,-13.471959798994975
2025-11-15,-124156.0,-134156.0,9950.0,-13.477989949748745
2025-11-15,-124216.0,-134216.0,9950.0,-13.484020100502512
2025-11-15,-124276.0,-134276.0,9950.0,-13.490050251256282
2025-11-15,-124262.5,-134262.5,9950.0,-13.488693467336683
2025-11-15,-124312.5,-134312.5,9950.0,-13.493718592964823
2025-11-19,-124352.5,-134352.5,9950.0,-13.497738693467337
2025-11-19,-124392.5,-134392.5,9950.0,-13.501758793969849
2025-11-19,-124442.5,-134442.5,9950.0,-13.50678391959799
2025-11-19,-124409.0,-134409.0,9950.0,-13.503417085427136
2025-11-19,-124449.0,-134449.0,9950.0,-13.507437185929648
2025-11-19,-124451.0,-134451.0,9950.0,-13.507638190954774
2025-11-19,-124471.0,-134471.0,9950.0,-13.50964824120603
2025-11-19,-124531.0,-134531.0,9950.0,-13.5156783919598
2025-11-19,-124485.0,-134485.0,9950.0,-13.51105527638191
2025-11-23,-124477.0,-134477.0,9950.0,-13.510251256281407
2025-11-23,-124527.0,-134527.0,9950.0,-13.515276381909548
2025-11-23,-124577.0,-134577.0,9950.0,-13.520301507537688
2025-11-23,-124627.0,-134627.0,9950.0,-13.525326633165829
2025-11-23,-124642.5,-134642.5,9950.0,-13.526884422110554
2025-11-23,-124712.5,-134712.5,9950.0,-13.53391959798995
2025-11-23,-124712.0,-134712.0,9950.0,-13.533869346733669
2025-11-23,-124782.0,-134782.0,9950.0,-13.540904522613065
2025-11-23,-124749.0,-134749.0,9950.0,-13.537587939698492
2025-11-23,-124799.0,-134799.0,9950.0,-13.542613065326632
2025-11-26,-124798.5,-134798.5,9950.0,-13.542562814070351
2025-11-26,-124785.0,-134785.0,9950.0,-13.541206030150754
2025-11-26,-124786.5,-134786.5,9950.0,-13.541356783919598
2025-11-26,-124763.0,-134763.0,9950.0,-13.538994974874372
2025-11-26,-124776.5,-134776.5,9950.0,-13.54035175879397
2025-11-26,-124836.5,-134836.5,9950.0,-13.546381909547739
2025-11-26,-124795.5,-134795.5,9950.0,-13.542261306532664
2025-11-26,-124835.5,-134835.5,9950.0,-13.546281407035176
2025-11-26,-124855.5,-134855.5,9950.0,-13.548291457286432
2025-11-30,-124891.0,-134891.0,9950.0,-13.551859296482412
2025-11-30,-124934.0,-134934.0,9950.0,-13.556180904522613
2025-11-30,-124994.0,-134994.0,9950.0,-13.562211055276382
2025-11-30,-125054.0,-135054.0,9950.0,-13.568241206030152
2025-11-30,-125035.0,-135035.0,9950.0,-13.566331658291457
2025-11-30,-125015.5,-135015.5,9950.0,-13.564371859296482
2025-11-30,-125045.5,-135045.5,9950.0,-13.567386934673367
2025-11-30,-125027.5,-135027.5,9950.0,-13.565577889447237
2025-11-30,-125097.5,-135097.5,9950.0,-13.572613065326633
2025-11-30,-125147.5,-135147.5,9950.0,-13.577638190954774
2025-12-03,-125197.5,-135197.5,9950.0,-13.582663316582915
2025-12-03,-125111.0,-135111.0,9950.0,-13.57396984924623
2025-12-03,-125151.0,-135151.0,9950.0,-13.577989949748744
2025-12-03,-125172.5,-135172.5,9950.0,-13.580150753768844
2025-12-03,-125232.5,-135232.5,9950.0,-13.586180904522614
2025-12-03,-125272.5,-135272.5,9950.0,-13.590201005025126
2025-12-03,-125169.5,-135169.5,9950.0,-13.579849246231156
2025-12-03,-125209.5,-135209.5,9950.0,-13.583869346733668
2025-12-07,-125078.5,-135078.5,9950.0,-13.57070351758794
2025-12-07,-125148.5,-135148.5,9950.0,-13.577738693467337
2025-12-07,-125198.5,-135198.5,9950.0,-13.582763819095478
2025-12-07,-125126.0,-135126.0,9950.0,-13.575477386934674
2025-12-07,-125036.5,-135036.5,9950.0,-13.566482412060301
2025-12-07,-125096.5,-135096.5,9950.0,-13.57251256281407
2025-12-07,-125166.5,-135166.5,9950.0,-13.579547738693467
2025-12-07,-125216.5,-135216.5,9950.0,-13.584572864321608
2025-12-07,-125231.0,-135231.0,9950.0,-13.58603015075377
2025-12-07,-125281.0,-135281.0,9950.0,-13.59105527638191
2025-12-10,-125263.0,-135263.0,9950.0,-13.589246231155778
2025-12-10,-125323.0,-135323.0,9950.0,-13.595276381909548
2025-12-10,-125147.5,-135147.5,9950.0,-13.577638190954774
2025-12-10,-125187.5,-135187.5,9950.0,-13.581658291457286
2025-12-10,-125247.5,-135247.5,9950.0,-13.587688442211055
2025-12-10,-125287.5,-135287.5,9950.0,-13.591708542713567
2025-12-10,-125337.5,-135337.5,9950.0,-13.596733668341708
2025-12-10,-125288.5,-135288.5,9950.0,-13.59180904522613
2025-12-10,-125268.5,-135268.5,9950.0,-13.589798994974874
2025-12-14,-125082.0,-135082.0,9950.0,-13.571055276381909
2025-12-14,-125152.0,-135152.0,9950.0,-13.578090452261307
2025-12-14,-125192.0,-135192.0,9950.0,-13.582110552763819
2025-12-14,-125183.5,-135183.5,9950.0,-13.581256281407034
2025-12-14,-125180.5,-135180.5,9950.0,-13.580954773869347
2025-12-14,-125113.0,-135113.0,9950.0,-13.574170854271356
2025-12-14,-125153.0,-135153.0,9950.0,-13.57819095477387
2025-12-14,-125124.5,-135124.5,9950.0,-13.57532663316583
2025-12-14,-125154.5,-135154.5,9950.0,-13.578341708542714
2025-12-14,-125139.5,-135139.5,9950.0,-13.576834170854271
2025-12-17,-125169.5,-135169.5,9950.0,-13.579849246231156
2025-12-17,-125150.5,-135150.5,9950.0,-13.577939698492463
2025-12-17,-125101.0,-135101.0,9950.0,-13.572964824120604
2025-12-17,-125088.0,-135088.0,9950.0,-13.571658291457286
2025-12-17,-125031.5,-135031.5,9950.0,-13.565979899497487
2025-12-17,-124954.5,-134954.5,9950.0,-13.55824120603015
2025-12-17,-124946.5,-134946.5,9950.0,-13.557437185929649
2025-12-17,-124938.5,-134938.5,9950.0,-13.556633165829146
2025-12-17,-124930.5,-134930.5,9950.0,-13.555829145728643
2025-12-20,-125000.5,-135000.5,9950.0,-13.562864321608041
2025-12-20,-125030.5,-135030.5,9950.0,-13.565879396984924
2025-12-20,-125100.5,-135100.5,9950.0,-13.572914572864322
2025-12-20,-125122.5,-135122.5,9950.0,-13.575125628140704
2025-12-20,-125182.5,-135182.5,9950.0,-13.581155778894473
2025-12-20,-125003.5,-135003.5,9950.0,-13.563165829145728
2025-12-20,-125063.5,-135063.5,9950.0,-13.569195979899497
2025-12-20,-125133.5,-135133.5,9950.0,-13.576231155778894
2025-12-20,-125193.5,-135193.5,9950.0,-13.582261306532663
2025-12-20,-125113.0,-135113.0,9950.0,-13.574170854271356
2025-12-20,-125076.0,-135076.0,9950.0,-13.570452261306533
2025-12-27,-124998.0,-134998.0,9950.0,-13.562613065326634
2025-12-27,-125048.0,-135048.0,9950.0,-13.567638190954774
2025-12-27,-125063.0,-135063.0,9950.0,-13.569145728643216
2025-12-27,-125073.0,-135073.0,9950.0,-13.570150753768845
2025-12-27,-125113.0,-135113.0,9950.0,-13.574170854271356
2025-12-27,-125058.5,-135058.5,9950.0,-13.568693467336683
2025-12-27,-125118.5,-135118.5,9950.0,-13.574723618090452
2025-12-27,-125168.5,-135168.5,9950.0,-13.579748743718593
2025-12-27,-125238.5,-135238.5,9950.0,-13.58678391959799
2025-12-27,-125258.5,-135258.5,9950.0,-13.588793969849247
2026-01-04,-125318.5,-135318.5,9950.0,-13.594824120603015
2026-01-04,-125368.5,-135368.5,9950.0,-13.599849246231155
2026-01-04,-125428.5,-135428.5,9950.0,-13.605879396984925
2026-01-04,-125498.5,-135498.5,9950.0,-13.612914572864321
2026-01-04,-125416.0,-135416.0,9950.0,-13.604623115577889
2026-01-04,-125466.0,-135466.0,9950.0,-13.60964824120603
2026-01-04,-125480.0,-135480.0,9950.0,-13.61105527638191
2026-01-04,-125560.0,-135560.0,9950.0,-13.619095477386935
2026-01-04,-125590.0,-135590.0,9950.0,-13.62211055276382
2026-01-04,-125536.0,-135536.0,9950.0,-13.616683417085428
2026-01-04,-125576.0,-135576.0,9950.0,-13.62070351758794
2026-01-07,-125556.5,-135556.5,9950.0,-13.618743718592965
2026-01-07,-125437.5,-135437.5,9950.0,-13.60678391959799
2026-01-07,-125425.0,-135425.0,9950.0,-13.605527638190955
2026-01-07,-125475.0,-135475.0,9950.0,-13.610552763819095
2026-01-07,-125525.0,-135525.0,9950.0,-13.615577889447236
2026-01-07,-125575.0,-135575.0,9950.0,-13.620603015075377
2026-01-07,-125635.0,-135635.0,9950.0,-13.626633165829146
2026-01-07,-125685.0,-135685.0,9950.0,-13.631658291457287
2026-01-07,-125669.5,-135669.5,9950.0,-13.630100502512564
2026-01-11,-125624.5,-135624.5,9950.0,-13.625577889447236
2026-01-11,-125694.5,-135694.5,9950.0,-13.632613065326634
2026-01-11,-125562.5,-135562.5,9950.0,-13.619346733668342
2026-01-11,-125642.5,-135642.5,9950.0,-13.627386934673368
2026-01-11,-125658.0,-135658.0,9950.0,-13.62894472361809
2026-01-11,-125718.0,-135718.0,9950.0,-13.63497487437186
2026-01-11,-125778.0,-135778.0,9950.0,-13.641005025125628
2026-01-11,-125818.0,-135818.0,9950.0,-13.645025125628141
2026-01-11,-125700.5,-135700.5,9950.0,-13.63321608040201
2026-01-11,-125713.0,-135713.0,9950.0,-13.634472361809046
2026-01-11,-125763.0,-135763.0,9950.0,-13.639497487437186
2026-01-14,-125717.0,-135717.0,9950.0,-13.634874371859297
2026-01-14,-125767.0,-135767.0,9950.0,-13.639899497487438
2026-01-14,-125732.5,-135732.5,9950.0,-13.63643216080402
2026-01-14,-125731.0,-135731.0,9950.0,-13.636281407035176
2026-01-14,-125697.0,-135697.0,9950.0,-13.63286432160804
2026-01-14,-125737.0,-135737.0,9950.0,-13.636884422110553
2026-01-14,-125777.0,-135777.0,9950.0,-13.640904522613065
2026-01-14,-125763.0,-135763.0,9950.0,-13.639497487437186
2026-01-14,-125814.0,-135814.0,9950.0,-13.64462311557789
2026-01-18,-125854.0,-135854.0,9950.0,-13.648643216080401
2026-01-18,-125934.0,-135934.0,9950.0,-13.656683417085427
2026-01-18,-125906.5,-135906.5,9950.0,-13.65391959798995
2026-01-18,-125894.0,-135894.0,9950.0,-13.652663316582915
2026-01-18,-125954.0,-135954.0,9950.0,-13.658693467336683
2026-01-18,-126014.0,-136014.0,9950.0,-13.664723618090452
2026-01-18,-126074.0,-136074.0,9950.0,-13.670753768844222
2026-01-18,-126164.0,-136164.0,9950.0,-13.679798994974874
2026-01-18,-126214.0,-136214.0,9950.0,-13.684824120603015
2026-01-18,-126284.0,-136284.0,9950.0,-13.691859296482413
2026-01-18,-126344.0,-136344.0,9950.0,-13.69788944723618
2026-01-21,-126374.0,-136374.0,9950.0,-13.700904522613065
2026-01-21,-126424.0,-136424.0,9950.0,-13.705929648241206
2026-01-21,-126397.0,-136397.0,9950.0,-13.70321608040201
2026-01-21,-126417.0,-136417.0,9950.0,-13.705226130653266
2026-01-21,-126467.0,-136467.0,9950.0,-13.710251256281406
2026-01-21,-126517.0,-136517.0,9950.0,-13.715276381909547
2026-01-21,-126587.0,-136587.0,9950.0,-13.722311557788945
2026-01-21,-126647.0,-136647.0,9950.0,-13.728341708542713
2026-01-21,-126747.0,-136747.0,9950.0,-13.738391959798996
2026-01-25,-126817.0,-136817.0,9950.0,-13.745427135678392
2026-01-25,-126897.0,-136897.0,9950.0,-13.753467336683418
2026-01-25,-126902.0,-136902.0,9950.0,-13.75396984924623
2026-01-25,-126972.0,-136972.0,9950.0,-13.761005025125629
2026-01-25,-127002.0,-137002.0,9950.0,-13.764020100502513
2026-01-25,-127072.0,-137072.0,9950.0,-13.77105527638191
2026-01-25,-127152.0,-137152.0,9950.0,-13.779095477386935
2026-01-25,-127152.0,-137152.0,9950.0,-13.779095477386935
2026-01-25,-127212.0,-137212.0,9950.0,-13.785125628140703
2026-01-25,-127216.5,-137216.5,9950.0,-13.785577889447236
2026-01-25,-127246.5,-137246.5,9950.0,-13.78859296482412
2026-01-28,-127240.0,-137240.0,9950.0,-13.787939698492462
2026-01-28,-127280.0,-137280.0,9950.0,-13.791959798994975
2026-01-28,-127340.0,-137340.0,9950.0,-13.797989949748743
2026-01-28,-127358.5,-137358.5,9950.0,-13.799849246231156
2026-01-28,-127398.5,-137398.5,9950.0,-13.803869346733668
2026-01-28,-127428.5,-137428.5,9950.0,-13.806884422110553
2026-01-28,-127468.5,-137468.5,9950.0,-13.810904522613065
2026-01-28,-127518.5,-137518.5,9950.0,-13.815929648241205
2026-01-28,-127519.5,-137519.5,9950.0,-13.816030150753768
2026-02-01,-127419.0,-137419.0,9950.0,-13.805929648241205
2026-02-01,-127136.0,-137136.0,9950.0,-13.777487437185929
2026-02-01,-127131.5,-137131.5,9950.0,-13.777035175879398
2026-02-01,-127191.5,-137191.5,9950.0,-13.783065326633166
2026-02-01,-127211.5,-137211.5,9950.0,-13.785075376884421
2026-02-01,-127281.5,-137281.5,9950.0,-13.79211055276382
2026-02-01,-127351.5,-137351.5,9950.0,-13.799145728643216
2026-02-01,-127327.0,-137327.0,9950.0,-13.796683417085427
2026-02-01,-127121.5,-137121.5,9950.0,-13.776030150753769
2026-02-01,-127121.5,-137121.5,9950.0,-13.776030150753769
2026-02-01,-127191.5,-137191.5,9950.0,-13.783065326633166
2026-02-04,-127227.5,-137227.5,9950.0,-13.786683417085428
2026-02-04,-127287.5,-137287.5,9950.0,-13.792713567839195
2026-02-04,-127275.5,-137275.5,9950.0,-13.791507537688442
2026-02-04,-127295.5,-137295.5,9950.0,-13.793517587939698
2026-02-04,-127345.5,-137345.5,9950.0,-13.798542713567839
2026-02-04,-127385.5,-137385.5,9950.0,-13.802562814070352
2026-02-04,-127373.5,-137373.5,9950.0,-13.801356783919598
2026-02-04,-127393.5,-137393.5,9950.0,-13.803366834170854
2026-02-04,-127443.5,-137443.5,9950.0,-13.808391959798994
2026-02-08,-127513.5,-137513.5,9950.0,-13.815427135678393
2026-02-08,-127575.5,-137575.5,9950.0,-13.821658291457286
2026-02-08,-127567.0,-137567.0,9950.0,-13.820804020100503
2026-02-08,-127582.0,-137582.0,9950.0,-13.822311557788945
2026-02-08,-127371.0,-137371.0,9950.0,-13.80110552763819
2026-02-08,-127371.0,-137371.0,9950.0,-13.80110552763819
2026-02-08,-127398.0,-137398.0,9950.0,-13.803819095477387
2026-02-08,-127430.5,-137430.5,9950.0,-13.807085427135679
2026-02-08,-127403.5,-137403.5,9950.0,-13.804371859296483
2026-02-08,-127423.5,-137423.5,9950.0,-13.806381909547738
2026-02-08,-127427.5,-137427.5,9950.0,-13.80678391959799
2026-02-11,-127467.5,-137467.5,9950.0,-13.810804020100502
2026-02-11,-127430.5,-137430.5,9950.0,-13.807085427135679
2026-02-11,-127453.5,-137453.5,9950.0,-13.809396984924623
2026-02-11,-127302.5,-137302.5,9950.0,-13.794221105527638
2026-02-11,-127292.5,-137292.5,9950.0,-13.79321608040201
2026-02-11,-127352.5,-137352.5,9950.0,-13.799246231155779
2026-02-11,-127392.5,-137392.5,9950.0,-13.80326633165829
2026-02-11,-127432.5,-137432.5,9950.0,-13.807286432160804
2026-02-11,-127472.5,-137472.5,9950.0,-13.811306532663316
2026-02-14,-127522.5,-137522.5,9950.0,-13.816331658291457
2026-02-14,-127592.5,-137592.5,9950.0,-13.823366834170855
2026-02-14,-127602.0,-137602.0,9950.0,-13.8243216080402
2026-02-14,-127642.0,-137642.0,9950.0,-13.828341708542714
2026-02-14,-127712.0,-137712.0,9950.0,-13.83537688442211
2026-02-14,-127772.0,-137772.0,9950.0,-13.84140703517588
2026-02-14,-127832.0,-137832.0,9950.0,-13.847437185929648
2026-02-14,-127882.0,-137882.0,9950.0,-13.852462311557789
2026-02-14,-127848.5,-137848.5,9950.0,-13.849095477386935
2026-02-14,-127822.0,-137822.0,9950.0,-13.84643216080402
2026-02-22,-127892.0,-137892.0,9950.0,-13.853467336683417
2026-02-22,-127860.5,-137860.5,9950.0,-13.850301507537688
2026-02-22,-127868.5,-137868.5,9950.0,-13.851105527638191
2026-02-22,-127938.5,-137938.5,9950.0,-13.858140703517588
2026-02-22,-127998.5,-137998.5,9950.0,-13.864170854271357
2026-02-22,-127994.5,-137994.5,9950.0,-13.863768844221106
2026-02-22,-128028.5,-138028.5,9950.0,-13.867185929648242
2026-02-22,-128098.5,-138098.5,9950.0,-13.874221105527639
2026-02-22,-128112.0,-138112.0,9950.0,-13.875577889447236
2026-02-22,-128152.0,-138152.0,9950.0,-13.87959798994975
2026-02-22,-128182.0,-138182.0,9950.0,-13.882613065326634
2026-02-25,-128182.5,-138182.5,9950.0,-13.882663316582915
2026-02-25,-128242.5,-138242.5,9950.0,-13.888693467336683
2026-02-25,-128252.5,-138252.5,9950.0,-13.889698492462312
2026-02-25,-128191.5,-138191.5,9950.0,-13.88356783919598
2026-02-25,-128141.0,-138141.0,9950.0,-13.878492462311558
2026-02-25,-128097.5,-138097.5,9950.0,-13.874120603015076
2026-02-25,-127954.0,-137954.0,9950.0,-13.85969849246231
2026-02-25,-127939.5,-137939.5,9950.0,-13.85824120603015
2026-02-25,-127969.5,-137969.5,9950.0,-13.861256281407035
2026-03-22,-127983.0,-137983.0,9950.0,-13.862613065326633
2026-03-22,-128009.5,-138009.5,9950.0,-13.865276381909547
2026-03-22,-128069.5,-138069.5,9950.0,-13.871306532663317
2026-03-22,-128087.5,-138087.5,9950.0,-13.873115577889447
2026-03-22,-128127.5,-138127.5,9950.0,-13.87713567839196
2026-03-22,-128187.5,-138187.5,9950.0,-13.883165829145728
2026-03-22,-128227.5,-138227.5,9950.0,-13.887185929648242
2026-03-22,-128277.5,-138277.5,9950.0,-13.892211055276382
2026-03-22,-128287.5,-138287.5,9950.0,-13.89321608040201
2026-03-22,-128351.5,-138351.5,9950.0,-13.89964824120603
2026-03-25,-128369.5,-138369.5,9950.0,-13.90145728643216
2026-03-25,-128429.5,-138429.5,9950.0,-13.90748743718593
2026-03-25,-128422.5,-138422.5,9950.0,-13.90678391959799
2026-03-25,-128415.5,-138415.5,9950.0,-13.90608040201005
2026-03-25,-128455.5,-138455.5,9950.0,-13.910100502512563
2026-03-25,-128467.5,-138467.5,9950.0,-13.911306532663316
2026-03-25,-128517.5,-138517.5,9950.0,-13.916331658291456
2026-03-25,-128547.5,-138547.5,9950.0,-13.919346733668341
2026-03-25,-128562.0,-138562.0,9950.0,-13.920804020100503
2026-03-29,-128622.0,-138622.0,9950.0,-13.92683417085427
2026-03-29,-128663.5,-138663.5,9950.0,-13.931005025125629
2026-03-29,-128713.5,-138713.5,9950.0,-13.93603015075377
2026-03-29,-128773.5,-138773.5,9950.0,-13.942060301507537
2026-03-29,-128833.5,-138833.5,9950.0,-13.948090452261306
2026-03-29,-128853.5,-138853.5,9950.0,-13.950100502512562
2026-03-29,-128913.5,-138913.5,9950.0,-13.956130653266332
2026-03-29,-128891.0,-138891.0,9950.0,-13.953869346733669
2026-03-29,-128941.0,-138941.0,9950.0,-13.95889447236181
2026-03-29,-128971.0,-138971.0,9950.0,-13.961909547738694
2026-03-29,-129011.0,-139011.0,9950.0,-13.965929648241206
2026-04-01,-129017.5,-139017.5,9950.0,-13.966582914572864
2026-04-01,-128848.0,-138848.0,9950.0,-13.949547738693468
2026-04-01,-128770.0,-138770.0,9950.0,-13.941708542713569
2026-04-01,-128840.0,-138840.0,9950.0,-13.948743718592965
2026-04-01,-128900.0,-138900.0,9950.0,-13.954773869346734
2026-04-01,-128905.0,-138905.0,9950.0,-13.955276381909547
2026-04-01,-128933.5,-138933.5,9950.0,-13.958140703517588
2026-04-01,-128973.5,-138973.5,9950.0,-13.962160804020101
2026-04-01,-129023.5,-139023.5,9950.0,-13.967185929648242
2026-04-08,-129039.5,-139039.5,9950.0,-13.968793969849246
2026-04-08,-129089.5,-139089.5,9950.0,-13.973819095477387
2026-04-08,-129129.5,-139129.5,9950.0,-13.9778391959799
2026-04-08,-129179.5,-139179.5,9950.0,-13.98286432160804
2026-04-08,-129229.5,-139229.5,9950.0,-13.987889447236181
2026-04-08,-129299.5,-139299.5,9950.0,-13.994924623115578
2026-04-08,-129359.5,-139359.5,9950.0,-14.000954773869347
2026-04-08,-129399.5,-139399.5,9950.0,-14.00497487437186
2026-04-08,-129399.0,-139399.0,9950.0,-14.004924623115578
2026-04-12,-129429.0,-139429.0,9950.0,-14.007939698492462
2026-04-12,-129368.5,-139368.5,9950.0,-14.001859296482412
2026-04-12,-129418.5,-139418.5,9950.0,-14.006884422110552
2026-04-12,-129478.5,-139478.5,9950.0,-14.012914572864322
2026-04-12,-129528.5,-139528.5,9950.0,-14.017939698492462
2026-04-12,-129608.5,-139608.5,9950.0,-14.025979899497488
2026-04-12,-129572.0,-139572.0,9950.0,-14.022311557788944
2026-04-12,-129632.0,-139632.0,9950.0,-14.028341708542714
2026-04-12,-129702.0,-139702.0,9950.0,-14.03537688442211
2026-04-12,-129735.5,-139735.5,9950.0,-14.038743718592965
2026-04-12,-129765.5,-139765.5,9950.0,-14.04175879396985
2026-04-19,-129905.5,-139905.5,9950.0,-14.055829145728643
2026-04-19,-129949.5,-139949.5,9950.0,-14.060251256281408
2026-04-19,-129959.5,-139959.5,9950.0,-14.061256281407035
2026-04-19,-129962.5,-139962.5,9950.0,-14.061557788944723
2026-04-19,-130012.5,-140012.5,9950.0,-14.066582914572864
2026-04-19,-130082.5,-140082.5,9950.0,-14.07361809045226
2026-04-19,-130132.5,-140132.5,9950.0,-14.078643216080401
2026-04-19,-130120.5,-140120.5,9950.0,-14.077437185929648
2026-04-19,-130170.5,-140170.5,9950.0,-14.082462311557789
2026-04-19,-130220.5,-140220.5,9950.0,-14.08748743718593
2026-04-22,-130191.0,-140191.0,9950.0,-14.084522613065326
2026-04-22,-130241.0,-140241.0,9950.0,-14.089547738693467
2026-04-22,-130210.5,-140210.5,9950.0,-14.0864824120603
2026-04-22,-130145.0,-140145.0,9950.0,-14.079899497487437
2026-04-22,-130195.0,-140195.0,9950.0,-14.084924623115578
2026-04-22,-130154.5,-140154.5,9950.0,-14.080854271356785
2026-04-22,-130194.5,-140194.5,9950.0,-14.084874371859296
2026-04-22,-130244.5,-140244.5,9950.0,-14.089899497487437
2026-04-22,-130284.5,-140284.5,9950.0,-14.09391959798995
2026-04-26,-130364.5,-140364.5,9950.0,-14.101959798994974
2026-04-26,-130414.5,-140414.5,9950.0,-14.106984924623115
2026-04-26,-130500.0,-140500.0,9950.0,-14.115577889447236
2026-04-26,-130550.0,-140550.0,9950.0,-14.120603015075377
2026-04-26,-130620.0,-140620.0,9950.0,-14.127638190954773
2026-04-26,-130562.0,-140562.0,9950.0,-14.121809045226131
2026-04-26,-130572.0,-140572.0,9950.0,-14.122814070351758
2026-04-26,-130642.0,-140642.0,9950.0,-14.129849246231156
2026-04-26,-130653.5,-140653.5,9950.0,-14.131005025125628
2026-04-26,-130670.0,-140670.0,9950.0,-14.132663316582915
2026-04-26,-130710.0,-140710.0,9950.0,-14.136683417085427
2026-04-29,-130750.0,-140750.0,9950.0,-14.140703517587939
2026-04-29,-130790.0,-140790.0,9950.0,-14.144723618090453
2026-04-29,-130658.0,-140658.0,9950.0,-14.13145728643216
2026-04-29,-130718.0,-140718.0,9950.0,-14.13748743718593
2026-04-29,-130778.0,-140778.0,9950.0,-14.143517587939698
2026-04-29,-130802.5,-140802.5,9950.0,-14.145979899497487
2026-04-29,-130800.5,-140800.5,9950.0,-14.145778894472361
2026-04-29,-130850.5,-140850.5,9950.0,-14.150804020100502
2026-04-29,-130890.5,-140890.5,9950.0,-14.154824120603015
2026-05-03,-130873.5,-140873.5,9950.0,-14.153115577889448
2026-05-03,-130933.5,-140933.5,9950.0,-14.159145728643216
2026-05-03,-130993.5,-140993.5,9950.0,-14.165175879396985
2026-05-03,-131083.5,-141083.5,9950.0,-14.174221105527637
2026-05-03,-131133.5,-141133.5,9950.0,-14.179246231155778
2026-05-03,-131203.5,-141203.5,9950.0,-14.186281407035176
2026-05-03,-131273.5,-141273.5,9950.0,-14.193316582914573
2026-05-03,-131293.5,-141293.5,9950.0,-14.195326633165829
2026-05-03,-131270.0,-141270.0,9950.0,-14.192964824120603
2026-05-03,-131275.0,-141275.0,9950.0,-14.193467336683417
2026-05-03,-131325.0,-141325.0,9950.0,-14.198492462311558
2026-05-06,-131249.0,-141249.0,9950.0,-14.190854271356784
2026-05-06,-131289.0,-141289.0,9950.0,-14.194874371859296
2026-05-06,-131349.0,-141349.0,9950.0,-14.200904522613065
2026-05-06,-131389.0,-141389.0,9950.0,-14.204924623115577
2026-05-06,-131449.0,-141449.0,9950.0,-14.210954773869346
2026-05-06,-131438.0,-141438.0,9950.0,-14.209849246231157
2026-05-06,-131468.0,-141468.0,9950.0,-14.21286432160804
2026-05-06,-131508.0,-141508.0,9950.0,-14.216884422110553
2026-05-06,-131558.0,-141558.0,9950.0,-14.221909547738694
2026-05-09,-131492.5,-141492.5,9950.0,-14.215326633165828
2026-05-09,-131541.5,-141541.5,9950.0,-14.220251256281408
2026-05-09,-131542.0,-141542.0,9950.0,-14.22030150753769
2026-05-09,-131592.0,-141592.0,9950.0,-14.22532663316583
2026-05-09,-131642.0,-141642.0,9950.0,-14.23035175879397
2026-05-09,-131555.0,-141555.0,9950.0,-14.221608040201005
2026-05-09,-131221.0,-141221.0,9950.0,-14.188040201005025
2026-05-09,-131271.0,-141271.0,9950.0,-14.193065326633166
2026-05-09,-131321.0,-141321.0,9950.0,-14.198090452261306
2026-05-09,-131381.0,-141381.0,9950.0,-14.204120603015076
2026-05-09,-131320.5,-141320.5,9950.0,-14.198040201005025
2026-05-13,-131283.5,-141283.5,9950.0,-14.194321608040202
2026-05-13,-131343.5,-141343.5,9950.0,-14.20035175879397
2026-05-13,-131373.5,-141373.5,9950.0,-14.203366834170854
2026-05-13,-131413.5,-141413.5,9950.0,-14.207386934673368
2026-05-13,-131433.5,-141433.5,9950.0,-14.209396984924624
2026-05-13,-131471.5,-141471.5,9950.0,-14.21321608040201
2026-05-13,-131467.0,-141467.0,9950.0,-14.212763819095477
2026-05-13,-131497.0,-141497.0,9950.0,-14.215778894472361
2026-05-13,-131537.0,-141537.0,9950.0,-14.219798994974875
2026-05-17,-131469.5,-141469.5,9950.0,-14.213015075376884
2026-05-17,-131549.5,-141549.5,9950.0,-14.22105527638191
2026-05-17,-131557.5,-141557.5,9950.0,-14.221859296482412
2026-05-17,-131607.5,-141607.5,9950.0,-14.226884422110553
2026-05-17,-131593.5,-141593.5,9950.0,-14.225477386934674
2026-05-17,-131653.5,-141653.5,9950.0,-14.231507537688442
2026-05-17,-131632.5,-141632.5,9950.0,-14.229396984924623
2026-05-17,-131574.5,-141574.5,9950.0,-14.22356783919598
2026-05-17,-131634.5,-141634.5,9950.0,-14.229597989949749
2026-05-17,-131643.5,-141643.5,9950.0,-14.230502512562815
2026-05-17,-131703.5,-141703.5,9950.0,-14.236532663316583
2026-05-20,-131753.5,-141753.5,9950.0,-14.241557788944723
2026-05-20,-131721.0,-141721.0,9950.0,-14.238291457286433
2026-05-20,-131761.0,-141761.0,9950.0,-14.242311557788945
2026-05-20,-131811.0,-141811.0,9950.0,-14.247336683417085
2026-05-20,-131790.5,-141790.5,9950.0,-14.245276381909548
2026-05-20,-131820.5,-141820.5,9950.0,-14.248291457286433
2026-05-20,-131870.5,-141870.5,9950.0,-14.253316582914573
2026-05-20,-131930.5,-141930.5,9950.0,-14.259346733668341
2026-05-20,-131809.0,-141809.0,9950.0,-14.24713567839196
2026-05-24,-131879.0,-141879.0,9950.0,-14.254170854271356
2026-05-24,-131875.0,-141875.0,9950.0,-14.253768844221106
2026-05-24,-131945.0,-141945.0,9950.0,-14.260804020100503
2026-05-24,-132005.0,-142005.0,9950.0,-14.26683417085427
2026-05-24,-131913.0,-141913.0,9950.0,-14.257587939698492
2026-05-24,-131663.0,-141663.0,9950.0,-14.23246231155779
2026-05-24,-131733.0,-141733.0,9950.0,-14.239497487437186
2026-05-24,-131793.0,-141793.0,9950.0,-14.245527638190955
2026-05-24,-131737.0,-141737.0,9950.0,-14.239899497487437
2026-05-24,-131721.0,-141721.0,9950.0,-14.238291457286433
2026-05-24,-131771.0,-141771.0,9950.0,-14.243316582914574
2026-05-27,-131821.0,-141821.0,9950.0,-14.248341708542714
2026-05-27,-131825.0,-141825.0,9950.0,-14.248743718592964
2026-05-27,-131856.0,-141856.0,9950.0,-14.251859296482412
2026-05-27,-131798.5,-141798.5,9950.0,-14.246080402010051
2026-05-27,-131818.5,-141818.5,9950.0,-14.248090452261307
2026-05-27,-131868.5,-141868.5,9950.0,-14.253115577889448
2026-05-27,-131898.5,-141898.5,9950.0,-14.256130653266332
2026-05-27,-131928.5,-141928.5,9950.0,-14.259145728643215
2026-05-27,-131757.5,-141757.5,9950.0,-14.241959798994975
2026-05-31,-131827.5,-141827.5,9950.0,-14.248994974874371
2026-05-31,-131887.5,-141887.5,9950.0,-14.25502512562814
2026-05-31,-131904.0,-141904.0,9950.0,-14.256683417085426
2026-05-31,-131964.0,-141964.0,9950.0,-14.262713567839196
2026-05-31,-131983.0,-141983.0,9950.0,-14.264623115577889
2026-05-31,-132053.0,-142053.0,9950.0,-14.271658291457287
2026-05-31,-132113.0,-142113.0,9950.0,-14.277688442211055
2026-05-31,-132183.0,-142183.0,9950.0,-14.284723618090453
2026-05-31,-132166.0,-142166.0,9950.0,-14.283015075376884
2026-05-31,-132125.0,-142125.0,9950.0,-14.27889447236181
2026-05-31,-132155.0,-142155.0,9950.0,-14.281909547738694
2026-06-03,-132134.5,-142134.5,9950.0,-14.279849246231155
2026-06-03,-132184.5,-142184.5,9950.0,-14.284874371859296
2026-06-03,-132244.5,-142244.5,9950.0,-14.290904522613065
2026-06-03,-132284.5,-142284.5,9950.0,-14.294924623115579
2026-06-03,-132324.5,-142324.5,9950.0,-14.29894472361809
2026-06-03,-132320.0,-142320.0,9950.0,-14.298492462311557
2026-06-03,-132360.0,-142360.0,9950.0,-14.302512562814071
2026-06-03,-132299.0,-142299.0,9950.0,-14.296381909547739
2026-06-03,-132329.0,-142329.0,9950.0,-14.299396984924623
2026-06-07,-132232.5,-142232.5,9950.0,-14.289698492462312
2026-06-07,-132226.0,-142226.0,9950.0,-14.289045226130654
2026-06-07,-132088.5,-142088.5,9950.0,-14.275226130653266
2026-06-07,-132168.5,-142168.5,9950.0,-14.283266331658291
2026-06-07,-132208.5,-142208.5,9950.0,-14.287286432160805
2026-06-07,-132258.5,-142258.5,9950.0,-14.292311557788945
2026-06-07,-132193.5,-142193.5,9950.0,-14.285778894472362
2026-06-07,-132263.5,-142263.5,9950.0,-14.292814070351758
2026-06-07,-132273.0,-142273.0,9950.0,-14.293768844221105
2026-06-07,-132293.5,-142293.5,9950.0,-14.295829145728643
2026-06-07,-132343.5,-142343.5,9950.0,-14.300854271356783
2026-06-10,-132403.5,-142403.5,9950.0,-14.306884422110553
2026-06-10,-132392.5,-142392.5,9950.0,-14.305778894472361
2026-06-10,-132432.5,-142432.5,9950.0,-14.309798994974875
2026-06-10,-132453.5,-142453.5,9950.0,-14.311909547738694
2026-06-10,-132493.5,-142493.5,9950.0,-14.315929648241205
2026-06-10,-132543.5,-142543.5,9950.0,-14.320954773869346
2026-06-10,-132573.5,-142573.5,9950.0,-14.32396984924623
2026-06-10,-132623.5,-142623.5,9950.0,-14.328994974874371
2026-06-10,-132673.5,-142673.5,9950.0,-14.334020100502512
2026-06-13,-132713.5,-142713.5,9950.0,-14.338040201005025
2026-06-13,-132763.5,-142763.5,9950.0,-14.343065326633166
2026-06-13,-132843.5,-142843.5,9950.0,-14.351105527638191
2026-06-13,-132883.5,-142883.5,9950.0,-14.355125628140703
2026-06-13,-132918.5,-142918.5,9950.0,-14.358643216080402
2026-06-13,-132854.0,-142854.0,9950.0,-14.3521608040201
2026-06-13,-132894.0,-142894.0,9950.0,-14.356180904522613
2026-06-13,-132954.0,-142954.0,9950.0,-14.362211055276381
2026-06-13,-132974.0,-142974.0,9950.0,-14.364221105527639
2026-06-13,-132973.0,-142973.0,9950.0,-14.364120603015076
2026-06-13,-132957.0,-142957.0,9950.0,-14.36251256281407
2026-06-21,-133027.0,-143027.0,9950.0,-14.369547738693468
2026-06-21,-132988.0,-142988.0,9950.0,-14.365628140703517
2026-06-21,-132955.5,-142955.5,9950.0,-14.362361809045225
2026-06-21,-133015.5,-143015.5,9950.0,-14.368391959798995
2026-06-21,-133085.5,-143085.5,9950.0,-14.375427135678391
2026-06-21,-133155.5,-143155.5,9950.0,-14.38246231155779
2026-06-21,-133245.5,-143245.5,9950.0,-14.391507537688442
2026-06-21,-133178.0,-143178.0,9950.0,-14.384723618090453
2026-06-21,-133048.0,-143048.0,9950.0,-14.371658291457287
2026-06-21,-132875.5,-142875.5,9950.0,-14.354321608040202
2026-06-21,-132836.5,-142836.5,9950.0,-14.350402010050251
2026-06-24,-132813.5,-142813.5,9950.0,-14.348090452261307
2026-06-24,-132717.0,-142717.0,9950.0,-14.338391959798996
2026-06-24,-132757.0,-142757.0,9950.0,-14.342412060301507
2026-06-24,-132787.0,-142787.0,9950.0,-14.345427135678392
2026-06-24,-132749.5,-142749.5,9950.0,-14.341658291457286
2026-06-24,-132789.5,-142789.5,9950.0,-14.3456783919598
2026-06-24,-132839.5,-142839.5,9950.0,-14.35070351758794
2026-06-24,-132850.0,-142850.0,9950.0,-14.35175879396985
2026-06-24,-132880.0,-142880.0,9950.0,-14.354773869346733
2026-06-27,-132920.0,-142920.0,9950.0,-14.358793969849247
2026-06-27,-132922.5,-142922.5,9950.0,-14.359045226130654
2026-06-27,-132909.0,-142909.0,9950.0,-14.357688442211055
2026-06-27,-132959.0,-142959.0,9950.0,-14.362713567839196
2026-06-27,-133029.0,-143029.0,9950.0,-14.369748743718594
2026-06-27,-133109.0,-143109.0,9950.0,-14.377788944723617
2026-06-27,-133159.0,-143159.0,9950.0,-14.382814070351758
2026-06-27,-133229.0,-143229.0,9950.0,-14.389849246231156
2026-06-27,-133309.0,-143309.0,9950.0,-14.397889447236182
2026-06-27,-133359.0,-143359.0,9950.0,-14.402914572864322
2026-06-27,-133409.0,-143409.0,9950.0,-14.407939698492463
2026-07-01,-133449.0,-143449.0,9950.0,-14.411959798994975
2026-07-01,-133519.0,-143519.0,9950.0,-14.418994974874371
2026-07-01,-133541.0,-143541.0,9950.0,-14.421206030150755
2026-07-01,-133601.0,-143601.0,9950.0,-14.427236180904522
2026-07-01,-133472.0,-143472.0,9950.0,-14.41427135678392
2026-07-01,-133399.0,-143399.0,9950.0,-14.406934673366834
2026-07-01,-133417.0,-143417.0,9950.0,-14.408743718592964
2026-07-01,-133457.0,-143457.0,9950.0,-14.412763819095478
2026-07-01,-133527.0,-143527.0,9950.0,-14.419798994974874
2026-07-01,-133587.0,-143587.0,9950.0,-14.425829145728644
2026-07-01,-133657.0,-143657.0,9950.0,-14.43286432160804
2026-07-04,-133707.0,-143707.0,9950.0,-14.43788944723618
2026-07-04,-133767.0,-143767.0,9950.0,-14.44391959798995
2026-07-04,-133847.0,-143847.0,9950.0,-14.451959798994976
2026-07-04,-133794.5,-143794.5,9950.0,-14.446683417085428
2026-07-04,-133788.5,-143788.5,9950.0,-14.44608040201005
2026-07-04,-133791.5,-143791.5,9950.0,-14.446381909547739
2026-07-04,-133851.5,-143851.5,9950.0,-14.452412060301507
2026-07-04,-133814.5,-143814.5,9950.0,-14.448693467336684
2026-07-04,-133854.5,-143854.5,9950.0,-14.452713567839195
2026-07-04,-133836.5,-143836.5,9950.0,-14.450904522613065
2026-07-04,-133659.5,-143659.5,9950.0,-14.433115577889447
2026-07-08,-133643.0,-143643.0,9950.0,-14.431457286432162
2026-07-08,-133703.0,-143703.0,9950.0,-14.43748743718593
2026-07-08,-133763.0,-143763.0,9950.0,-14.443517587939699
2026-07-08,-133762.0,-143762.0,9950.0,-14.443417085427136
2026-07-08,-133812.0,-143812.0,9950.0,-14.448442211055276
2026-07-08,-133812.5,-143812.5,9950.0,-14.448492462311558
2026-07-08,-133797.5,-143797.5,9950.0,-14.446984924623116
2026-07-08,-133793.0,-143793.0,9950.0,-14.446532663316583
2026-07-08,-133777.0,-143777.0,9950.0,-14.444924623115577
2026-07-12,-133817.0,-143817.0,9950.0,-14.44894472361809
2026-07-12,-133867.0,-143867.0,9950.0,-14.453969849246231
2026-07-12,-133826.5,-143826.5,9950.0,-14.449899497487436
2026-07-12,-133886.5,-143886.5,9950.0,-14.455929648241206
2026-07-12,-133956.5,-143956.5,9950.0,-14.462964824120602
2026-07-12,-133883.0,-143883.0,9950.0,-14.455577889447236
2026-07-12,-133943.0,-143943.0,9950.0,-14.461608040201005
2026-07-12,-133759.5,-143759.5,9950.0,-14.443165829145729
2026-07-12,-133671.5,-143671.5,9950.0,-14.4343216080402
2026-07-12,-133667.0,-143667.0,9950.0,-14.433869346733669
2026-07-12,-133747.0,-143747.0,9950.0,-14.441909547738694
2026-07-15,-133760.5,-143760.5,9950.0,-14.443266331658291
2026-07-15,-133741.5,-143741.5,9950.0,-14.441356783919598
2026-07-15,-133701.0,-143701.0,9950.0,-14.437286432160803
2026-07-15,-133649.5,-143649.5,9950.0,-14.432110552763818
2026-07-15,-133709.5,-143709.5,9950.0,-14.438140703517588
2026-07-15,-133666.0,-143666.0,9950.0,-14.433768844221106
2026-07-15,-133706.0,-143706.0,9950.0,-14.437788944723618
2026-07-15,-133746.0,-143746.0,9950.0,-14.441809045226131
2026-07-15,-133755.5,-143755.5,9950.0,-14.442763819095477
