tree
version=v4
num_class=1
num_tree_per_iteration=1
label_index=0
max_feature_idx=42
objective=binary sigmoid:1
feature_names=distance barrier_draw weight_carried last_speed_figure speed_figure_change speed_figure_ewm horse_win_rate_50 horse_place_rate_50 horse_win_rate_ewm horse_place_rate_ewm jockey_win_rate_50 trainer_win_rate_50 jockey_roi_50 trainer_roi_50 weight_diff horse_weight_diff avg_early_pct_last_3 avg_late_speed_last_3 course_type track_condition race_class track jockey trainer days_since_last_race rest_period jockey_trainer_win_rate_50 barrier_win_rate_50 jockey_trainer_roi_50 is_high_value_combo run_style num_front_runners pace_advantage pace_scenario race_class_diff distance_diff last_finish_pos career_starts is_unexposed_star past_speed_figure past_standardized_early_speed early_pressure_index horse_weight
feature_infos=[1000:2400] [1:14] [105:135] [-4.5:4.5] [-9:9] [-4.5:4.5] [0:1] [0:1] [0:1] [0:1] [0:1] [0:1] [-1:72.5] [-1:72.5] [-30:30] [-93:86] [0:1.1111111111111112] [-0.9285714285714286:0.9285714285714286] -1:1:5:6:3:0:2:4 -1:1:2:3:9:8:6:0:7:4 -1:5:3:7:2:9:10:1:11:8:0:6 -1:1:0 -1:98:54:21:61:46:1:64:3:13:66:58:43:31:57:88:32:95:9:35:7:48:0:17:70:77:34:20:36:47:81:56:10:86:29:40:84:30:73:78:5:18:62:26:85:60:33:41:44:42:76:24:25:89:93:19:74:11:15:75:12:45:8:65:14:59:69:96 -1:6:48:13:27:59:72:24:17:95:14:19:56:23:86:101:53:18:70:7:46:75:61:73:21:66:93:42:22:5:91:65:68:1:88:92:99:105:36:45:64:85 [3:728] -1:2:0:3:1:5:4 [0:1] [0:1] [-1:283] [0:1] -1:2:0:1 [0:9] [-1:1] -1:0:1:2 none [-1000:1000] none [0:71] none [-4.5:4.5] [-4.5:4.5] [-0.63037703900257835:3.4831192223090555] [856:1503]
tree_sizes=3409 3479 3525 3521 3521 3514 3552 3547 3596 3555 3495 3542 3543 3563 3567 3587 3469 3589 3536 3627 3666 3606 3628 3596 3535 3587 3467 3482 3550 3574 3571 3544 3538 3611 3635 3622 3566 3632 3651 3619 3628 3560 3623 3565 3586 3621 3607 3596 3588 3580 3550 3665 3632 3655 3570 3598 3624 3512 3639 3627 3643 3649 3464 3595 3597 3549 3655 3548 3614 3608 3632 3588 3572 3568 3611 3594 3548 3637 3476 3572 3620 3550 3551 3612 3615 3629 3583 3481 3507 3588 3586 3554 3548 3582 3638 3526 3610 3496 3612 3567 3553 3554 3474 3615 3568 3551 3501 3562 3559 3630 3571 3548 3505 3596 3626 3513 3582 3697 3633 3636 3498 3563 3608 3557 3571 3641 3623 3664 3663 3650 3577 3535 3533 3647 3583 3543 3520 3570 3575 3640 3507 3541 3624 3656

Tree=0
num_leaves=31
num_cat=3
split_feature=9 10 10 6 6 9 1 37 12 1 12 5 5 23 5 12 17 37 37 5 10 1 28 23 8 23 1 13 27 5
split_gain=734.281 308.377 196.854 148.202 101.388 58.187 49.0953 45.1555 43.7918 54.3086 41.9126 41.6315 39.9329 32.3758 31.6073 29.9559 28.361 27.8058 24.8456 24.638 24.6047 24.0675 21.6335 20.7065 20.2624 20.1736 19.5996 19.2291 27.09 19.2001
threshold=0.33333020365889848 0.15301003344481603 0.15504807692307693 0.60555555555555574 0.54195804195804198 0.67998893574263197 4.5000000000000009 6.5000000000000009 0.51500000000000001 2.5000000000000004 0.13800000000000004 0.69131795706240284 -0.045419127011803999 0 -0.48431994376619708 -0.10599999999999983 0.22222222222222229 9.5000000000000018 12.500000000000002 0.14440929142600167 0.098780487804878067 3.5000000000000004 -0.15000000000000002 1 0.37425008323487013 2 5.5000000000000009 -0.9159999999999997 0.079473684210526321 2.3406395643760618
decision_type=2 2 2 2 2 2 2 2 2 2 2 2 2 9 2 2 2 2 2 2 2 2 2 9 2 9 2 2 2 2
left_child=2 3 12 5 8 6 25 20 9 11 14 -3 21 27 -4 16 -6 -16 -11 -7 -5 23 -18 -1 -10 -2 -21 28 -14 -22
right_child=1 4 10 7 15 19 -8 -9 24 18 -12 -13 13 -15 17 -17 22 -19 -20 26 29 -23 -24 -25 -26 -27 -28 -29 -30 -31
leaf_value=-2.3973952258811249 -2.3748282149714877 -2.3328078649510116 -2.3954619017315872 -2.3638471005571544 -2.1833307271815872 -2.3933784070665207 -2.4019797466559614 -2.2081303432206054 -2.4087980366639368 -2.3494411068939947 -2.4027373995922563 -2.2485123162288936 -2.4201286844897156 -2.4165455427847617 -2.3490814190491474 -2.3190713295631098 -2.2197735004394223 -2.3836866397930074 -2.375906768310581 -2.3519748989679172 -2.2770936590551352 -2.4213536564641007 -2.3690447468345086 -2.4156790965065507 -2.318819362753338 -2.3954243151674937 -2.3784275108936281 -2.4040366705480962 -2.3191284420399914 -2.3784275108936281
leaf_weight=72.701697833836079 97.13860359787941 22.076955363154415 41.261068299412727 10.581713087856775 4.4153910726308823 46.437733694911003 419.61440676450729 3.0450972914695731 17.357054561376575 104.82747425884008 70.341747432947159 6.9275963380932799 4.1108813434839231 290.1977718770504 50.091850444674492 7.0037237703800184 1.6748035103082659 35.856020607054234 45.904841668903828 44.230038158595562 7.9933803901076299 895.25860369205475 1.8270583748817442 218.25734836608171 2.588332697749137 109.77575735747814 58.618122860789299 314.78693250566721 5.7095574215054512 2.1315681040287018
leaf_count=955 1276 290 542 139 58 610 5512 40 228 1377 924 91 54 3812 658 92 22 471 603 581 105 11760 24 2867 34 1442 770 4135 75 28
internal_value=-2.40203 -2.38124 -2.41258 -2.38981 -2.34931 -2.39207 -2.39608 -2.316 -2.35495 -2.35027 -2.38415 -2.31267 -2.4157 -2.4095 -2.37388 -2.27388 -2.2339 -2.36352 -2.3575 -2.37524 -2.33186 -2.41892 -2.29765 -2.41142 -2.39712 -2.38412 -2.36705 -2.40272 -2.36141 -2.29843
internal_weight=3012.74 1014.17 1998.57 799.566 214.603 775.815 626.529 23.7518 199.682 179.737 197.551 29.0046 1801.02 614.805 127.209 14.921 7.91725 85.9479 150.732 149.286 20.7067 1186.22 3.50186 290.959 19.9454 206.914 102.848 324.607 9.82044 10.1249
internal_count=39575 13322 26253 10503 2819 10191 8230 312 2623 2361 2595 381 23658 8076 1671 196 104 1129 1980 1961 272 15582 46 3822 262 2718 1351 4264 129 133
cat_boundaries=0 3 6 9
cat_threshold=163708992 153157632 536871232 139328 1024 536871684 134357056 134284288 2816
is_linear=0
shrinkage=1


Tree=1
num_leaves=31
num_cat=6
split_feature=22 9 9 6 22 6 1 37 5 22 37 28 1 5 21 40 37 3 1 1 37 5 2 27 9 23 28 23 40 27
split_gain=848.489 369.149 147.168 97.161 79.1413 63.1162 59.9943 44.0366 44.2609 40.1638 32.929 29.8225 32.4398 31.7274 28.546 30.4064 28.3389 28.0558 25.3228 24.6343 23.7995 37.2464 23.3161 23.2104 24.3188 20.509 19.4043 18.954 17.1289 16.879
threshold=0 0.33333020365889848 0.65435862118278432 0.60555555555555574 1 0.58578431372549034 3.5000000000000004 17.500000000000004 0.090617218579332609 2 9.5000000000000018 -0.49387499999999995 1.5000000000000002 0.47126892289028594 3 -1.4914865108805633 9.5000000000000018 0.22092556644105557 7.5000000000000009 1.5000000000000002 8.5000000000000018 0.32023558579948846 118.50000000000001 0.091966173361522172 0.43808041000812098 4 -0.97999999999999987 5 1.2857824761429895 0.10762548262548262
decision_type=9 2 2 2 9 2 2 2 2 9 2 2 2 2 1 2 2 2 2 2 2 2 2 2 2 9 2 9 2 2
left_child=2 9 6 4 7 11 10 8 -3 17 14 -4 13 -13 -1 -16 19 -2 25 -5 21 27 -7 -22 -25 -11 -21 -8 -23 -9
right_child=1 3 5 16 -6 22 20 29 -10 18 -12 12 -14 -15 15 -17 -18 -19 -20 26 23 28 -24 24 -26 -27 -28 -29 -30 -31
leaf_value=0.05269845867164933 -0.019747485548071167 0.0078944653208493192 0.025838586614435645 0.1679687269413323 -0.0076587571174467125 0.23057450328274012 0.0035662712932205878 -0.004790362215498091 0.02763457695256533 -0.013976784241140752 0.032513383933672174 0.073502058768226894 0.064643250649018394 0.22054317862779352 -0.0037345284721821618 0.12009523390353996 0.18623133743322393 -0.0080352714332326894 -0.014715420694182607 -0.032899687906223468 0.0044271498273344033 0.056519436828083226 0.11374543351400761 0.018236444440734609 0.072280419337992327 0.0018319728744035108 0.062317167801965272 0.03394237765268994 0.15844067655029831 0.017070599352957877
leaf_weight=28.058608248829842 942.06385754048824 174.9737698212266 16.359311699867249 1.7917182072997153 198.02320835739374 1.7064210399985338 45.23251536488533 119.16018386185169 245.87806665152311 90.866642594337463 38.13267408311367 2.8192204535007468 54.1577253267169 2.4846329391002655 2.0602890253067008 13.340607672929762 1.7766631841659535 228.772476144135 260.46733174473047 2.1672454699873986 80.685325711965561 27.535950362682346 15.525255106389521 27.656083457171917 10.278643064200876 272.31402314454317 17.322825834155079 46.619347646832466 1.5685639679431904 43.351638719439507
leaf_count=356 12528 2282 207 22 2583 20 582 1556 3187 1206 491 35 684 30 26 170 20 3031 3457 27 1048 351 183 360 132 3603 214 601 20 563
internal_value=-3.17895e-05 -0.00642985 0.0393173 0.0104322 0.00864115 0.0734875 0.0306413 0.0140644 0.0194274 -0.0140247 0.0528594 0.0617089 0.0715776 0.142385 0.0707117 0.10353 0.0711249 -0.0173112 -0.00745759 0.0615155 0.0230745 0.0324382 0.125315 0.0135264 0.03288 -0.00245773 0.0517293 0.0230672 0.0620124 0.00104127
internal_weight=3013.15 2598.93 414.221 804.445 781.387 93.0526 321.169 583.364 420.852 1794.48 81.5922 75.8209 59.4616 5.30385 43.4595 15.4009 23.0585 1170.84 623.648 21.2818 239.576 120.956 17.2317 118.62 37.9347 363.181 19.4901 91.8519 29.1045 162.512
internal_count=39575 34279 5296 10454 10171 1159 4137 7588 5469 23825 1043 956 749 65 552 196 283 15559 8266 263 3094 1554 203 1540 492 4809 241 1183 371 2119
cat_boundaries=0 4 7 10 11 14 18
cat_threshold=0 2305 0 4 3223593603 641744898 156225 2148541962 553762844 22028293 2 11272320 82944 2048 160170112 2162688 2624 32
is_linear=0
shrinkage=0.03


Tree=2
num_leaves=31
num_cat=3
split_feature=9 10 10 6 6 1 5 26 1 5 37 12 23 5 37 17 5 23 17 10 1 37 13 16 23 24 40 26 12 13
split_gain=640.372 242.275 177.122 109.191 61.1683 51.5059 38.4683 37.0793 49.4994 35.2853 37.7225 35.2748 31.2508 27.1797 27.0566 26.4965 26.4937 26.3396 25.4546 25.0904 23.5288 21.8177 21.5931 21.1372 20.1827 19.4311 18.761 27.8386 17.6772 17.5373
threshold=0.33333020365889848 0.15301003344481603 0.15504807692307693 0.60555555555555574 0.54195804195804198 6.5000000000000009 -0.045419127011803999 0.18834459459459463 3.5000000000000004 0.51408613344373466 12.500000000000002 0.13800000000000004 0 -0.48431994376619708 14.500000000000002 0.50036075036075056 0.72017481352036583 1 0.1402717652717653 0.098780487804878067 3.5000000000000004 9.5000000000000018 -0.25999999999999984 0.80203130203130213 2 27.500000000000004 0.18055711115270279 0.23166368515205724 -0.10599999999999983 -0.9159999999999997
decision_type=2 2 2 2 2 2 2 2 2 2 2 2 9 2 2 2 2 9 2 2 2 2 2 2 9 2 2 2 2 2
left_child=2 3 6 5 7 9 20 15 18 17 -11 13 29 -4 16 -3 -7 -2 -9 25 24 -15 -10 -17 -1 -5 27 -21 -6 -8
right_child=1 4 11 19 28 14 12 8 22 10 -12 -13 -14 21 -16 23 -18 -19 -20 26 -22 -23 -24 -25 -26 -27 -28 -29 -30 -31
leaf_value=0.0030123459993253985 -0.0047617610499581407 0.025890883443712317 0.0056171983730563769 0.09255711428144793 0.12558805870471892 0.0026261908477315347 0.03845496236652416 0.057534400889038557 0.027807759301007835 0.045919982023629242 0.012095359822836249 -0.00076823782849072769 -0.014093701398134243 0.046975171918004002 -0.0088028649039554215 0.12214521698249779 0.027272483744759466 0.016024683942988338 0.1173129798580069 0.14484071386173136 -0.018862898701454692 0.016976013841142171 0.061097112518261339 0.030488023069904072 -0.014010525297509629 0.014709028685819265 0.042450949955408754 0.022976968489168623 0.066053960001603643 -0.0017076064050748781
leaf_weight=91.574036359786987 73.500050358474255 107.62341142445803 42.178338289260864 4.2974753156304386 9.9852137491107005 198.39472711086273 10.102020516991614 11.585071317851545 40.483133129775524 64.738672778010368 54.786422803997993 70.415530644357204 284.08038748055696 53.670999847352505 145.45258170366287 4.834954805672167 48.936307221651077 203.23410859704018 14.354017853736876 8.079222343862055 869.82510620355606 36.7649782076478 30.939024329185486 4.2591790854930878 194.28535679727793 8.7837358638644201 3.9574698805809012 2.1323864459991446 8.1545340195298177 311.82990620285273
leaf_count=1211 954 1332 542 51 104 2574 129 137 496 816 701 924 3812 658 1904 59 626 2616 167 89 11760 471 379 53 2611 104 44 24 92 4135
internal_value=-3.77798e-05 0.0188937 -0.0101409 0.0112022 0.045931 0.00916313 -0.0131988 0.0414491 0.0551193 0.0167942 0.0304159 0.0163924 -0.0070769 0.0255044 0.00146452 0.0300459 0.00750265 0.0109108 0.0906143 0.0702435 -0.016409 0.0347796 0.0422282 0.0792182 -0.00894205 0.0402839 0.0979029 0.119393 0.0988251 -0.000433854
internal_weight=3013.24 1048.51 1964.73 816.293 232.219 789.043 1761.7 214.079 97.3612 396.259 119.525 203.03 606.012 132.614 392.784 116.718 247.331 276.734 25.9391 27.2503 1155.68 90.436 71.4222 9.09413 285.859 13.0812 14.1691 10.2116 18.1397 321.932
internal_count=39575 13322 26253 10503 2819 10191 23658 2623 1179 5087 1517 2595 8076 1671 5104 1444 3200 3570 304 312 15582 1129 875 112 3822 155 157 113 196 4264
cat_boundaries=0 3 7 10
cat_threshold=163708992 153157632 536871232 23330816 538984448 2151677956 32 139328 134218752 536871748
is_linear=0
shrinkage=0.03


Tree=3
num_leaves=31
num_cat=5
split_feature=22 9 9 22 6 22 1 3 1 1 3 7 3 8 26 42 27 9 2 42 37 42 31 23 1 7 41 37 23 28
split_gain=740.24 246.06 206.266 87.8984 66.7407 44.5752 42.3977 39.9602 37.6645 31.7838 32.2757 28.491 26.2518 28.2402 25.739 24.7925 24.7256 23.6668 25.5742 21.563 20.8428 20.764 20.3932 20.1301 20.1076 20.0761 19.5981 18.9301 19.6533 18.7638
threshold=0 0.46916132125371418 0.33333020365889848 1 0.42261904761904762 2 1.5000000000000002 0.090094645170679402 3.5000000000000004 6.5000000000000009 0.49719354392391329 0.45889639639639646 0.66244090591943605 0.13178508997235819 0.18090909090909094 1158.5000000000002 0.059411764705882351 0.33021575274558168 115.50000000000001 1060.5000000000002 7.5000000000000009 1175.5000000000002 2.5000000000000004 3 3.5000000000000004 0.37354651162790703 1.4638221817210237 7.5000000000000009 4 1.3245000000000002
decision_type=9 2 2 9 2 9 2 2 2 2 2 2 2 2 2 2 2 2 2 2 2 2 2 9 2 2 2 2 9 2
left_child=1 3 7 8 6 9 14 24 15 10 29 -12 -8 -14 25 20 -6 -5 -19 -18 -1 -9 -17 -20 27 -3 -16 -2 -29 -4
right_child=2 4 5 17 16 -7 12 21 -10 -11 11 -13 13 -15 26 22 19 18 23 -21 -22 -23 -24 -25 -26 -27 -28 28 -30 -31
leaf_value=0.086875695203783687 -0.018799566353705294 -0.013873417818892635 0.0045914402985985986 -0.00068114135795093486 0.041008973365238587 -0.0076545313779120046 0.026106591292775479 -0.010986136294736642 0.02127977868546798 0.0018581103081491482 0.018185656478005945 0.050946391463336446 0.029568292467784075 0.062995156443420824 0.087464305628289774 0.068774769415107836 0.014019739829688934 0.10107030162777092 -0.0053389955496411807 0.095666661536991507 0.042087230358744912 0.0058959562853782409 -0.0047019194270274418 0.023317803278667913 -0.020772187266836925 0.07398436156765234 0.18236304017909499 -0.012282831230618784 0.009799132519970279 0.052967840951080557
leaf_weight=18.246046505868435 147.513966396451 3.1342239603400257 117.07652943581343 298.17488711327314 12.896597795188425 179.89072831720114 121.38616172224283 297.89464191347361 150.61649559438229 221.74605669081211 64.661686927080154 37.89198799431324 42.65450381487608 48.737460181117058 5.9515427500009519 5.0081142112612715 3.1711250543594351 3.1368781700730315 34.670819327235222 35.517167299985886 19.18209520727396 84.0751111805439 10.584700293838976 51.412143513560295 853.41077376902103 9.2465104311704618 2.9192304834723473 73.909468919038773 54.937026210129261 7.6899823099374762
leaf_count=213 1992 38 1492 3971 142 2333 1489 4011 1880 2864 817 463 514 587 64 60 36 40 440 380 234 1131 127 653 11692 110 32 1002 737 97
internal_value=-9.85107e-05 0.0229683 -0.00960711 0.0121815 0.0460939 0.00478531 0.0392854 -0.0156586 0.0275804 0.00972251 0.0178218 0.0302902 0.03525 0.0473942 0.0796895 0.0506804 0.0769827 0.00329004 0.0169306 0.0889744 0.0639214 -0.00727023 0.0188974 0.0138645 -0.0184947 0.0517429 0.118694 -0.0114615 -0.00306038 0.00757312
internal_weight=3017.34 876.647 2140.7 591.032 285.615 628.957 234.03 1511.74 203.637 449.066 227.32 102.554 212.778 91.392 21.2515 53.021 51.5849 387.395 89.2198 38.6883 37.4281 381.97 15.5928 86.083 1129.77 12.3807 8.87077 276.36 128.846 124.767
internal_count=39641 11010 28631 7618 3392 8066 2834 20565 2514 5733 2869 1280 2590 1101 244 634 558 5104 1133 416 447 5142 187 1093 15423 148 96 3731 1739 1589
cat_boundaries=0 4 8 11 15 19
cat_threshold=1076101120 4196611 147968 4 0 2048 0 4 2147624579 1644249088 2147491905 143409216 16842752 536870912 32 137125888 553730048 2147483904 32
is_linear=0
shrinkage=0.03


Tree=4
num_leaves=31
num_cat=6
split_feature=9 10 10 5 5 5 1 23 23 1 4 6 9 12 40 23 6 13 1 23 17 40 42 14 5 23 21 4 6 16
split_gain=602.42 206.753 163.399 92.469 57.4153 45.2775 41.3591 33.2371 31.561 30.6823 43.658 29.1828 28.603 28.4436 27.1115 24.8707 23.4383 23.277 22.4469 21.2025 20.5264 23.2391 20.1187 18.3376 28.0497 18.0001 19.798 17.8028 19.414 17.3966
threshold=0.33333020365889848 0.13976744186046514 0.15894736842105264 0.66127747611302456 0.51408613344373466 0.10567034237895916 10.500000000000002 0 1 2.5000000000000004 -0.72760608951061789 0.5590277777777779 0.69822874546007829 0.20599999999999999 -1.3792758694081109 2 0.39444444444444454 -0.15558620689655148 3.5000000000000004 3 -0.31305916305916298 -0.94789320716674708 1121.5000000000002 8.5000000000000018 1.362718556399326 4 5 -2.1653687557683829 0.24621212121212124 0.060606060606060656
decision_type=2 2 2 2 2 2 2 9 9 2 2 2 2 2 2 9 2 2 2 9 2 2 2 2 2 9 1 2 2 2
left_child=2 4 5 8 7 18 14 -2 27 10 -10 -9 -5 19 22 -7 -16 -11 25 -4 -21 -22 -6 -14 -25 -1 -27 28 -3 -15
right_child=1 3 13 12 6 15 -8 11 9 17 -12 -13 23 29 16 -17 -18 -19 -20 20 21 -23 -24 24 -26 26 -28 -29 -30 -31
leaf_value=-0.015194815747752249 -0.0067391848399972597 0.023362172564781191 -0.0013044457344363648 0.046044754979853171 0.020044696413165197 0.0078520942355865611 -0.0045782387533285177 0.0079435434369247524 0.010960908685411936 0.021599408954494845 0.091643313013786212 0.063830171815098105 0.07395623320450341 0.093379776055050601 0.017986780570171831 -0.009327123612392808 0.050701840343425043 0.049298648224080699 -0.017478923375208084 -0.0087031082530691552 0.073728419728805519 0.028907127829185961 0.069514138187915173 0.21020082750130695 0.064726737480853128 -0.0093810575545229154 0.011204276192422154 0.003868868989065093 0.13345507153424563 -0.0049252133929905389
leaf_weight=177.73300608992577 172.01678454130888 5.3184836208820334 36.397770531475544 41.242717698216438 11.319016911089419 119.47207900881767 44.543419346213341 343.05478371679783 8.8051097616553324 77.329816810786724 19.192925378680229 8.6204770579934102 42.957074619829655 1.665611445903777 143.19571485370398 175.28017719089985 22.855207964777946 42.207650512456894 1078.9813794866204 11.157280229032038 11.80442441254854 88.198873467743397 21.36394339799881 2.3366892635822287 2.4369607195258141 110.90577309578657 67.725416757166386 67.372651726007462 1.9776196032762525 59.362737379968166
leaf_count=2430 2227 64 444 473 139 1592 562 4389 99 917 212 92 457 22 1775 2372 259 494 14956 139 143 1072 261 24 25 1491 909 800 22 780
internal_value=-0.000102209 0.0178745 -0.0100995 0.0384994 0.00950645 -0.0131236 0.0215494 0.00391198 0.0281511 0.0355886 0.0662695 0.00905596 0.0643435 0.0149838 0.0274056 -0.00241391 0.0224897 0.0313798 -0.0153229 0.0221083 0.0274247 0.0341978 0.0523815 0.080155 0.135936 -0.00879484 -0.00149286 0.00766317 0.053203 -0.00224223
internal_weight=3016.83 1078.15 1938.68 311.178 766.969 1730.1 243.277 523.692 222.204 147.536 27.998 351.675 88.9734 208.587 198.734 294.752 166.051 119.537 1435.35 147.558 111.161 100.003 32.683 47.7307 4.77365 356.364 178.631 74.6688 7.2961 61.0283
internal_count=39641 13291 26350 3587 9704 23750 2996 6708 2608 1722 311 4481 979 2600 2434 3964 2034 1411 19786 1798 1354 1215 400 506 49 4830 2400 886 86 802
cat_boundaries=0 4 7 10 12 16 17
cat_threshold=11288576 2113536 2151677952 32 19685504 538984448 2684356608 163708992 134218752 541065472 16777408 65536 11296896 553713664 4196352 32 2
is_linear=0
shrinkage=0.03


Tree=5
num_leaves=31
num_cat=7
split_feature=22 5 5 22 7 7 8 22 22 5 37 23 37 40 26 40 8 14 21 16 0 42 2 42 27 40 7 14 7 23
split_gain=657.963 179.007 160.965 59.5135 54.023 53.7093 40.3359 38.0744 30.5437 31.7122 29.9991 29.4953 26.9848 25.9457 24.4277 22.4288 20.821 20.6108 19.6413 18.8001 18.6323 18.5281 20.4335 20.2984 17.2795 16.7281 17.2986 15.4454 15.1181 14.0376
threshold=0 0.23622954822415695 0.10567034237895916 1 0.77097902097902116 0.05131578947368421 0.70371103743111907 2 3 0.83090082910287644 8.5000000000000018 4 10.500000000000002 -1.3792758694081109 0.20204081632653062 1.5908665453108111 0.13178508997235819 -11.499999999999998 5 0.72497086247086262 1500.0000000000002 1101.5000000000002 127.50000000000001 1020.5000000000001 0.17974358974358975 0.088205534791217011 0.62202380952380965 -6.4999999999999991 0.41763565891472876 6
decision_type=9 2 2 9 2 2 2 9 9 2 2 9 2 2 2 2 2 2 1 2 2 2 2 2 2 2 2 2 2 9
left_child=2 5 3 17 10 -2 -5 29 -3 11 14 -10 16 18 15 -4 -6 -1 -11 -18 -15 23 -23 -12 -13 28 -27 -16 -19 -7
right_child=1 8 4 6 12 7 -8 -9 9 13 21 24 -14 20 27 -17 19 25 -20 -21 -22 22 -24 -25 -26 26 -28 -29 -30 -31
leaf_value=0.10195063046218046 -0.020571713153438396 -0.010548744319556408 0.031218603932716488 -0.00019198751628962668 0.027909743796046934 0.0047208909920949853 0.12035399255887103 -0.014626652515838527 -0.004353099887910202 0.01644181473451338 0.057544723598560985 0.012452971379971438 0.13372536085027176 0.026945020635042758 0.12703890652622335 0.11369280854459049 0.075305687113745801 0.022247699727354246 0.08758225950119021 -0.0034283208785059159 -0.010060378224820032 0.043867084529976334 0.018910624374702124 0.0056636947319497798 0.060262691463199639 0.007710519378619011 0.050801513199422874 0.056249110644778021 0.0455053184745716 -0.0064635562180932254
leaf_weight=2.877400115132331 668.09560517221689 71.009612716734409 94.176319316029549 281.37632668763399 15.663032196462153 150.41540972143412 2.520587556064128 547.36357839405537 144.05368492752314 5.458953455090521 7.6205072924494734 169.03787054866552 4.4677713066339484 55.032094806432724 2.9916165992617598 3.0642120242118827 34.565867394208908 100.9383247718215 9.698014520108698 2.9634768441319457 15.75025377422571 56.54973579198122 61.790566191077232 62.063536450266838 7.0889478623867026 89.12609326839447 9.255251429975031 38.126133717596531 33.503081656992435 269.73521780967712
leaf_count=31 9363 930 1113 3719 173 2017 23 7482 1869 66 93 2170 43 667 33 36 336 1218 116 30 196 680 747 756 90 1081 101 417 380 3665
internal_value=-0.000108223 -0.00926936 0.021179 0.010528 0.036141 -0.0140296 0.0008484 -0.00951215 0.0068547 0.00991332 0.0314117 0.00581426 0.0629109 0.0263385 0.0420144 0.0338175 0.056963 0.0212493 0.0619602 0.0690885 0.0187107 0.0236097 0.0308362 0.0113373 0.0136048 0.0211646 0.0117643 0.0613996 0.0280435 -0.00244282
internal_weight=3016.38 2112.74 903.64 519.597 384.043 1635.61 283.897 967.514 477.129 406.12 326.383 320.181 57.6601 85.9393 138.358 97.2405 53.1924 235.7 15.157 37.5293 70.7823 188.024 118.34 69.684 176.127 232.823 98.3813 41.1178 134.441 420.151
internal_count=39641 28631 11010 6553 4457 22527 3742 13164 6104 5174 3875 4129 582 1045 1599 1149 539 2811 182 366 863 2276 1427 849 2260 2780 1182 450 1598 5682
cat_boundaries=0 4 8 11 14 18 19 22
cat_threshold=1076101120 4196611 147968 4 0 2049 0 4 2718048899 1073763840 2184192000 605028384 16880156 23068672 13000832 16793600 2147486272 32 1 140648512 134218752 536871428
is_linear=0
shrinkage=0.03


Tree=6
num_leaves=31
num_cat=7
split_feature=22 9 9 22 9 1 22 27 2 39 23 6 12 5 28 40 23 37 27 5 1 22 39 37 5 5 23 28 37 16
split_gain=625.429 314.083 103.84 64.2919 52.0382 45.1365 42.5376 34.6818 32.8751 30.323 30.0153 27.0001 26.9124 25.0249 24.943 24.2764 22.8437 22.1059 21.9967 21.7561 22.0583 21.2123 16.9198 16.5147 16.3531 16.1205 23.1947 19.6808 15.8267 15.3675
threshold=0 0.33333020365889848 0.69822874546007829 1 0.67998893574263197 4.5000000000000009 2 0.10676291793313065 128.50000000000003 0.090094645170679402 3 0.54195804195804198 -0.28174074074074057 -0.42615434084076725 -0.73190909090909084 -0.18459124165292298 4 15.500000000000002 0.10762548262548262 0.69131795706240284 1.5000000000000002 5 -0.61150020419137086 6.5000000000000009 0.11432426094385072 -0.024124699630561096 6 1.174037037037037 8.5000000000000018 0.060606060606060559
decision_type=9 2 2 9 2 2 9 2 2 2 9 2 2 2 2 2 9 2 2 2 2 9 2 2 2 2 9 2 2 2
left_child=2 6 5 4 7 8 25 10 12 -8 -3 17 24 -7 -4 -14 21 -6 28 29 -21 -11 -20 -13 -1 -2 27 -27 -15 -16
right_child=1 3 14 -5 11 13 9 -9 -10 16 -12 23 15 18 19 -17 -18 -19 22 20 -22 -23 -24 -25 -26 26 -28 -29 -30 -31
leaf_value=0.011647326038817593 -0.0091323142318003817 0.013392388537629444 0.0032205727018918694 -0.0048208691954515822 0.031509811272780602 0.0016082233217266919 -0.018573757675412087 0.022807240815354343 0.022998061677469615 0.011863315754940675 -0.0040009206140314566 0.049068818688565323 0.097074478716145857 0.028056437310325377 0.12596765525127104 0.050081430562126369 -0.014496119176688915 0.0016929274346809437 0.124972285414996 0.14459848725945901 0.072104882360902123 -0.0096616463053125056 0.039974064516367293 0.1200051961694925 0.058191696284705767 0.012943531834474727 -0.0079187744827008428 0.093179898100491501 0.0083562178758622169 0.045498681009072853
leaf_weight=16.717018552124504 244.48420438915491 161.01067956537008 6.5379824340343466 219.58313336968422 93.304522946476936 66.790503598749638 988.77467277646065 126.46156520396471 60.775101341307163 72.858646549284458 182.31636609137058 19.17595133185387 16.308788068592548 74.362053439021111 2.2460617125034323 25.15252897888422 195.69805105775595 29.438864588737488 2.2774587050080326 4.1736780777573577 39.805982418358326 72.218648068606853 28.28484408557415 3.4915929585695258 11.444907322525976 72.293359689414501 78.40504115074873 2.860185667872428 72.4702303186059 43.564231343567371
leaf_count=193 3369 2002 71 2842 1101 817 14078 1561 693 986 2307 193 175 847 21 278 2704 362 27 34 379 985 326 31 123 955 1053 38 872 453
internal_value=-5.44867e-05 -0.00592486 0.0313481 0.00916172 0.0140033 0.0248699 -0.0132491 0.00937664 0.0391206 -0.0157952 0.00442959 0.0299138 0.0531941 0.0172599 0.0597938 0.0685661 -0.00819664 0.0243585 0.0231529 0.0639132 0.0789845 0.00121624 0.046308 0.0599955 0.0305628 -0.00424103 0.00327031 0.0141185 0.0183332 0.049444
internal_weight=3033.29 2562.38 470.911 834.783 615.2 374.583 1727.59 469.789 130.398 1329.55 343.327 145.411 69.6232 244.185 96.3279 41.4613 340.775 122.743 177.395 89.79 43.9797 145.077 30.5623 22.6675 28.1619 398.043 153.559 75.1535 146.832 45.8103
internal_count=39876 34567 5309 10399 7557 4351 24168 5870 1462 18753 4309 1687 769 2889 958 453 4675 1463 2072 887 413 1971 353 224 316 5415 2046 993 1719 474
cat_boundaries=0 4 7 10 13 16 19 22
cat_threshold=0 2305 0 4 3223724163 641744898 156161 1730543617 272635394 2183287296 134226048 687948800 536873732 29491264 2163712 536873732 2147491970 117440512 16785472 20987968 690028544 320
is_linear=0
shrinkage=0.03


Tree=7
num_leaves=31
num_cat=6
split_feature=22 3 7 22 7 7 1 23 3 1 37 41 42 3 1 41 3 16 10 8 22 37 32 8 41 8 7 28 23 22
split_gain=582.288 141.118 136.654 92.1668 53.1382 44.4185 38.368 28.1552 27.0619 25.7413 25.0735 32.9926 24.2715 23.2693 29.1059 21.6809 21.154 20.3142 19.8505 19.8278 17.6902 17.4895 16.9625 16.7152 18.2495 16.0851 23.5951 15.9804 15.7815 14.9177
threshold=0 0.48674480638900247 0.65301003344481623 1 0.15075757575757578 0.63961038961038974 5.5000000000000009 2 1.287007125589527 4.5000000000000009 17.500000000000004 0.40398538489769559 1131.5000000000002 0.16703084891206213 1.5000000000000002 1.498111212999397 0.27514953550238225 0.55992618492618507 0.13976744186046514 0.40641670477061431 3 7.5000000000000009 -1.0000000180025095e-35 0.3209665609605899 1.4589335031223734 0.46524919981710117 0.37354651162790703 0.010208333333333302 4 5
decision_type=9 2 2 9 2 2 2 9 2 2 2 2 2 2 2 2 2 2 2 2 9 2 2 2 2 2 2 2 9 9
left_child=2 4 3 13 17 7 16 -3 19 20 11 -9 -7 -1 -15 22 -5 29 -18 -4 -6 -21 -14 -8 -25 -11 -27 -17 -16 -2
right_child=1 5 8 6 9 12 23 10 -10 25 -12 -13 15 14 28 27 18 -19 -20 21 -22 -23 -24 24 -26 26 -28 -29 -30 -31
leaf_value=-0.0018511019869312537 0.0031957230228162642 -0.0094791781926133935 0.032006514571326708 0.028076751350747775 0.0082149112745562337 0.0076815848255180393 0.01485472240050812 0.12742326134389226 0.074224106268122064 -0.012063310294318551 -0.005592086150755857 0.011830871210483263 0.04067335919580653 0.055240330837120884 -0.0036558428972359 0.047628643090769487 0.016729769022520085 -0.023779226402998139 0.057708181668395662 0.048535117857510579 -0.0064107725233590058 0.10007690580831247 0.10601268808634108 0.064588961181485549 0.012568301013249841 0.12557577671900386 0.005997139836203513 -0.020602635816223694 0.016416397864098625 -0.015734917340105355
leaf_weight=222.64536789804697 44.472849331796169 116.56287337839603 69.953290574252605 102.13654255121946 118.99253185093403 19.782194912433624 197.58252093940973 2.2452192083001128 28.433752097189426 555.98250592499971 92.693432733416557 217.6202462464571 6.4921807423233986 13.586333476006983 56.517607532441616 8.8883968591690046 13.222028516232966 350.18170537799597 54.461192384362221 27.436870977282524 165.98458376526833 7.5572177395224562 7.9605341702699679 13.453340739011766 11.058130301535128 1.7050093114376057 11.514473371207712 4.7350898608565322 84.152100898325443 404.38857108354568
leaf_count=2947 625 1554 742 1155 1583 226 2330 28 260 7686 1199 2776 74 163 696 99 154 5054 563 245 2242 65 88 144 118 22 138 54 1036 5810
internal_value=-6.08161e-05 -0.00861475 0.0200098 0.0153685 -0.0128027 0.00572013 0.0253156 0.00266281 0.0482631 -0.0076007 0.00726187 0.0130113 0.0331336 0.00424096 0.0133089 0.0510669 0.0366961 -0.0183636 0.049703 0.0412294 -0.000240493 0.0596659 0.0766622 0.0177535 0.0411203 -0.0112857 0.02142 0.0239136 0.009259 -0.0141386
internal_weight=3032.4 2130.2 902.196 768.815 1653.22 476.98 391.914 429.122 133.381 854.179 312.559 219.865 47.8584 376.901 154.256 28.0762 169.82 799.043 67.6832 104.947 284.977 34.9941 14.4527 222.094 24.5115 569.202 13.2195 13.6235 140.67 448.861
internal_count=39876 29258 10618 9306 23160 6098 4464 5557 1312 11671 4003 2804 541 4842 1895 315 1872 11489 717 1052 3825 310 162 2592 262 7846 160 153 1732 6435
cat_boundaries=0 4 6 10 13 16 19
cat_threshold=1076101120 272632065 16384 4 1075838976 4194560 2900096 536887296 2147483648 32 2684493826 1157660680 2148671552 144859264 18939904 536872960 604110849 66048 131584
is_linear=0
shrinkage=0.03


Tree=8
num_leaves=31
num_cat=9
split_feature=22 3 7 22 7 7 1 23 1 3 3 1 42 23 8 37 23 22 4 16 22 21 32 16 17 40 3 10 10 22
split_gain=543.608 130.454 119.729 85.9972 55.3638 43.5727 33.9342 28.1066 23.7935 22.646 22.5759 22.8203 21.2879 21.1961 19.877 24.5359 18.8301 18.6996 18.209 18.0962 18.7813 17.8555 17.8321 17.8276 25.8834 17.783 26.4613 19.7691 17.2256 16.4274
threshold=0 0.48674480638900247 0.65301003344481623 1 0.15075757575757578 0.63961038961038974 6.5000000000000009 2 5.5000000000000009 0.7659355385559089 0.16703084891206213 2.5000000000000004 1131.5000000000002 3 0.46524919981710117 10.500000000000002 4 5 -3.999029347340691 0.28210308210308221 6 7 -1.0000000180025095e-35 0.14154040404040408 -0.21421356421356416 -0.54191295446395682 1.2551335705862516 0.10990338164251207 0.098780487804878067 8
decision_type=9 2 2 9 2 2 2 9 2 2 2 2 2 9 2 2 9 9 2 2 9 1 2 2 2 2 2 2 2 9
left_child=2 4 3 10 23 7 25 -3 13 -4 -1 21 -7 29 -10 -16 -13 -15 -8 -9 -21 -12 28 24 -2 26 -5 -27 -14 -6
right_child=1 5 9 6 8 12 18 19 14 -11 11 16 22 17 15 -17 -18 -19 -20 20 -22 -23 -24 -25 -26 27 -28 -29 -30 -31
leaf_value=-0.0014317555345213441 -0.0047311980690118343 -0.008888226123946092 0.033697129415849833 0.040339306828300087 0.0050264127463805564 0.0080290635785340812 0.095086357153692444 0.019617719654679368 -0.012628563357774307 0.058006825600021607 0.014769884608331896 -0.0068816341342770324 0.0058882360455936641 0.013816328142585111 -0.0010216009540923584 0.098248401404694985 0.015018148236803669 -0.0062052412729290529 0.014663875059785841 0.0093284594171396985 -0.008641380303146963 0.062297668641246043 0.070872627291979934 -0.019560790602205901 0.099783667262562062 -0.0017159897112322001 0.10702139855241925 0.031726122968491616 0.087513510632496141 -0.013869133410333715
leaf_weight=244.65179698914289 35.765006259083748 133.61896125227213 78.431032851338387 53.566720768809319 56.788838416337967 19.607399269938469 2.5675261393189421 80.578182645142078 471.79111030697823 61.557291381061077 15.021863102912903 49.803362622857094 10.689275093376638 101.51213267445564 7.4622102007269842 3.2025018408894539 91.220767490565777 62.53670983761549 192.95864593237638 130.77867174893618 74.490280032157898 13.514155797660351 15.215215936303137 738.63463871181011 2.2678163796663275 18.190014235675335 5.9509354680776587 126.86332011222839 2.9742872193455687 129.12633269280195
leaf_count=3245 520 1785 780 571 765 223 28 1015 6599 551 177 614 118 1350 87 40 1114 850 2224 1657 970 159 161 10800 32 219 57 1365 32 1768
internal_value=-6.54273e-05 -0.00867215 0.0185636 0.0143522 -0.0127684 0.00522784 0.0240554 0.00211549 -0.00739326 0.0443869 0.00429524 0.0128118 0.0321535 -0.00143807 -0.011713 0.0287881 0.00786109 0.00626594 0.0157199 0.00731424 0.00284084 0.0372782 0.048533 -0.0185294 0.0015008 0.0331982 0.0470066 0.0275324 0.0236564 -0.00813543
internal_weight=3031.34 2077.04 954.297 814.309 1609.09 467.952 400.097 419.466 832.42 139.988 414.212 169.56 48.4862 349.964 482.456 10.6647 141.024 164.049 195.526 285.847 205.269 28.536 28.8788 776.667 38.0328 204.571 59.5177 145.053 13.6636 185.915
internal_count=39876 28772 11104 9773 22811 5961 4464 5427 11459 1331 5309 2064 534 4733 6726 127 1728 2200 2252 3642 2627 336 311 11352 552 2212 628 1584 150 2533
cat_boundaries=0 4 7 11 15 18 21 24 25 28
cat_threshold=1076101120 272632065 147968 4 1075838976 4194560 131584 2900096 553664512 2147483648 32 23478464 18956288 2147483648 32 144859136 2162688 2560 2684363266 637583368 2164260928 140931 637534208 2147491905 2 2684493952 83984384 8192
is_linear=0
shrinkage=0.03


Tree=9
num_leaves=31
num_cat=8
split_feature=22 9 9 22 5 1 39 1 22 5 1 23 39 7 23 39 42 17 23 6 21 8 23 9 1 27 1 17 1 37
split_gain=489.885 173.402 162.649 57.8192 47.1675 34.8345 29.2799 27.5471 27.4038 24.1087 23.5624 23.1463 19.4055 34.1889 22.6766 19.2507 20.7331 18.6488 18.2475 18.3972 17.9125 17.8819 18.081 17.4595 17.4108 17.273 17.2256 16.6773 16.4022 21.3326
threshold=0 0.46296210343175742 0.33333020365889848 1 0.7047357154190943 6.5000000000000009 0.43459030837157858 7.5000000000000009 2 -1.057332040227658 6.5000000000000009 3 1.1024765956909885 0.56904761904761914 4 0.31261231262323252 1108.5000000000002 -0.34060384060384047 5 0.31909090909090915 6 0.13900464936910992 7 0.90127220142969811 4.5000000000000009 0.080540540540540509 5.5000000000000009 -0.23482350982350972 2.5000000000000004 15.500000000000002
decision_type=9 2 2 9 2 2 2 2 9 2 2 9 2 2 9 2 2 2 9 2 1 2 9 2 2 2 2 2 2 2
left_child=1 3 6 17 10 8 26 9 -4 -5 18 -7 14 -14 -10 -6 -17 -1 19 -3 -11 22 25 -20 -19 -8 -2 -13 29 -23
right_child=2 4 5 7 15 11 21 -9 12 20 -12 27 13 -15 -16 16 -18 24 23 -21 -22 28 -24 -25 -26 -27 -28 -29 -30 -31
leaf_value=-0.013215594025372495 -0.011313169851980647 -0.012964088973929257 -0.0055340293281672965 -0.013897243667300435 -0.0035223825506176358 0.0066980971600407498 -0.0039572137483839072 -0.0073701055849986746 -0.00032383784595231633 0.0045390990302102939 0.016432369231697948 0.020571977244693909 0.018146675454860196 0.074205888918202262 0.020258120859710172 0.034395156517116922 0.061136024554811083 0.03396343000786111 0.037127242903082287 0.068443459950300753 0.022013204273051496 0.16008811089379435 -0.011410710011992144 0.069587069991588382 0.016507657013493385 0.032297247579218098 -0.01862878829618534 -0.012874483555290224 0.012108924187249433 0.0062786863426074835
leaf_weight=13.491014666855333 493.20957005023956 17.457614697515968 68.085057131946087 38.362737640738487 5.8767580240964881 130.35592004656792 29.259168319404125 177.52995351701975 88.504070363938808 125.23133107274771 110.5347313284874 14.647194541990755 36.882546029984951 13.329803943634031 112.21510430425406 39.35973247140646 77.429114378988743 82.853452242910862 83.919367931783199 2.9156972244381896 91.280113734304905 1.7121405974030524 123.20213843137026 18.136695571243763 135.57581848651171 19.852127023041248 701.96369250863791 159.80658056586981 13.409419782459734 1.5428917929530142
leaf_count=155 7154 187 880 514 57 1665 391 2346 1108 1603 1206 195 437 135 1364 377 704 850 884 27 1156 23 1711 164 1536 264 10439 2075 181 21
internal_value=0.000493252 0.0173252 -0.00810247 0.00844465 0.0344014 0.00457544 -0.0138748 0.00166421 0.0115049 0.00802227 0.0264734 -0.00267704 0.0157221 0.0330286 0.012176 0.049458 0.0521239 0.020146 0.035539 -0.000881091 0.0119061 -0.00290189 -0.00577173 0.0390677 0.0231289 0.00888805 -0.0156099 -0.00952057 0.0267728 0.0871821
internal_weight=3027.93 1019.95 2007.98 664.324 355.63 623.826 1384.15 432.404 319.017 254.874 232.964 304.81 250.932 50.2123 200.719 122.666 116.789 231.92 122.429 20.3733 216.511 188.978 172.313 102.056 218.429 49.1113 1195.17 174.454 16.6645 3.25503
internal_count=39809 11766 28043 8160 3606 7859 20184 5619 3924 3273 2468 3935 3044 572 2472 1138 1081 2541 1262 214 2759 2591 2366 1048 2386 655 17593 2270 225 44
cat_boundaries=0 4 8 11 14 18 21 22 25
cat_threshold=1076101121 272632065 147968 4 0 2048 0 4 1049608 16842780 2168455168 151003136 134217728 2151680260 8675456 18891776 2151680064 32 131072 538968064 2684354816 2 21102592 2162688 772
is_linear=0
shrinkage=0.03


Tree=10
num_leaves=31
num_cat=4
split_feature=22 9 9 22 5 1 3 1 22 24 40 28 1 5 23 3 41 10 2 16 1 15 8 3 13 9 4 16 24 5
split_gain=457.69 156.231 155.59 56.0598 36.7273 33.3587 28.7022 27.9882 26.5333 24.2848 24.1463 23.8219 23.7885 21.8612 21.32 18.6487 18.0788 17.9129 19.8607 17.6338 20.3283 16.8706 17.1142 16.3053 16.0737 17.9812 16.6889 15.9275 15.857 15.0392
threshold=0 0.33333020365889848 0.48600747210352119 1 0.7047357154190943 6.5000000000000009 0.43459030837157858 6.5000000000000009 2 33.000000000000007 -0.62480929601704993 1.174037037037037 7.5000000000000009 -1.057332040227658 3 1.6698001718926021 1.8129030315568182 0.25500000000000006 130.50000000000003 0.56808191808191821 5.5000000000000009 23.500000000000004 0.36946962425624325 -0.16459596470838692 0.71900000000000031 0.85190830214454694 0.2165380678890039 0.28210308210308221 7.5000000000000009 0.48185043711642167
decision_type=9 2 2 9 2 2 2 2 9 2 2 2 2 2 9 2 2 2 2 2 2 2 2 2 2 2 2 2 2 2
left_child=2 6 3 28 7 8 19 17 9 11 23 -3 13 -5 -7 -15 24 -4 -19 20 -2 22 -9 -10 25 -6 -26 29 -1 -8
right_child=1 5 4 12 16 14 27 21 10 -11 -12 -13 -14 15 -16 -17 -18 18 -20 -21 -22 -23 -24 -25 26 -27 -28 -29 -30 -31
leaf_value=0.086425014663670391 -0.0058836694336145473 0.021030484055313194 0.032272124515067682 -0.013122771074152018 0.036996310606557024 0.007895930041711588 0.00095886752470576665 0.0060374541515877374 -0.018015688762276216 0.0031689635895292556 -0.013695031960394498 0.065389725577575594 -0.0063269355451985769 0.010292299407748591 -0.0082178698433377825 0.080979693334624306 0.021084162111980373 0.10308851303804095 0.018908397657564701 -0.019498115766395551 -0.016525917271561431 0.093956513622368537 0.036435065044162794 0.025203766975056292 0.05316187719770548 0.063168303269166448 0.14693922971983039 -0.0073661223893221935 0.019687003899952031 0.039345867503929113
leaf_weight=3.2469998300075522 276.02915277332067 133.05183117836714 102.82676288485527 38.424520306289196 53.949930928647518 105.52623830735683 27.71972818672657 77.5369773209095 10.212636932730673 70.237086623907089 62.854399189352989 11.867388010025023 181.92384975403547 220.91723412275314 199.02470485121012 3.4108294174075118 20.991801775991917 6.9799940511584264 3.9497902169823647 516.7773599922657 389.46086214482784 2.3468953743576995 21.234575778245926 34.048140645027161 3.7467894777655593 42.033229656517506 3.1387162730097771 147.58218819648027 242.95371733605862 13.73765607178211
leaf_count=34 4028 1591 1033 519 516 1336 380 851 135 831 812 138 2410 2782 2604 38 188 63 37 7747 5857 24 206 422 32 339 28 2035 2612 181
internal_value=0.000474124 -0.00789387 0.0166287 0.00862433 0.0334453 0.00447422 -0.0136049 0.0259453 0.011202 0.0168626 -0.00159364 0.024663 0.00196777 0.00778572 -0.00264504 0.0113671 0.0464563 0.0361533 0.0726676 -0.0153404 -0.0121118 0.0144614 0.0125725 0.0152314 0.0516338 0.0484576 0.0959097 -0.00275079 0.0197644 0.0136791
internal_weight=3027.74 1998.13 1029.61 690.877 338.735 626.822 1371.31 214.875 322.271 215.156 107.115 144.919 444.676 262.753 304.551 224.328 123.86 113.757 10.9298 1182.27 665.49 101.118 98.7716 44.2608 102.869 95.9832 6.88551 189.04 246.201 41.4574
internal_count=39809 28097 11712 8395 3317 7869 20228 2214 3929 2560 1369 1729 5749 3339 3940 2820 1103 1133 100 17632 9885 1081 1057 557 915 855 60 2596 2646 561
cat_boundaries=0 4 8 11 14
cat_threshold=1076101121 272632067 147456 4 0 2048 0 4 2147623554 570474496 8769 151003136 0 4196612
is_linear=0
shrinkage=0.03


Tree=11
num_leaves=31
num_cat=4
split_feature=9 26 10 9 5 23 3 1 6 1 1 10 15 26 24 23 12 2 28 5 16 1 37 27 17 16 23 3 23 12
split_gain=403.076 118.736 97.3336 64.5791 44.7242 33.9529 28.3309 36.2226 28.3937 25.7631 23.7645 22.9748 21.4952 21.0293 20.1995 19.3303 23.2078 20.801 18.9047 18.6413 17.9668 17.7486 17.6095 17.0557 17.0333 16.908 16.7402 16.466 16.276 16.2047
threshold=0.33333020365889848 0.11237373737373736 0.15894736842105264 0.67482980392603931 -0.016290627135674595 0 0.49719354392391329 6.5000000000000009 0.89444444444444449 1.5000000000000002 5.5000000000000009 0.15894736842105264 9.5000000000000018 0.19782608695652179 17.500000000000004 1 0.17409677419354838 119.50000000000001 -0.28199999999999986 0.59548810947606523 0.060606060606060656 6.5000000000000009 17.500000000000004 0.23904761904761904 0.52793040293040305 0.4358974358974359 2 0.98289297188809577 3 -0.059999999999999942
decision_type=2 2 2 2 2 9 2 2 2 2 2 2 2 2 2 9 2 2 2 2 2 2 2 2 2 2 9 2 9 2
left_child=2 6 4 9 21 -6 26 14 28 12 18 20 -3 -14 22 19 17 -17 29 -4 -11 25 -8 -7 -13 -1 -2 -21 -9 -5
right_child=1 3 15 10 5 23 7 8 -10 11 -12 24 13 -15 -16 16 -18 -19 -20 27 -22 -23 -24 -25 -26 -27 -28 -29 -30 -31
leaf_value=-0.0031064728408135406 0.0072387989032887522 0.030776097081968736 -0.0080759705686041187 0.095290504623497863 -0.012446512920211256 0.0016958313391342672 0.055997266978339233 0.0099867409995081109 0.081862706211755717 0.047816587175053035 0.029238505722761307 0.021481157371345642 0.047920429591895963 0.16133860387722196 0.016425540769475545 -0.025173030865687868 -0.0010291776324195582 0.027159915608756184 0.043244134801040793 0.12163828024467729 0.004892399552734481 -0.018203023287913036 0.011225804457778528 0.06047296009699938 0.075470070054317967 -0.014349805331440755 -0.0057325574557746629 -0.0024000965789530639 -0.0092926870424849036 0.034462978128890591
leaf_weight=183.21280149370432 145.94570071995258 25.902382403612137 64.539497315883636 13.323099300265314 228.17784412950277 321.06444668024778 25.158309414982796 61.807000607252121 3.8538487404584876 9.2739537283778173 99.517517931759357 131.83335028588772 3.6823711618781081 2.4503500461578369 117.43425649404526 7.3147202134132376 49.021595910191536 104.3577546030283 65.390038818120956 1.9337152987718575 163.53477130830288 540.91527499258518 11.530108630657194 4.5055499151349059 5.4778748229145995 350.99250883609056 200.32261888682842 1.9191508889198301 77.457864515483379 5.5978421196341506
leaf_count=2666 1808 257 761 110 3287 4417 279 748 34 112 945 1337 40 22 1317 82 629 1131 586 21 1961 8230 140 60 53 5172 2576 20 962 46
internal_value=0.000455007 0.0142523 -0.00822975 0.0248255 -0.0108048 -0.00387821 0.00561019 0.0124042 0.00153639 0.0171204 0.0391667 0.0144746 0.0427335 0.0932371 0.0224961 0.0100798 0.0152305 0.023732 0.0508856 -0.00370714 0.00719597 -0.0143724 0.0419269 0.00243447 0.023635 -0.0104938 -0.000221871 0.0598535 -0.000686466 0.0772944
internal_weight=3027.45 1169.49 1857.95 525.984 1628.87 553.748 643.51 297.241 143.119 342.155 183.828 310.12 32.0351 6.13272 154.123 229.086 160.694 111.672 84.311 68.3924 172.809 1075.12 36.6884 325.57 137.311 534.205 346.268 3.85287 139.265 18.9209
internal_count=39809 13333 26476 5469 23832 7764 7864 3480 1744 3782 1687 3463 319 62 1736 2644 1842 1213 742 802 2073 16068 419 4477 1390 7838 4384 41 1710 156
cat_boundaries=0 4 7 10 13
cat_threshold=2899968 553664512 2151680516 32 17039424 536936448 2112 151003136 671155200 536873280 134750208 151060480 4196608
is_linear=0
shrinkage=0.03


Tree=12
num_leaves=31
num_cat=6
split_feature=22 9 9 1 22 1 5 24 5 37 27 41 9 3 0 1 13 41 16 16 22 1 16 4 22 23 24 15 23 40
split_gain=404.365 142.135 109.398 52.5612 39.524 31.4692 29.5606 26.0587 25.7731 22.0636 21.8513 21.7955 21.0403 20.9654 18.5686 16.8897 16.6693 16.532 23.6931 22.2967 15.9758 15.8657 17.494 17.2514 14.9676 15.8981 14.3548 14.2961 14.2463 29.9631
threshold=0 0.24692251370232363 0.46296210343175742 7.5000000000000009 1 6.5000000000000009 0.7047357154190943 77.500000000000014 -0.48431994376619708 19.500000000000004 0.20638945233265718 1.5387862869571192 0.59451378422063805 0.071485292645067464 1625.0000000000002 10.500000000000002 0.40500000000000008 1.1042368604779866 0.40000000000000008 0.72741841491841519 2 1.5000000000000002 0.86762311762311783 0.33077497957747259 3 4 94.500000000000014 16.500000000000004 5 1.4600509239401729
decision_type=9 2 2 2 9 2 2 2 2 2 2 2 2 2 2 2 2 2 2 2 9 2 2 2 9 9 2 2 9 2
left_child=2 13 3 8 5 7 9 12 14 21 16 -12 -3 24 -1 17 -10 18 -8 -19 -5 23 -23 -4 25 26 -2 -16 29 -7
right_child=1 4 6 20 -6 28 15 -9 10 -11 11 -13 -14 -15 27 -17 -18 19 -20 -21 -22 22 -24 -25 -26 -27 -28 -29 -30 -31
leaf_value=-0.0059114433058801681 0.020191684946657996 0.010941075721224431 0.031095781429972009 -0.0076406986084068184 -0.0088685497912842533 0.0059083789785241599 0.092875913175251013 -0.013917918395648475 0.016159008799424071 -0.00075835197956810544 0.099488044942089834 -0.008512362444123265 0.029482514444862121 -0.0073556352680309196 0.013996369938365295 0.015818194782196631 0.039953175584154399 0.042705023715620703 0.037859511759057156 -0.015632962396023391 0.0068948226723529651 0.021929596381719638 0.080328377443907514 0.09105621199431832 -0.017015708614230896 -0.0098431266943262968 0.093443147926409953 0.079906990517681797 -0.0049451970341274363 0.082213646364156012
leaf_weight=72.105252765119076 10.839859470725058 186.62975938618183 12.287717245519163 162.40340134501457 192.92040078341961 70.373953029513359 13.782483130693437 28.208534978330135 234.09043028205633 32.001680798828602 5.8640842661261541 2.3579673916101456 78.145344257354736 322.58914949372411 41.494407147169113 21.383064553141594 29.880719006061554 73.976339422166348 14.411505818367003 6.4069800302386275 103.4108163267374 185.59284118562937 4.7343848422169676 6.6587977632880202 865.61427578702569 29.643930979073048 3.0952372327446929 3.1894093602895728 194.84885979443789 4.9577752575278273
leaf_count=903 159 2321 107 2176 2603 892 109 343 2689 346 64 24 857 4619 515 190 341 618 122 59 1159 1847 49 56 13340 435 43 40 2555 65
internal_value=0.000285703 -0.00760318 0.015493 0.00826803 0.00259761 0.00656639 0.0286539 0.0134931 0.0152943 0.0224409 0.0203526 0.0685151 0.0164134 -0.0139263 0.0035053 0.0401885 0.0188524 0.044988 0.064754 0.0380552 -0.00201394 0.0259885 0.0233823 0.052169 -0.0162576 0.00220018 0.0212284 0.0187009 -0.000701846 0.00964932
internal_weight=3013.9 1987.87 1026.03 654.796 756.085 563.164 371.236 292.984 388.982 241.275 272.193 8.22205 264.775 1231.78 116.789 129.96 263.971 108.577 28.194 80.3833 265.814 209.274 190.327 18.9465 909.193 43.579 13.9351 44.6838 270.181 75.3317
internal_count=39646 28232 11414 7911 9636 7033 3503 3521 4576 2405 3118 88 3178 18596 1458 1098 3030 908 231 677 3335 2059 1896 163 13977 637 202 555 3512 957
cat_boundaries=0 4 7 9 12 16 19
cat_threshold=1076101121 4197635 16896 4 2147624578 637550592 2147622977 1075838977 4194561 537001984 268440064 35782656 0 153092096 2147483904 32 21504000 536870912 2308
is_linear=0
shrinkage=0.03


Tree=13
num_leaves=31
num_cat=6
split_feature=22 9 9 1 22 26 1 5 24 5 27 13 23 37 9 11 4 22 42 40 41 1 42 22 0 1 28 5 23 40
split_gain=378.266 135.928 99.0125 48.5758 37.2234 30.2239 29.1646 26.1258 24.2051 23.3028 23.63 22.5978 20.5097 20.0082 18.9914 18.8996 17.3197 16.0466 18.7592 24.8256 15.2268 18.145 16.8588 15.1329 14.4463 14.3286 14.1874 13.4644 13.3621 25.907
threshold=0 0.24692251370232363 0.46296210343175742 7.5000000000000009 1 0.22996794871794868 6.5000000000000009 0.7047357154190943 77.500000000000014 -0.48431994376619708 0.22792207792207789 0.71900000000000031 2 19.500000000000004 0.57757732580839338 0.17902930402930403 -0.52510722403794141 3 1132.5000000000002 -1.4914865108805633 1.5869038247665164 8.5000000000000018 1124.5000000000002 4 1625.0000000000002 5.5000000000000009 3.1314655172413794 -0.18858438647402029 5 1.4600509239401729
decision_type=9 2 2 2 9 2 2 2 2 2 2 2 9 2 2 2 2 9 2 2 2 2 2 9 2 2 2 2 9 2
left_child=2 12 3 5 6 9 8 13 14 24 -11 -7 -2 15 -3 25 -17 18 26 -20 -9 22 -22 -5 -1 -4 -14 -13 29 -8
right_child=1 4 7 23 -6 11 28 20 -10 10 -12 27 17 -15 -16 16 -18 -19 19 -21 21 -23 -24 -25 -26 -27 -28 -29 -30 -31
leaf_value=-0.010220470622950424 -0.017470334711454615 0.010239999591717742 0.031000830347062164 -0.0074703061872647917 -0.0086776443669265863 0.028527889693657424 0.0057028500534495249 0.045381479911563528 -0.01365705547154932 0.01490560640893381 0.086364162854414964 0.031900158217264545 -0.011382466377414755 -0.00073604813998404703 0.027358924124577359 0.10940752714402556 0.036794809326898485 -0.012825619356901383 0.053163387248758624 0.0026386659582553649 0.0098993940061585638 -0.0030161509357017843 0.05424486966305371 0.0066720847273248436 0.013445821844586885 0.014860124298852709 0.067227813645944476 0.13483555107571013 -0.004823213717604303 0.074435229130027661
leaf_weight=60.931430578231812 641.20657416060567 182.60573460906744 92.010155074298382 161.36845595389605 191.49157471954823 57.808636613190174 70.717566058039665 86.269963443279266 27.889804072678089 228.45365794748068 4.2421646043658248 1.8402574136853216 117.30294427275658 31.982553020119667 85.694348193705082 4.1794563978910437 10.102188177406786 365.57671874389052 9.8074280396103841 81.37470593303442 12.688253775238989 15.035429298877714 19.687183119356632 103.98213294148445 37.500108055770397 107.13646211475134 2.1033133007585993 3.0213738158345214 194.04868221282959 5.305865801870822
leaf_count=780 9917 2255 839 2176 2603 603 892 707 343 2630 43 21 1749 346 923 40 92 5560 140 1201 107 129 155 1159 469 1088 29 30 2555 65
internal_value=0.000268601 -0.00743147 0.0148456 0.00796279 0.00250621 0.014648 0.00632969 0.0272048 0.0129427 0.0110323 0.0162083 0.0337521 -0.0136782 0.0213922 0.0157077 0.0247082 0.0580446 -0.00899863 -0.00207481 0.00807304 0.0378756 0.0242178 0.0368654 -0.00195845 -0.00120417 0.0223175 -0.00999776 0.0958718 -0.000688466 0.00927927
internal_weight=3013.37 1975.13 1038.24 659.148 757.754 393.798 566.262 379.092 296.19 331.127 232.696 62.6703 1217.37 245.411 268.3 213.428 14.2816 576.165 210.588 91.1821 133.681 47.4109 32.3754 265.351 98.4315 199.147 119.406 4.86163 270.072 76.0234
internal_count=39646 28232 11414 7911 9636 4576 7033 3503 3521 3922 2673 654 18596 2405 3178 2059 132 8679 3119 1341 1098 391 262 3335 1249 1927 1778 51 3512 957
cat_boundaries=0 4 7 11 14 16 19
cat_threshold=1076101121 4197635 16896 4 2147624578 637550592 2147622977 137126016 536887296 2151680512 32 2786205696 369168896 2183270464 1075838977 4194561 21504000 536870912 2308
is_linear=0
shrinkage=0.03


Tree=14
num_leaves=31
num_cat=9
split_feature=22 9 9 22 1 22 1 3 26 1 23 3 16 22 23 18 1 6 7 23 42 5 23 3 40 1 41 9 41 12
split_gain=354.054 130.025 91.8093 39.4945 30.8579 30.8563 28.8599 32.8483 20.5 29.8715 20.2095 21.0113 18.8536 18.6084 17.895 17.6318 19.6849 17.5975 16.8012 15.7146 16.4941 15.3949 21.5736 15.5785 13.758 13.5095 13.4303 12.8677 12.1422 12.1207
threshold=0 0.22222013577259894 0.31751541400852329 1 6.5000000000000009 2 8.5000000000000018 1.2551335705862516 0.16247642991829037 1.5000000000000002 3 0.60431598190411517 0.37098734598734601 4 5 6 7.5000000000000009 0.82575757575757591 0.42705167173252284 7 1126.5000000000002 -0.36359221420545768 8 1.2268549628328296 1.5308882459265749 8.5000000000000018 1.9289364507820947 0.62163877708594828 2.1457630660718299 -0.66999999999999982
decision_type=9 2 2 9 2 9 2 2 2 2 9 2 2 9 9 1 2 2 2 9 2 2 9 2 2 2 2 2 2 2
left_child=2 12 5 4 10 15 7 8 17 -10 26 -12 13 19 24 -1 18 -4 -17 -2 -21 -14 23 -23 -6 28 -3 -8 -7 -9
right_child=1 3 6 -5 14 25 27 29 9 -11 11 -13 21 -15 -16 16 -18 -19 -20 20 -22 22 -24 -25 -26 -27 -28 -29 -30 -31
leaf_value=-0.0064733162485318893 -0.0075115495952665905 0.034766901402105976 0.014435363918219446 -0.0090092466275069321 0.0079661033955508078 0.00090264456375396698 0.005122199823867437 0.09083854433311514 0.064871400532073673 0.025897924658891094 0.0011679263006012198 0.018970746617835103 -0.020044049839604602 -0.01134089869288773 -0.0058165043143490469 0.029072975118450816 0.0055428513550938091 0.066358253906238646 -0.020058141362206787 0.001987905551693871 0.043317030603958959 -0.00057195686722481657 -0.015564911444569868 0.0911084133766248 0.056391221507974716 -0.011681348942095429 -0.012830867468136367 0.021706823993291508 0.038751880952664311 0.042349596610388035
leaf_weight=33.50310180336237 34.42469285801053 57.731067050248384 172.25555749982595 220.24539021030068 71.204050354659557 175.65456933528185 97.428826406598091 5.0042746737599364 20.552630670368671 127.49952008575201 167.43871858343482 92.696049772202969 440.45173485949636 201.6948828138411 215.36163727939129 99.863851808011532 70.344036489725113 6.0819945484399787 6.6834857910871497 16.613951552659273 18.223627608269453 97.2252515591681 316.15451584011316 1.6971946209669102 5.703224539756774 89.260497234761715 5.8785298243165007 74.148882284760475 7.9745499640703192 63.674990400671959
leaf_count=365 514 661 1777 3052 899 2307 1095 43 158 1157 2133 1022 7020 3087 2887 1037 803 40 72 251 267 1449 4829 23 70 1255 68 677 105 523
internal_value=0.000251951 -0.00726329 0.0142346 0.00166151 0.00553309 0.00476423 0.0225629 0.0270247 0.0230565 0.0313082 0.0120026 0.00723368 -0.0139532 -0.00705679 -0.00144383 0.0130565 0.0169039 0.0162061 0.0259911 0.00616589 0.0183422 -0.0161374 -0.0119919 0.000909088 0.0102273 -0.00203295 0.0262426 0.0122894 0.00254634 0.0458827
internal_weight=3012.68 1962.74 1049.93 836.259 616.013 483.284 566.647 395.069 326.39 148.052 323.744 260.135 1126.49 270.957 292.269 210.394 176.891 178.338 106.547 69.2623 34.8376 855.529 415.077 98.9224 76.9073 272.89 63.6096 171.578 183.629 68.6793
internal_count=39646 28232 11414 10792 7740 5944 5470 3698 3132 1315 3884 3155 17440 4119 3856 2277 1912 1817 1109 1032 518 13321 6301 1472 969 3667 729 1772 2412 566
cat_boundaries=0 4 7 11 14 17 20 21 24 27
cat_threshold=1076101121 4197635 16896 4 2147623554 637550592 2147622977 0 2049 0 4 134217728 134217728 536871428 537010176 33554432 2164400128 20979712 1024 2820 17 134750400 136314880 541067264 4194496 136314880 536871172
is_linear=0
shrinkage=0.03


Tree=15
num_leaves=31
num_cat=9
split_feature=22 9 9 22 22 6 23 1 5 23 1 7 22 27 16 23 9 1 21 40 39 23 9 12 1 7 5 40 5 0
split_gain=336.266 124.573 71.4497 41.5533 38.807 29.1019 28.5493 25.6844 26.6113 25.3967 22.8691 19.5258 23.269 19.4303 22.5874 18.4459 20.0172 18.0316 18.7363 23.568 15.3823 15.3774 14.6336 13.8714 13.2124 17.8447 17.0016 20.7074 13.059 12.9839
threshold=0 0.20971084832688708 0.43808041000812098 1 2 0.49000000000000005 3 6.5000000000000009 0.53649293621368732 4 5.5000000000000009 0.15075757575757578 5 0.069366479550922219 0.12121212121212126 6 0.46749441879242826 8.5000000000000018 7 -2.1310721566131687 1.2268549628328296 8 0.36124235804162658 -0.80599999999999994 3.5000000000000004 0.3506756756756757 -0.6951325693616851 -1.9211901036910721 0.69131795706240284 1725.0000000000002
decision_type=9 2 2 9 9 2 9 2 2 9 2 2 9 2 2 9 2 2 1 2 2 9 2 2 2 2 2 2 2 2
left_child=2 10 3 24 7 6 13 8 9 -3 11 20 -13 28 -15 -9 -17 18 19 -5 -2 -14 -10 -8 25 29 -26 -28 -4 -1
right_child=1 4 5 17 -6 -7 23 15 22 -11 -12 12 21 14 -16 16 -18 -19 -20 -21 -22 -23 -24 -25 26 -27 27 -29 -30 -31
leaf_value=0.029668862677601091 -0.014403099040090595 0.016720199141153171 0.0082118035601321318 0.10054191094263271 -0.010060352518561713 0.039995410498019059 0.071874574628421839 -0.0099656721043414193 0.051212607926099454 -0.0026620453473572866 -0.018178506541013138 -0.013382411320164074 -0.0049669270835417502 0.067150522977854732 0.029083473529924554 -0.0044826845906873903 0.016132611517912988 -0.0078375564718503044 0.014239005579459939 -0.0025092535400138443 0.058361830010842733 0.019044161196479815 0.018937158036975873 0.0048525384412488387 -0.0046193833575009242 -0.005569367706494497 0.10604775102815617 0.016387188472269477 0.032652212876601659 0.071041852812900583
leaf_weight=47.811822712421417 299.57564700394869 91.839421752840281 64.056975655257702 2.022157557308673 208.62580516561866 72.19667112827301 2.8422453030943862 126.40687827765942 15.299068614840506 149.90279957652092 638.72109449654818 62.548664778470993 39.033098079264164 15.906486392021177 118.81949073076248 92.694285269826651 78.112059697508812 138.01748820394278 122.56247545778751 162.96282293647528 2.6377058476209632 49.365115463733673 72.823300309479237 125.4054304882884 38.677942596375942 11.43066170811653 2.3601473793387404 130.65873542428017 28.399011597037315 7.963823825120925
leaf_count=441 4672 1109 641 25 2920 519 30 1747 183 1916 10174 946 577 141 1085 1262 950 1887 1507 2067 36 723 746 1216 434 104 24 1360 240 72
internal_value=-0.000285315 -0.00780882 0.0129469 0.00690962 0.000868097 0.0226307 0.0191035 0.00459116 0.0104275 0.00528293 -0.0145215 -0.00936697 -0.000555567 0.0252006 0.0335779 -0.00173193 0.00467147 0.00105115 0.00535412 -0.00124619 -0.013768 0.00901454 0.0245406 0.00587945 0.0166064 0.0285781 0.0128875 0.017978 0.015719 0.0355762
internal_weight=3019.68 1927.58 1092.09 664.468 835.704 427.626 355.43 627.078 329.865 241.742 1091.88 453.16 150.947 227.182 134.726 297.213 170.806 425.565 287.547 164.985 302.213 88.3982 88.1224 128.248 238.903 67.2063 171.697 133.019 92.456 55.7756
internal_count=39754 27961 11793 7921 10833 3872 3353 7913 3954 3025 17128 6954 2246 2107 1226 3959 2212 5486 3599 2092 4708 1300 929 1246 2435 617 1818 1384 881 513
cat_boundaries=0 4 8 11 15 18 21 25 26 29
cat_threshold=1076101121 272632067 33702400 4 0 2048 0 4 2147623554 1711326208 2684362817 143130816 134299648 4194624 32 134742080 134284288 536873476 68158506 65556 16785477 10764480 555761664 2684354624 32 2 134750208 81920 2688549636
is_linear=0
shrinkage=0.03


Tree=16
num_leaves=31
num_cat=0
split_feature=5 10 10 7 1 7 27 1 41 12 1 13 40 4 40 17 17 5 27 11 27 0 16 8 16 17 5 7 27 8
split_gain=230.858 105.276 76.2397 40.0894 34.0608 32.1684 24.6679 24.5105 24.106 19.9594 20.8506 20.438 18.957 18.0131 16.1808 16.3167 17.1351 16.0242 15.4021 15.2912 14.8669 19.2074 14.5839 13.9565 13.3173 13.3154 13.1187 16.4068 12.939 12.885
threshold=0.10567034237895916 0.11396103896103892 0.13976744186046514 0.6858552631578948 7.5000000000000009 0.063508064516129017 0.17192118226600986 7.5000000000000009 1.5206159353824689 -0.23399999999999993 1.5000000000000002 -0.30599999999999966 -0.63754905519673721 -1.4674935678019698 -0.083577691671343685 -0.083333333333333329 -0.055555555555555441 0.52515101024039779 0.059411764705882351 0.079473684210526321 0.22792207792207789 1725.0000000000002 0.58587801087801095 0.5625337525708406 1.0000000180025095e-35 0.018356643356643353 -0.45571057511839358 0.88348416289592768 0.069366479550922219 0.44466460058595414
decision_type=2 2 2 2 2 2 2 2 2 2 2 2 2 2 2 2 2 2 2 2 2 2 2 2 2 2 2 2 2 2
left_child=1 5 3 6 14 20 12 26 -5 10 11 -4 -2 -8 15 -3 -17 -14 -12 28 22 -22 25 -6 -10 -1 -7 -28 -11 -9
right_child=2 4 9 8 23 7 13 29 24 19 18 -13 17 -15 -16 16 -18 -19 -20 -21 21 -23 -24 -25 -26 -27 27 -29 -30 -31
leaf_value=-0.01395108188004124 0.008703571718239966 0.0083709261343054269 0.11124648455621532 0.041057497690585476 -0.0055426807894157415 -0.0074155763608441888 0.11534786285217305 -0.013987571690540983 0.064086241866729732 -0.0086170614176909362 0.0083761250836653887 0.025581503223294094 -0.0064596630711458757 0.022867976631812392 0.0058318979340190348 0.07634857635180807 0.025066126817042279 0.0057649753751366356 0.036965780347765091 0.023379158704687056 -0.0026349618303653883 0.094617571957021696 -0.022559251680011706 0.053265933772796509 0.00094728628389298527 0.018406883622851939 0.001470798556669913 0.070465603874483224 0.016899717964564503 0.032548870142496134
leaf_weight=333.52445071563125 237.79520234465599 58.410168204456568 5.872790738940239 42.850497640669346 199.01911653205752 254.50752881169319 2.0187937170267096 326.78495052084327 3.3355859071016303 29.423013377934694 23.004902198910713 4.3729299753904325 260.2394901663065 31.05208844691515 189.18175449967384 6.5313206203281871 57.390623610466719 153.38322774320841 64.531851567327976 155.75427386909723 8.076985400170086 2.3622637875378123 232.52639693021774 3.6994382068514815 30.476308807730675 11.852251529693602 234.89720145985484 3.1434498056769362 45.60889770835638 5.4439527690410605
leaf_count=5258 2931 702 41 400 2526 3644 24 4923 30 295 209 33 3460 373 2159 69 593 1836 553 1448 123 36 3812 28 288 187 3244 32 436 61
internal_value=-0.000281439 -0.00652134 0.0107549 0.00554133 0.0051016 -0.0107509 0.00323719 -0.00692801 0.0261141 0.0228324 0.0341918 0.0746842 0.00195398 0.0285134 0.01133 0.0198326 0.030306 -0.00192641 0.0294523 0.0180195 -0.0161101 0.019372 -0.0167511 -0.00446947 0.00717602 -0.0128407 -0.00268061 0.00238191 0.00689357 -0.013225
internal_weight=3017.07 1927.35 1089.72 761.151 514.232 1413.12 684.489 824.777 76.6624 328.569 97.7825 10.2457 651.418 33.0709 311.514 122.332 63.9219 413.623 87.5368 230.786 588.342 10.4392 577.903 202.719 33.8119 345.377 492.548 238.041 75.0319 332.229
internal_count=39754 27397 12357 9342 6077 21320 8624 11904 718 3015 836 74 8227 397 3523 1364 662 5296 762 2179 9416 159 9257 2554 318 5445 6920 3276 731 4984
is_linear=0
shrinkage=0.03


Tree=17
num_leaves=31
num_cat=10
split_feature=22 9 9 22 22 23 6 23 16 17 16 23 9 15 5 16 5 12 5 5 13 0 4 23 13 17 16 23 21 21
split_gain=303.233 116.256 60.6181 35.5861 34.5388 26.1303 23.9846 26.7391 20.3193 25.6063 22.2642 19.3759 17.9794 22.4573 15.9065 15.5187 14.9053 14.6669 14.0233 13.619 16.8149 20.8238 19.6984 13.6627 12.927 38.9752 12.755 11.8366 11.774 11.7471
threshold=0 0.20971084832688708 0.48141697548743084 1 2 3 0.49000000000000005 4 0.37098734598734601 -0.34060384060384047 0.11655011655011656 5 0.57293988063244206 -1.0000000180025095e-35 -1.090059088517495 0.085858585858585912 0.63207458001117234 -0.91399999999999981 -1.3038486073831455 -0.7071017686908404 -0.27199999999999991 1900.0000000000002 -1.1379724668463089 6 0.28000000000000019 0.10014430014430016 0.42194055944055947 7 8 9
decision_type=9 2 2 9 9 9 2 9 2 2 2 9 2 2 2 2 2 2 2 2 2 2 2 9 2 2 2 9 1 1
left_child=2 8 4 5 19 16 7 24 9 -2 15 -12 17 -14 -6 -11 -3 -7 -10 23 22 -22 -21 -1 -4 -26 -5 -16 -29 -18
right_child=1 3 6 26 14 12 -8 -9 18 10 11 -13 13 -15 27 -17 29 -19 -20 20 21 -23 -24 -25 25 -27 -28 28 -30 -31
leaf_value=-0.013962354388744913 -0.014483363961696052 -0.0097357087566369484 0.02606508193649296 -0.0023529254137789764 -0.012782954441881359 0.033758264461191852 0.037025515460234144 0.0090742691084250825 -0.024754480110306006 0.018993263904343052 0.015979535391659572 -0.0095119369649001671 0.0031149697216666075 0.028216885738148404 -0.0028274412775154893 0.094400218029337665 0.028115942912917639 0.0031906829414830346 -0.014545507372086737 0.047322271829074586 0.026726949896240356 0.10103526587924445 0.0080557510827930067 0.012309302660921491 0.10563393234651614 0.021381269030062849 -0.016241081681641123 0.0023753072049312895 0.015875375934729246 -0.0073517412579334369
leaf_weight=19.346551574766636 157.44980796799064 137.46993269771338 114.49974071234465 121.89734326303005 59.138599380850792 14.869890935719011 74.243048794567585 189.51373983174562 148.18985060229897 6.9992764294147474 32.733538568019867 62.135585620999336 54.133377842605114 78.723611392080784 145.68091133236885 3.7842899709939957 19.002906858921051 282.89279859885573 662.3214372806251 12.904220111668108 81.404169842600822 3.5418023541569701 105.52737687528133 36.53871750831604 7.6758230328559902 13.872251078486441 116.29755311086774 134.4572351872921 102.44025174155831 15.069055259227751
leaf_count=207 2485 1875 1017 1671 822 194 511 1752 2488 102 500 952 601 862 1857 55 213 3624 10607 126 789 32 1034 390 64 120 1657 1714 1257 176
internal_value=-0.000276465 -0.00748015 0.0122059 0.000837837 0.00700008 0.00470414 0.0216386 0.0181297 -0.0140606 -0.00681678 0.0046084 -3.46483e-05 0.00861188 0.017989 0.00165925 0.0454559 -0.00503942 0.00471719 -0.0164121 0.0154399 0.0196398 0.0298252 0.0123342 0.0029187 0.0280174 0.0513936 -0.00876575 0.00393508 0.00788042 0.0124296
internal_weight=3014.75 1913.97 1100.78 840.356 700.98 602.162 399.805 325.562 1073.61 263.102 105.653 94.8691 430.62 132.857 441.717 10.7836 171.542 297.763 810.511 259.263 203.378 84.946 118.432 55.8853 136.048 21.5481 238.195 382.578 236.897 34.072
internal_count=39754 28062 11692 10873 8228 7545 3464 2953 17189 4094 1609 1452 5281 1463 5650 157 2264 3818 13095 2578 1981 821 1160 597 1201 184 3328 4828 2971 389
cat_boundaries=0 4 7 11 15 19 22 25 28 29 30
cat_threshold=1076101121 272632067 33701888 4 2147623554 1711326208 536879681 0 2048 0 4 10764416 538984448 2147483712 32 8912896 134299648 4194368 32 2768960 536936448 2684354624 25952256 65536 4194624 145490048 82944 2151680512 2 2
is_linear=0
shrinkage=0.03


Tree=18
num_leaves=31
num_cat=3
split_feature=10 5 27 8 23 1 7 23 5 5 23 7 1 15 3 15 10 26 6 17 13 10 26 7 37 42 42 26 1 2
split_gain=197.556 124.104 38.2951 35.87 35.8649 38.4903 24.8585 25.9115 21.9069 20.4921 25.829 18.004 16.4162 16.0963 15.7277 18.302 14.8289 14.2311 13.9609 13.847 13.3827 12.6144 17.6509 11.9576 11.8473 11.7365 17.3763 11.6181 16.5463 23.8831
threshold=0.15894736842105264 0.10567034237895916 0.080540540540540509 0.46524919981710117 0 1.5000000000000002 0.84807692307692317 1 -0.40013988375138354 0.090617218579332609 2 0.063508064516129017 6.5000000000000009 25.500000000000004 1.2268549628328296 8.5000000000000018 0.059411764705882351 0.061862244897959155 0.8460526315789475 0.34438339438339433 -0.6539999999999998 0.10471491228070172 0.17974358974358975 0.74342105263157909 19.500000000000004 1155.5000000000002 1214.5000000000002 0.21132376395534289 4.5000000000000009 128.50000000000003
decision_type=2 2 2 2 9 2 2 9 2 2 9 2 2 2 2 2 2 2 2 2 2 2 2 2 2 2 2 2 2 2
left_child=1 4 6 9 11 17 7 20 18 10 -2 -1 14 -12 -4 -16 -10 24 -7 -19 -3 22 -14 -23 -6 -8 -27 -11 29 -29
right_child=3 2 12 -5 5 8 25 -9 16 27 13 -13 21 -15 15 -17 -18 19 -20 -21 -22 23 -24 -25 -26 26 -28 28 -30 -31
leaf_value=-0.020585739575904569 -0.0029488615123121897 -0.0093585380859708273 0.014020436194507038 0.039629660977887331 -0.0076330748802114984 -0.011718084392389628 0.008532831445481448 -0.0092893399594287367 -0.0094330769670884392 0.014925392840558747 0.014711540331035822 -0.01007317222752748 -0.0061609842330297556 0.084369996085086857 0.023034242228499549 0.068494431411424375 0.0020944787398586161 0.018485597060561125 0.053402403745148305 0.068758142549529069 0.0082301211638022721 0.016744181152683349 0.047789521002957247 0.092557178250430847 0.031211889296181541 0.061763580262748578 -0.0078738314474072549 0.069732899578465693 0.018514779630822067 0.017186924860718905
leaf_weight=268.87504132091999 120.25064223259687 47.943158525973558 190.51226148381829 51.219833768904209 33.80819359049201 498.70371053367853 19.347834348678589 205.10901555046439 158.32559803128242 148.40296277776361 165.01200004294515 322.46204388514161 73.036294218152761 3.0405323579907408 33.016590245068073 10.50679389387369 274.66829709708691 44.46739486604929 2.980636239051818 5.5460290834307662 207.17297839745879 16.16198464483023 5.8985850140452376 2.1177555173635474 8.9335255511105043 11.987617000937464 4.4117119908332816 17.30236200988293 51.886360220611095 14.152695201337336
leaf_count=4476 1304 583 2219 350 492 7601 172 2673 2383 1396 1720 4811 952 31 328 103 3836 595 21 61 2491 186 67 18 124 98 38 130 457 110
internal_value=-0.000208144 -0.00391795 0.00553502 0.0156761 -0.00874861 -0.0051847 0.00025992 -0.00161191 -0.00706435 0.0133169 0.00797778 -0.0146061 0.0134333 0.0150748 0.0177376 0.0340086 -0.00212061 0.0131972 -0.0113312 0.0240604 0.00473898 0.00307102 -0.00212941 0.0255273 0.000485983 0.0243587 0.0430299 0.0199592 0.0289226 0.0460907
internal_weight=3017.26 2445.99 827.223 571.267 1618.77 1027.43 495.972 460.225 934.678 520.048 288.303 591.337 331.25 168.053 234.036 43.5234 432.994 92.7551 501.684 50.0134 255.116 97.2146 78.9349 18.2797 42.7417 35.7472 16.3993 231.744 83.3414 31.4551
internal_count=39826 34328 9928 5498 24400 15113 6055 5747 13841 5148 3055 9287 3873 1751 2650 431 6219 1272 7622 656 3074 1223 1019 204 616 308 136 2093 697 240
cat_boundaries=0 4 7 10
cat_threshold=11288704 536887296 4196352 32 134357056 671155200 541067588 19152960 555810816 536873024
is_linear=0
shrinkage=0.03


Tree=19
num_leaves=31
num_cat=9
split_feature=22 9 9 22 27 22 1 2 24 5 1 22 23 3 26 6 23 40 6 1 27 23 9 23 6 8 7 12 37 23
split_gain=279.604 97.4023 65.4429 27.8852 25.8531 24.0963 23.5866 24.7688 21.9529 21.8414 21.7343 29.1569 23.4679 34.14 21.5019 20.0329 18.0846 17.1636 17.0236 16.2673 15.9677 15.7294 15.6478 15.3326 14.8361 14.4737 13.7562 13.712 12.7005 13.1773
threshold=0 0.19205437573461573 0.33021575274558168 1 0.080540540540540509 2 1.5000000000000002 116.50000000000001 14.500000000000002 0.052675632387426209 7.5000000000000009 3 4 0.43459030837157858 0.18090909090909094 0.60555555555555574 5 -0.58823373865511064 0.37171052631578955 6.5000000000000009 0.021507863089731703 6 0.20159997767850382 7 0.54195804195804198 0.012524514579377753 0.37354651162790703 0.13800000000000004 4.5000000000000009 8
decision_type=9 2 2 9 2 9 2 2 2 2 2 9 9 2 2 2 9 2 2 2 2 9 2 9 2 2 2 2 2 9
left_child=2 10 5 4 23 16 14 8 -8 15 11 12 13 -2 26 -9 27 21 -10 25 -11 22 -5 -3 -25 -6 -4 -1 -13 -30
right_child=1 3 6 17 19 -7 7 9 18 20 -12 28 -14 -15 -16 -17 -18 -19 -20 -21 -22 -23 -24 24 -26 -27 -28 -29 29 -31
leaf_value=0.022648453454214672 0.0096605206354212457 -0.010974573336956495 -0.0080790842003196223 0.12172001405785898 0.029439441873215465 -0.0026774708226911365 0.11755268206829332 0.0042463992922457758 0.020429528822047266 0.0012060297727106326 -0.018159992248209952 -0.020508549485782852 -0.0057749848551509799 0.081892945473000717 0.056978264534616269 0.050701749619608896 0.00052099804338417727 -0.012759522183480879 0.083740042240525309 -0.00041479083915457895 0.022356894746905408 -0.0083849802121018328 0.01086195077067564 0.0015627670670730705 0.041512473722969193 0.010729474028254292 0.034233334729274312 -0.0059320636624639912 0.0040668205065794499 -0.013011688644317744
leaf_weight=117.50540249794722 43.676780603826046 90.167996034026146 10.292320564389231 1.1673859357833851 55.171735148876905 241.73845797032118 3.3626955896616009 157.52840503305197 16.481225050985817 36.069126486778259 446.73172687366605 168.54287813231349 148.43214941769838 6.8067638650536528 26.702837690711021 8.8222598284482938 101.69364982843399 187.84027823060751 4.9766860604286185 69.498278230428696 293.69613256305456 65.341980870813131 62.362209714949131 248.06234503537416 8.6583445221185666 114.30876775458455 21.075466699898243 17.336859978735447 50.935464859008789 190.03093449398875
leaf_count=1219 682 1185 97 17 672 3236 33 1616 159 333 7472 2797 2322 91 177 56 1084 2636 36 915 2541 902 798 3167 77 1311 172 184 795 3044
internal_value=-0.000206305 -0.00691103 0.012159 0.000288771 0.00414465 0.00406177 0.0190575 0.0170359 0.0462819 0.0155727 -0.0131352 -0.00944582 0.000308369 0.0161923 0.0371929 0.00671012 0.0106137 -0.00676138 0.035113 0.011808 0.0200435 0.00145671 0.0111448 -0.00101533 0.00280103 0.0168202 0.0203499 0.0176639 -0.0138531 -0.00977284
internal_weight=3015.02 1957.74 1057.28 902.579 585.867 478.274 579.007 520.937 24.8206 496.116 1055.16 608.425 198.916 50.4835 58.0706 166.351 236.536 316.712 21.4579 238.979 329.765 128.872 63.5296 346.889 256.721 169.481 31.3678 134.842 409.509 240.966
internal_count=39826 28883 10943 11680 7327 5723 5220 4774 228 4546 17203 9731 3095 773 446 1672 2487 4353 195 2898 2874 1717 815 4429 3244 1983 269 1403 6636 3839
cat_boundaries=0 4 7 11 14 17 20 23 27 30
cat_threshold=1075838976 272632065 147456 4 2147886723 536953858 35660353 1073741824 268437505 0 4 2751594529 1644205568 2166358592 131072 2098176 541065988 144859200 153092096 4194560 151257152 134284288 2684356676 278656 2113536 320 32 21102720 134235136 536870976
is_linear=0
shrinkage=0.03


Tree=20
num_leaves=31
num_cat=12
split_feature=22 9 9 22 22 22 23 3 23 22 12 5 23 17 6 37 23 3 23 12 12 17 7 16 17 7 23 37 18 11
split_gain=262.86 86.7965 78.0188 30.8199 23.7215 23.5135 19.729 18.6955 17.5092 16.9696 13.4564 13.3923 20.533 16.1028 15.1455 12.8455 12.6506 12.5494 18.3532 14.5816 12.4199 12.2169 11.9001 11.8628 11.7581 20.5094 10.1263 11.2144 10.0334 9.76878
threshold=0 0.33333020365889848 0.19205437573461573 1 2 3 4 0.040901333830885657 5 6 0.97900000000000009 0.53649293621368732 7 0.64381914381914396 0.63068181818181823 17.500000000000004 8 0.83731859603418179 9 -0.61957446808510619 0.13800000000000004 0.19856532356532358 0.20761494252873561 0.076923076923076969 -0.44444444444444431 0.10620300751879695 10 10.500000000000002 11 0.079473684210526321
decision_type=9 2 2 9 9 9 9 2 9 9 2 2 9 2 2 2 9 2 9 2 2 2 2 2 2 2 9 2 1 2
left_child=1 3 7 8 6 11 -4 23 20 26 17 12 14 -14 -3 21 -5 18 -7 -19 22 -8 -1 24 29 -26 -9 -28 -10 -2
right_child=2 5 4 16 -6 10 15 9 28 -11 -12 -13 13 -15 -16 -17 -18 19 -20 -21 -22 -23 -24 -25 25 -27 27 -29 -30 -31
leaf_value=0.028186080709021923 0.015475502950900664 -0.0019959081385625007 -0.0064447017504523389 -0.0097295748250704351 -0.0097579405025929704 -0.0045062849205946562 0.0041919842763201379 0.013379042597187921 0.0068793246844695722 -0.011732895108847013 -0.026995912516130184 0.030887013890528028 0.024513129009989792 0.10314670168460037 0.064899193214706663 -0.0022317887824612904 0.0013040683735756279 0.042797204552427949 0.013631971070596627 0.014757408750593202 -0.0060480781739402816 0.016638282356585724 0.0092280401831200797 -0.016988732951236884 0.12180899064386823 -0.0081039781884517798 -0.023223159676296585 0.0086428421169217184 -0.011195396500203496 -0.028636612423907352
leaf_weight=78.270133480429649 9.4602405577898079 56.088449791073799 166.35555847361684 157.29989804700017 193.25080973282456 74.500049240887165 182.85174379497766 42.933658264577389 59.723147377371788 170.98071925714612 8.2324619740247709 140.75217277556658 147.21267729252577 2.3817562758922568 3.2209748104214659 131.38443091511726 212.83027636259794 20.850578717887402 135.35698185861111 83.682096995413303 17.426162488758564 116.00999312475324 48.119334295392036 664.8416165933013 1.9481456950306881 2.4935490563511848 19.975567456334829 19.783238761126995 35.812355346977711 8.6489718519151193
leaf_count=792 156 552 2194 2279 2791 793 2262 630 635 2661 81 1063 1316 19 21 1706 2948 185 1403 759 186 1365 496 11320 31 40 313 301 386 142
internal_value=-0.000207312 0.0100475 -0.00781398 0.00192684 -0.000906969 0.0175591 0.00208858 -0.0136942 0.0100723 -0.00673362 0.0105398 0.0230743 0.0189149 0.0241507 0.00140084 0.00545944 -0.00351767 0.0118579 0.00762767 0.0203504 0.0165444 0.0090233 0.0209683 -0.0162629 0.00513588 0.0488764 0.00448029 -0.00588664 -0.000314959 -0.00559247
internal_weight=3012.68 1281.76 1730.92 609.481 789.853 672.278 596.602 941.066 239.351 253.673 322.622 349.656 208.904 149.594 59.3094 430.246 370.13 314.39 209.857 104.533 143.816 298.862 126.389 687.393 22.5509 4.44169 82.6925 39.7588 95.5355 18.1092
internal_count=39826 13914 25912 7722 10318 6192 7527 15594 2495 3905 3221 2971 1908 1335 573 5333 5227 3140 2196 944 1474 3627 1288 11689 369 71 1244 614 1021 298
cat_boundaries=0 4 8 11 15 19 22 25 28 32 36 39 40
cat_threshold=1076502529 272633091 2244608 4 1073741824 268437505 0 4 2147747458 637616128 2181046849 8192 2304 0 4 2375808 2113536 4194624 32 144859200 153108480 4194560 603979904 1711276032 2147492416 19283968 555761664 2147485696 9060480 536953856 2151678468 32 151527424 2097152 541065728 32 151404608 136314880 536871172 78
is_linear=0
shrinkage=0.03


Tree=21
num_leaves=31
num_cat=9
split_feature=22 5 22 17 42 5 22 41 40 22 1 5 23 1 13 13 17 23 8 23 12 23 1 37 37 22 5 12 40 40
split_gain=244.984 87.3763 55.6149 31.7478 28.0454 23.2641 22.1749 21.8681 21.3782 20.7527 21.3323 20.357 19.9034 19.3349 18.8237 18.0235 17.6066 19.8721 15.877 15.6807 15.5415 14.6053 13.3836 13.3101 12.6231 12.2752 11.3054 11.2915 10.7547 15.4012
threshold=0 0.23622954822415695 1 0.49049145299145308 1167.5000000000002 0.4924343782442579 2 1.9834889289524336 -0.48410077234253873 3 6.5000000000000009 1.1284787472412978 4 7.5000000000000009 0.070000000000000076 1.0000000180025095e-35 -1.0000000180025095e-35 5 0.48144984144088476 6 -0.82399999999999973 7 6.5000000000000009 10.500000000000002 14.500000000000002 8 -1.7939025118283982 -0.16900000000000001 1.3069958313407872 1.9517272628643234
decision_type=9 2 9 2 2 2 9 2 2 9 2 2 9 2 2 2 2 9 2 9 2 9 2 2 2 9 2 2 2 2
left_child=5 2 3 8 13 16 -6 -5 20 -4 12 15 -11 21 -13 -8 17 22 -10 -18 -2 25 27 -23 26 -3 -21 -1 -7 -30
right_child=1 4 9 7 6 28 11 -9 18 10 -12 14 -14 -15 -16 -17 19 -19 -20 24 -22 23 -24 -25 -26 -27 -28 -29 29 -31
leaf_value=0.013213791888607733 0.041614103314916363 0.006550697712666872 -0.020871945160087522 0.025076294753676481 -0.0093956589166372725 0.024037041349855088 0.0077357801596210042 0.12872410440495383 -0.0066736391534498417 0.0066903028250063648 -0.014774578514167492 0.056050389713054219 -0.008538903997010322 -0.0070878314853766418 -0.0097608795426611765 0.031603640997036428 0.0055176529018568145 -0.0080262231768929229 0.046453501454916432 -0.0053896290940326106 0.0040524174654988877 0.019130387776452838 0.0017153464585004468 0.0029317189310908462 0.0089154925217613291 -0.01290210454873425 0.029048232203844167 0.047144185955933192 0.081781942475899969 -0.0027237448812788708
leaf_weight=19.473237171769142 10.50826360657811 47.945877552032471 217.95831036567688 19.358425993472341 29.435920458287001 170.10474174469709 104.32971324771643 2.0235369093716136 418.12930801510811 91.819107010960579 437.28828639909625 20.431835979223255 356.86313821002841 182.908128015697 4.837673418223857 39.163143403828144 106.65808134526014 63.457724660634995 5.124711498618125 9.13265363126993 175.28327431157231 87.742218110710382 31.343187406659126 95.169582154601812 45.386643528938293 52.109003510326147 141.61633442342281 16.145812213420868 6.6302371397614461 2.7444400265812874
leaf_count=181 147 563 3723 214 376 1278 1207 21 5930 1360 7176 182 5498 2321 45 443 1037 648 45 82 2390 935 331 1100 450 624 1317 146 52 22
internal_value=-0.000364741 -0.00469905 -0.00826182 -0.00102877 0.00453507 0.0164111 0.0139872 0.0348853 -0.00230651 -0.012272 -0.00994693 0.0175807 -0.00546357 0.000513829 0.0434513 0.01425 0.0129162 0.00370091 -0.00603038 0.0168854 0.00617689 0.0054275 0.0139323 0.0101474 0.0216805 -0.00383219 0.0269619 0.0285942 0.025761 0.0570429
internal_weight=3011.12 2398.43 1734.36 630.428 664.073 612.693 198.198 21.382 609.046 1103.93 885.971 168.762 448.682 465.875 25.2695 143.493 433.214 130.42 423.254 302.794 185.792 282.967 66.9622 182.912 196.136 100.055 150.749 35.619 179.479 9.37468
internal_count=39844 34300 26504 8747 7796 5544 2253 235 8512 17757 14034 1877 6858 5543 227 1650 4192 1306 5975 2886 2537 3222 658 2035 1849 1187 1399 327 1352 74
cat_boundaries=0 4 7 10 13 16 20 23 27 30
cat_threshold=1073741824 268437761 0 4 589701123 4199426 2720158208 538183296 16809992 16793604 1049600 28 4 64 2098176 541065732 142630976 134218752 2151678208 32 19161088 555745280 2688550980 13508608 16778240 4196864 32 536870913 641826824 517
is_linear=0
shrinkage=0.03


Tree=22
num_leaves=31
num_cat=9
split_feature=22 9 1 22 9 22 16 22 37 42 7 23 17 8 27 23 5 17 23 1 5 37 26 23 23 3 37 16 42 8
split_gain=228.73 108.12 33.9148 32.3245 29.7078 28.119 27.3177 22.2936 21.5638 20.3289 20.989 19.5796 17.1219 16.7979 21.5437 16.0127 15.1921 12.8519 15.9527 15.2019 12.5912 13.2766 13.7872 12.1132 11.7447 11.5491 12.4788 11.4891 11.1544 11.4693
threshold=0 0.33333020365889848 5.5000000000000009 1 0.67482980392603931 2 0.4358974358974359 3 15.500000000000002 1170.5000000000002 0.32993197278911562 4 -0.31305916305916298 0.00029376734825170006 0.098780487804878067 5 0.28680218773969329 -0.34060384060384047 6 6.5000000000000009 -0.3816515304759876 7.5000000000000009 0.11834733893557421 7 8 1.1270406353239208 16.500000000000004 0.55992618492618507 1260.5000000000002 0.018786771869066653
decision_type=9 2 2 9 2 9 2 9 2 2 2 9 2 2 2 9 2 2 9 2 2 2 2 9 9 2 2 2 2 2
left_child=4 2 3 6 7 -3 12 17 9 15 -11 -8 -2 14 -10 -7 -4 -1 -19 -20 -9 22 -22 -15 -23 27 -27 -5 -18 -30
right_child=1 5 16 25 -6 8 11 20 13 10 -12 -13 -14 23 -16 -17 28 18 19 -21 21 24 -24 -25 -26 26 -28 -29 29 -31
leaf_value=-0.010503647083433184 0.0034067023079378026 -0.011275479009252446 -0.016027119858570478 -0.0065597785174692884 0.024071831672681912 0.011807787955387693 0.0084733544715453538 -0.0066801068165750844 -0.00036472287877314279 -0.0053683233330646309 0.025351429512324844 -0.012205125420907849 0.032573836521065776 0.0057682076895911715 0.05430739859031599 -0.0010282380522998666 -0.0048242578761978931 0.0016754667948388811 0.025985482517565651 0.012262676477269255 0.031706345695440424 0.0088187364299392342 0.0061557213780149408 -0.0094349119688813075 -0.0096034415112163478 0.060266199513128643 -0.021778557830979706 -0.017303054270889427 0.10340355338326492 -0.011273579155479541
leaf_weight=16.846487663686275 33.431909006088972 95.563500352203846 708.48472018167377 200.18465533107519 177.04257515817881 162.59186228364706 66.133358530700207 81.3553766310215 17.537812083959583 24.856665648519993 102.80785366892815 81.895366337150335 39.533117722719908 62.460726097226143 10.294469386339186 181.39500442892313 83.568538211286068 70.723858445882797 160.3842726573348 132.81922878324986 32.760359451174736 58.8394945114851 45.274848006665707 142.51805505156517 46.935618162155151 4.194677270948886 2.7703847885131836 162.16242382675409 1.7658974006772035 1.4129682593047617
leaf_count=178 481 1339 12040 3195 1263 1787 971 1054 224 298 1084 1230 535 736 123 2111 1204 689 1370 1305 381 645 498 1750 535 56 38 2679 25 20
internal_value=-0.00036126 -0.00543712 -0.0105323 -0.00508459 0.0130263 0.00331912 0.00400508 0.0102005 0.00538259 0.00914662 0.0193702 -0.0032189 0.0192097 -0.00201175 0.0198571 0.00535232 -0.0145762 0.0147264 0.0162989 0.0191171 0.0030318 0.00749528 0.0168823 -0.00498113 0.000570072 -0.0103519 0.0276325 -0.0113678 -0.00272614 0.0524309
internal_weight=3008.55 2185.56 1385.54 590.306 822.982 800.026 220.994 645.94 704.462 471.651 127.665 148.029 72.965 232.811 27.8323 343.987 795.232 380.774 363.927 293.204 265.166 183.81 78.0352 204.979 105.775 369.312 6.96506 362.347 86.7474 3.17887
internal_count=39844 31926 22474 9185 7918 9452 3217 6655 8113 5280 1382 2201 1016 2833 347 3898 13289 3542 3364 2675 3113 2059 879 2486 1180 5968 94 5874 1249 45
cat_boundaries=0 4 7 10 14 17 20 23 26 29
cat_threshold=1076101120 268437761 16384 4 2147614721 1178637314 2166489664 537919520 1090551836 24117252 1074003968 268437504 0 4 8527936 136315904 2684355332 134742080 687932416 2628 19152896 553648128 2684356612 150994944 0 2684355332 25190400 151011328 320
is_linear=0
shrinkage=0.03


Tree=23
num_leaves=31
num_cat=12
split_feature=22 9 9 1 22 16 22 37 23 1 22 18 22 37 23 22 8 23 10 5 16 22 9 41 18 10 41 42 4 13
split_gain=214.447 98.1976 32.7968 29.3413 28.9955 23.6608 21.9804 21.857 20.9021 20.3381 19.1975 18.4955 17.385 17.3533 15.5955 21.2106 14.6209 13.7626 13.4472 12.9737 12.7794 12.4719 12.4713 23.8264 13.6519 12.9132 12.447 11.9144 11.8445 11.5555
threshold=0 0.26627670499248562 0.67482980392603931 5.5000000000000009 1 0.42757705257705253 2 15.500000000000002 3 2.5000000000000004 4 5 6 7.5000000000000009 7 8 0.00029376734825170006 9 0.15894736842105264 -0.91430458162946404 0.060606060606060656 10 0.13901076185295239 0.50065258115036804 11 0.10990338164251207 1.3474564090467323 1176.5000000000002 2.4687565772497391 0.97700000000000009
decision_type=9 2 2 2 9 2 9 2 9 2 9 1 9 2 9 9 2 9 2 2 2 9 2 2 1 2 2 2 2 2
left_child=2 3 6 5 -3 10 22 8 9 -6 -2 16 -10 28 15 -7 -9 29 -12 20 27 -21 23 25 26 -1 -24 -5 -8 -15
right_child=1 4 -4 19 7 14 13 11 12 -11 18 -13 -14 17 -16 -17 -18 -19 -20 21 -22 -23 24 -25 -26 -27 -28 -29 -30 -31
leaf_value=0.10813785629220361 -0.0077257591977148883 -0.012049251798003646 0.023284096589620596 -0.010198951019638056 0.03007002165465927 0.014348546250552508 0.020363630567322936 0.037462683739575176 -0.011522824782297787 0.009606363060452934 0.010175446345332439 -0.0086766851126293329 0.0058762418302399019 0.017233253852181923 -0.012979958672408887 -0.013490867882101673 0.0033938745085137357 -0.0001430682102192679 0.058067858641426329 0.00063757831962501827 -0.022861495545815614 -0.014041265772627558 0.0028813315455396555 -0.01036045999000075 -0.0074781053192946043 0.011744806686754011 0.02491184992887082 0.066311227261877118 -0.01095780822260487 -0.034429668452110249
leaf_weight=2.3439536541700354 71.742924004793167 103.93582617491484 186.13373786956072 5.5073400251567346 53.892617713660002 45.712433572858572 220.33319824188948 13.207829438149927 63.97167169675231 231.35503411665559 90.833924312144518 164.13193519413471 161.87338430806994 111.34534540772438 283.84269892796874 34.555626597255468 80.043670870363712 125.2231646925211 5.601829305291175 66.950206458568573 196.12940486148 443.01285965368152 45.521269176155329 93.042345635592937 37.584258642047644 2.6819546967744827 46.821460973471403 2.7446978166699409 11.429831735789774 4.0378039777278891
leaf_count=32 1133 1469 1323 95 557 682 2046 166 802 2652 1335 2062 1877 1074 4635 559 1008 1218 70 982 3543 7532 523 1283 429 33 535 46 105 38
internal_value=-0.000354492 -0.00553494 0.0119562 -0.0109635 0.00215881 -0.00563177 0.00911633 0.0041828 0.00782762 0.0130163 0.00367488 -0.0028923 0.000668265 0.0126915 -0.00993041 0.00219677 0.00742322 0.00731683 0.0117401 -0.0149365 -0.0213228 -0.012377 0.00110397 -0.00692367 0.00724816 0.0567 0.0126787 0.015249 0.018819 0.0141951
internal_weight=3005.54 2119.05 886.498 1246.63 872.412 532.289 700.365 768.476 511.093 285.248 168.179 257.383 225.845 472.369 364.111 80.2681 93.2515 240.606 96.4358 714.345 204.381 509.963 227.995 98.0683 129.927 5.02591 92.3427 8.25204 231.763 115.383
internal_count=39844 31205 8639 20612 10593 8414 7316 9124 5888 3209 2538 3236 2679 4481 5876 1241 1174 2330 1405 12198 3684 8514 2835 1348 1487 65 1058 141 2151 1112
cat_boundaries=0 4 7 9 12 15 16 19 22 25 29 32 33
cat_threshold=1076101121 268437763 16384 4 605029408 1090551836 7348228 2097153 258 134750272 153158656 4196868 2148664842 28 5373957 37 131712 536887296 2164260928 4194368 136314880 772 2147615360 104873984 2164260929 159924416 134234112 4194304 32 536871072 4194304 131072 43
is_linear=0
shrinkage=0.03


Tree=24
num_leaves=31
num_cat=6
split_feature=9 22 22 22 1 22 1 6 20 39 30 17 24 5 27 27 40 13 1 40 2 31 1 42 27 12 40 40 12 17
split_gain=201.13 90.269 58.8901 27.8657 28.3357 24.6114 23.7898 22.3772 20.0768 18.2956 18.263 17.825 17.7206 17.0911 19.5282 17.0417 17.6891 14.511 14.3098 13.7653 19.8003 16.9404 13.3762 13.0296 12.7157 12.5309 11.3503 11.7256 19.1629 11.5238
threshold=0.33333020365889848 0 1 2 5.5000000000000009 3 1.5000000000000002 0.54195804195804198 4 -0.21642331403073176 5 -0.32521645021645001 20.500000000000004 -0.7071017686908404 0.081356867071152708 0.15184453227931485 1.6928488014489407 -0.6659999999999997 7.5000000000000009 -0.062318109506533041 114.50000000000001 4.5000000000000009 5.5000000000000009 1203.5000000000002 0.23904761904761904 -0.73899999999999977 -1.3792758694081109 -1.5968589607293653 -0.74366666666666659 0.54200244200244208
decision_type=2 9 9 9 2 9 2 2 9 2 1 2 2 2 2 2 2 2 2 2 2 2 2 2 2 2 2 2 2 2
left_child=1 10 6 -3 8 26 12 13 17 -10 -1 -12 -2 -8 -15 19 22 -5 24 21 -21 -7 -17 -9 -13 -20 27 -4 -29 -28
right_child=2 3 5 4 -6 15 7 23 9 -11 11 18 -14 14 -16 16 -18 -19 25 20 -22 -23 -24 -25 -26 -27 29 28 -30 -31
leaf_value=-0.0048923321703550141 0.071251437278455676 -0.020864814825924789 -0.0029670913943341585 0.032480376190837219 -0.013244936385869543 0.012133157684334948 -0.0046968533292796547 0.041423279080105208 -0.013464722996679482 -2.6524578269666379e-05 -0.0077475942855427353 0.015672544786693738 0.027462278653769271 0.0091941199765318542 0.023988985501539734 0.025885777827814781 0.094482919962229225 0.0033125036988620412 0.050734176336305538 0.044083601280947585 -0.0024198053848055612 -0.003468408912606863 -0.0065039604006549906 -0.0095633276450578335 0.06731318002571185 0.00054209113741114548 -0.013824750071587802 -0.032818043301953023 0.079571951532583368 0.029789474819404291
leaf_weight=131.07690019533038 10.775861129164694 225.39102727547288 14.100358664989473 20.859841920435429 597.88258520141244 259.08352880552411 44.907692946493626 38.299799852073193 171.60889215022326 194.55551892146468 51.488935142755508 158.77450140938163 36.457005903124809 204.38256391882896 132.24908427894115 44.021676637232304 2.8088735789060584 58.124917011708021 4.6888144314289084 8.5264722481369954 245.54853500425816 82.608472041785717 15.521175272762774 5.113106243312358 4.4106248766183844 98.933809045702219 113.42452161759138 1.952913850545883 4.5382311195135108 5.727660108357667
leaf_count=1577 76 4041 188 330 10105 2868 446 222 2767 2895 689 1757 251 1851 1112 440 30 898 69 100 2801 912 174 30 40 1222 1575 26 59 75
internal_value=-0.000432328 -0.00712508 0.00861992 -0.0111669 -0.00889305 0.00346643 0.0168966 0.0150095 -0.00324779 -0.00615642 0.00443347 0.0084132 0.0374525 0.0126873 0.0150064 0.00590113 0.0209132 0.00977779 0.0115319 0.00442905 -0.000859203 0.00836128 0.0174427 0.0354182 0.0170683 0.00281323 -0.00762806 0.0123929 0.0457585 -0.0117282
internal_weight=2987.84 1717.8 1270.05 1268.42 1043.03 797.862 472.185 424.952 445.149 366.164 449.374 318.297 47.2329 381.539 336.632 658.119 62.3517 78.9848 266.808 595.767 254.075 341.692 59.5429 43.4129 163.185 103.623 139.744 20.5915 6.49114 119.152
internal_count=39626 26390 13236 21036 16995 9248 3988 3661 6890 5662 5354 3777 327 3409 2963 7325 644 1228 3088 6681 2901 3780 614 252 1797 1291 1923 273 85 1650
cat_boundaries=0 4 8 11 14 15 16
cat_threshold=1660944384 272637185 2183282688 4 2105345 2304 0 4 1049600 16777244 1048580 1179688 285278236 20971524 1410 1
is_linear=0
shrinkage=0.03


Tree=25
num_leaves=31
num_cat=5
split_feature=5 10 10 16 1 5 23 1 23 1 16 16 24 13 31 2 6 26 27 16 23 31 1 23 12 23 2 15 40 15
split_gain=159.625 61.7272 46.3935 30.0052 26.6226 25.7895 27.8305 16.6919 16.4663 16.3078 15.1878 14.5558 20.8581 20.5832 14.0696 20.291 13.8569 13.8291 17.8298 15.5126 12.7387 12.1913 15.5605 12.0983 11.9761 11.6705 14.4705 12.3628 11.2159 11.0629
threshold=0.10567034237895916 0.11696306429548561 0.13976744186046514 0.45448070448070449 7.5000000000000009 -0.7071017686908404 0 1.5000000000000002 1 5.5000000000000009 0.19813519813519817 0.14154040404040408 72.000000000000014 -0.56026315789473657 3.5000000000000004 117.50000000000001 0.65686274509803932 0.056349206349206309 0.17573529411764707 0.72497086247086262 2 3.5000000000000004 7.5000000000000009 3 -0.089999999999999886 4 128.50000000000003 13.500000000000002 0.9306456336306369 -3.4999999999999996
decision_type=2 2 2 2 2 2 9 2 9 2 2 2 2 2 2 2 2 2 2 2 9 2 2 9 2 9 2 2 2 2
left_child=1 5 3 20 8 11 -7 24 -3 10 -8 12 -1 -14 15 -10 -6 -5 23 -20 -2 22 -22 -19 -4 26 29 -27 -29 -9
right_child=2 4 7 17 16 6 9 25 14 -11 -12 -13 13 -15 -16 -17 -18 18 19 -21 21 -23 -24 -25 -26 27 -28 28 -30 -31
leaf_value=-0.0066509321782790504 -0.0030981688894793384 0.016480632134157687 0.053877257537095338 -0.0090291183429518345 -0.0066194080453616999 -0.012053608808214237 0.028695567668712868 0.040252457284705494 0.04787438303766519 -0.0058660254552109518 0.0026908885484397131 -0.016187282882139654 0.11497733075058515 0.0064296304203860415 -0.0081325903414897691 0.0048291590822613735 0.06204984456262487 0.0072047766984970583 0.058912811460685589 -0.022565707741237447 0.026439552150920878 0.0072508107363973952 0.0067795679551859245 -0.0056223629280325134 0.019623552846340205 0.015853255727912706 -0.017044213182365982 0.029643276868466479 0.087196750183052271 0.0027434673943322807
leaf_weight=47.887160606682301 57.060823403298855 118.16455622389913 18.132168911397457 140.07171418517828 202.66912234947085 351.75385866686702 22.925254330039024 9.9460025802254659 10.685147877782581 246.27460829541087 170.86428508907557 471.27041885629296 2.6491478867828846 3.8675249703228465 72.859030060470104 126.99860223010182 2.6797210499644271 124.97773443162441 8.7067596763372404 2.7727287895977488 95.153492104262114 167.39059853553772 58.513368260115385 120.24564494565129 18.619773842394352 232.42465429008007 23.292829148471355 27.923562444746498 3.4207629337906829 24.532291576266289
leaf_count=746 724 1235 112 1890 2556 5736 303 90 128 3896 2446 8005 42 59 823 1379 16 1450 90 33 1034 1905 718 1458 141 1935 204 225 28 219
internal_value=-0.00042478 -0.0058523 0.00844343 0.00431583 0.00275115 -0.00933978 -0.00591987 0.0173703 0.00804528 -0.000726615 0.00576724 -0.0144911 0.000201538 0.0505563 0.00241363 0.00816975 -0.0057233 -0.00144706 0.00269014 0.0392327 0.0103631 0.0124638 0.0189534 0.000979499 0.0365232 0.0151812 0.00104243 0.0175722 0.0359244 0.0135637
internal_weight=2984.73 1851.55 1133.18 774.893 534.056 1317.49 791.818 358.292 328.707 440.064 193.79 525.674 54.4038 6.51667 210.543 137.684 205.349 396.775 256.703 11.4795 378.118 321.057 153.667 245.223 36.7519 321.54 57.7711 263.769 31.3443 34.4783
internal_count=39626 27370 12256 9302 6137 21233 12381 2954 3565 6645 2749 8852 847 101 2330 1507 2572 4921 3031 123 4381 3657 1752 2908 253 2701 513 2188 253 309
cat_boundaries=0 4 7 11 15 19
cat_threshold=27541632 555761664 4196352 32 146931840 134235136 256 262144 16777216 2147483648 32 140517568 673185792 2147485764 32 262272 555762688 2684354560 32
is_linear=0
shrinkage=0.03


Tree=26
num_leaves=31
num_cat=0
split_feature=9 10 9 3 27 26 37 1 3 26 27 40 15 9 27 17 11 1 26 6 1 6 27 13 42 37 5 15 9 28
split_gain=182.524 57.1004 39.2138 32.2815 24.1777 23.0582 18.594 18.5911 18.1319 17.9702 15.1645 14.5266 14.4305 14.0956 16.9487 14.0556 18.1379 13.7527 13.1657 17.4077 11.7543 11.1816 16.7034 15.0097 11.3819 10.3732 10.1956 10.1529 17.073 11.7563
threshold=0.33333020365889848 0.13976744186046514 0.69822874546007829 -0.40902127254528958 0.10676291793313065 0.037749287749287708 12.500000000000002 5.5000000000000009 0.83731859603418179 0.17712418300653593 0.27466150870406197 -0.78692006128443626 -3.4999999999999996 0.064641454726985306 0.075961538461538455 -0.36111111111111099 0.11952380952380952 7.5000000000000009 0.24357284113381675 0.13245614035087719 8.5000000000000018 0.54195804195804198 0.12861869313482219 0.1065714285714288 1053.5000000000002 4.5000000000000009 0.51408613344373466 8.5000000000000018 0.43614505059844116 0.56581250000000016
decision_type=2 2 2 2 2 2 2 2 2 2 2 2 2 2 2 2 2 2 2 2 2 2 2 2 2 2 2 2 2 2
left_child=1 3 4 10 6 -4 8 13 -2 15 25 -9 -12 -5 -15 16 -6 18 -3 -20 -10 22 23 -7 -23 -1 -17 29 -29 -11
right_child=2 17 5 7 9 21 -8 11 20 27 12 -13 -14 14 -16 26 -18 -19 19 -21 -22 24 -24 -25 -26 -27 -28 28 -30 -31
leaf_value=-0.020910801174669612 0.0020423411888225063 0.0062115885070311338 -0.0032665312373045723 -0.0055218307784360788 0.01718496318253562 0.0086614914233396519 -0.0039407210010400755 0.0015720365045675795 0.024326883504739917 0.013190307527909449 0.1235568789130779 -0.012212803386679322 0.0024665161132791402 -0.010173065820485822 0.012939761179817582 0.0028650327276252704 0.13431324367358322 -0.003120140172403829 0.037068503822272468 -0.027470628247429619 0.0039786027396916711 -0.02098238224689709 0.033312437522582061 0.029208287680092017 0.033215746932311351 -0.012417192423879279 0.018178896267558711 0.0071075844392368102 0.07830335983406464 0.051313125647034538
leaf_weight=191.4941769875586 270.27355225756764 162.9751665070653 45.81782241910696 195.78219637274742 3.558252401649951 158.25729080289602 285.56701520085335 85.145800765603781 67.02039672806859 37.327891245484352 1.3469058535993101 358.4423218742013 2.5869338214397422 38.908325657248497 107.30339474603534 143.09091518819332 1.7876950427889822 126.86434619128704 25.977972146123651 4.3980801254510871 41.290148053318262 3.6870931461453429 43.659465380012989 40.107634395360947 64.351977132260799 399.16313488036394 53.854403235018253 4.9377126544713956 7.8519127145409584 9.0441347733139974
leaf_count=3506 3047 1782 478 3030 41 1393 3408 1340 655 292 21 5936 41 555 1494 1636 20 1559 239 42 439 25 346 350 391 6845 531 42 60 82
internal_value=-0.000414657 -0.00685813 0.00813511 -0.00950615 0.00488107 0.0165985 0.00183893 -0.00551457 0.00619853 0.0126088 -0.0147799 -0.00956683 0.0439266 -0.000258522 0.00678922 0.00835544 0.0563529 0.0045552 0.00959126 0.027724 0.0165697 0.0195339 0.0165133 0.0128159 0.0302787 -0.0151709 0.00705259 0.0271523 0.0508167 0.0206256
internal_weight=2981.87 1700.39 1281.49 1380.17 925.604 355.881 664.151 785.582 378.584 261.453 594.591 443.588 3.93384 341.994 146.212 202.291 5.34595 320.216 193.351 30.3761 108.311 310.063 242.024 198.365 68.0391 590.657 196.945 59.1617 12.7896 46.372
internal_count=39626 26390 13236 22768 10253 2983 7549 12355 4141 2704 10413 7276 62 5079 2049 2228 61 3622 2063 281 1094 2505 2089 1743 416 10351 2167 476 102 374
is_linear=0
shrinkage=0.03


Tree=27
num_leaves=31
num_cat=0
split_feature=9 10 10 9 40 5 16 17 16 27 41 9 24 28 12 17 40 10 3 24 15 32 27 9 24 16 31 42 16 16
split_gain=149.992 53.9994 40.271 24.4088 24.1278 23.0647 22.7442 20.6733 27.6007 17.9161 24.7596 15.9357 15.2837 14.4991 14.1102 14.0855 13.7178 14.0163 13.478 13.2811 22.2891 18.2294 13.119 12.6879 14.5806 12.0893 14.9798 14.4226 12.0264 11.5483
threshold=0.33333020365889848 0.11583184257602856 0.098780487804878067 0.69822874546007829 -0.4602406918887717 -0.36359221420545768 0.076923076923076969 -0.30555555555555541 0.24103535353535352 0.094494047619047616 0.47755193355083381 0.19205437573461573 47.000000000000007 -0.27499999999999991 -1.0000000180025095e-35 0.3388278388278389 -2.0546034976031589 0.065942028985507203 0.081344539921755457 77.500000000000014 7.5000000000000009 1.0000000180025095e-35 0.10762548262548262 0.48951309593747389 17.500000000000004 0.40000000000000008 4.5000000000000009 1163.5000000000002 0.84860139860139883 0.74368686868686884
decision_type=2 2 2 2 2 2 2 2 2 2 2 2 2 2 2 2 2 2 2 2 2 2 2 2 2 2 2 2 2 2
left_child=1 5 4 22 13 6 19 -3 11 16 14 -9 -6 -2 -11 -8 17 -7 -12 21 -21 -1 -4 28 -25 26 -15 -27 -24 -17
right_child=2 7 3 -5 12 9 15 8 -10 10 18 -13 -14 25 -16 29 -18 -19 -20 20 -22 -23 23 24 -26 27 -28 -29 -30 -31
leaf_value=-0.00059267559730025871 0.0024637613514393039 -0.014664449191049991 0.0056621891907329101 0.020830198394226385 -0.00021752623279987777 -0.0013137940983473512 -0.015325037120843044 0.059347094509826302 0.0035489749069114538 0.076809201581508377 -0.0074215333355617001 0.01134243120423196 -0.017286559905262674 0.030652189318837748 -0.032339998249919975 0.063119544278241208 -0.0096147422030853739 0.10173190979737164 0.0066635532723102681 -0.0016507344077010284 0.14747172059333849 0.12040790925879745 0.0051210179643820684 0.053799914621963298 0.018944124581669719 -0.011984799701055104 0.0043262707894891677 0.03401337164764201 0.066794984309704972 0.00046617517490528512
leaf_weight=22.87465804070235 138.32415476068854 51.102367799729109 330.70438357070088 228.93694350123405 283.54901864379644 2.905401434749364 551.63709984719753 12.891545046120884 367.42798279598355 5.7633315399289131 121.28356011211872 12.03269926458597 56.643231797963381 61.135862458497286 1.3078363984823216 3.1491997502744224 386.40409261733294 2.0097887478768826 123.30730846524239 1.9629266373813146 1.6691857203841207 1.1782911606132973 65.007380537688732 13.75413343310356 50.307835288345814 22.540391273796562 28.531148128211498 8.4290134571492654 2.9758704714477053 16.626679055392742
leaf_count=384 1631 681 3306 1682 3428 45 9946 145 4426 85 1991 136 694 675 20 52 6210 28 1784 31 26 18 610 113 425 265 322 94 30 290
internal_value=0.00019062 -0.00570296 0.00788626 0.0128179 0.00219291 -0.00891142 -0.0131466 0.00328367 0.00562135 -0.0049653 0.00127924 0.0361718 -0.00305958 0.00909303 0.0566217 -0.0144332 -0.00898124 0.0408209 -0.00032072 0.0134092 0.0668805 0.00533483 0.00885403 0.0168479 0.0264277 0.0166943 0.0222755 0.000534627 0.00782071 0.0104434
internal_weight=2976.37 1685.53 1290.84 691.687 599.153 1242.08 599.098 443.455 392.352 642.981 251.662 24.9242 340.192 258.961 7.07117 571.413 391.319 4.91519 244.591 27.6851 3.63211 24.0529 462.75 132.045 64.062 120.636 89.667 30.9694 67.9833 19.7759
internal_count=39573 26298 13275 6166 7109 20910 10747 5388 4707 10163 3880 281 4122 2987 105 10288 6283 73 3775 459 57 402 4484 1178 538 1356 997 359 640 342
is_linear=0
shrinkage=0.03


Tree=28
num_leaves=31
num_cat=4
split_feature=22 9 22 22 9 5 41 1 5 40 37 42 1 1 22 3 3 0 17 1 27 9 2 15 14 4 1 40 6 40
split_gain=187.235 59.5794 42.2821 25.4072 22.9485 19.5067 17.994 17.8098 17.1335 18.1799 14.5454 13.9777 13.1973 12.5097 15.5851 12.2236 14.9946 13.9818 12.0169 11.6391 11.7431 10.6616 10.3556 10.332 10.3054 13.3297 10.244 9.92441 10.9013 9.56189
threshold=0 0.20971084832688708 1 2 0.14266541696294563 0.69131795706240284 1.8443641254172063 5.5000000000000009 0.23622954822415695 0.068476410084302317 14.500000000000002 1071.5000000000002 7.5000000000000009 6.5000000000000009 3 -3.0188489230955571 0.44427787260267287 1900.0000000000002 -0.30555555555555541 8.5000000000000018 0.24357284113381675 0.50209241040035424 134.50000000000003 -20.499999999999996 -11.499999999999998 -0.10683271153483938 2.5000000000000004 -1.9766829538224389 0.075961538461538455 -1.5968589607293653
decision_type=9 2 9 9 2 2 2 2 2 2 2 2 2 2 9 2 2 2 2 2 2 2 2 2 2 2 2 2 2 2
left_child=2 11 5 7 19 18 -7 8 29 -10 15 -2 -12 14 -13 17 -17 -6 -1 20 -4 -9 -14 -23 25 -20 -26 28 -15 -3
right_child=1 3 4 -5 10 6 -8 21 9 -11 12 13 22 27 -16 16 -18 -19 24 -21 -22 23 -24 -25 26 -27 -28 -29 -30 -31
leaf_value=-0.0092692365261602232 -0.018978080924917495 -0.029455302484573925 0.00028468811739868887 -0.01016927726043274 0.054900075572287842 0.030215636645664408 0.00011347096272519666 -0.0069393602634654251 0.025070664101458015 -0.00058560099509757403 0.0067464215608610935 0.001390637230507174 -0.012822628436646583 0.055191352776297303 -0.011872817365418481 0.0039315128087053222 0.016502692950685061 -0.034194590781280683 0.093606254496856472 -0.011193380738313146 0.053477728145942996 0.072662589423816759 0.034754295603890414 0.0035859319094863769 0.021657320137993853 0.015912303812437929 0.0097779724742786608 -0.01528762062934624 -0.021834474203284365 0.0033098804422146614
leaf_weight=23.382268372923136 218.4575333148241 8.5817862562835199 207.13168849423528 178.2696102373302 10.073758441954849 104.23533309996128 21.570579424500465 178.05122828111053 79.25663822889328 36.21469884365797 119.75355846807361 148.37854778394103 64.075766440480947 3.7884102985262862 166.75345966219902 176.34911982342601 165.56476331874728 1.8813199102878559 3.2241316437721252 99.738899987190962 3.8038197122514239 1.9829387962818135 4.4001747369766226 113.13512955978513 81.68120027706027 5.1811753064393979 326.40524461865425 299.11481777206063 2.9346737191081047 121.59930226206779
leaf_count=251 3980 108 2933 2625 109 675 145 2534 800 384 1347 2491 830 68 2875 2030 1525 19 23 1574 45 23 51 1326 632 40 2985 5563 50 1532
internal_value=0.000182441 -0.0069816 0.00803636 -0.000676117 0.00370838 0.0143831 0.0250543 0.00260509 0.0086118 0.0170242 0.00747745 -0.0124513 0.000739593 -0.0101552 -0.00596041 0.0110614 0.0100188 0.0408796 0.0116581 -0.00274895 0.00124392 -0.0023392 -0.0097654 0.0047758 0.012833 0.0457144 0.0121557 -0.0144774 0.021569 0.00114994
internal_weight=2974.97 1556.52 1418.45 717.091 852.773 565.68 125.806 538.822 245.652 115.471 542.098 839.427 188.229 620.97 315.132 353.869 341.914 11.9551 439.874 310.674 210.936 293.169 68.4759 115.118 416.492 8.40531 408.086 305.838 6.72308 130.181
internal_count=39573 24359 15214 9332 10463 4751 820 6707 2824 1184 5911 15027 2228 11047 5366 3683 3555 128 3931 4552 2978 3883 881 1349 3680 63 3617 5681 118 1640
cat_boundaries=0 4 8 11 14
cat_threshold=1613111297 272636163 2147631616 4 0 2304 131072 4 2147484290 1711391744 536879105 2147484160 1124188672 22020161
is_linear=0
shrinkage=0.03


Tree=29
num_leaves=31
num_cat=5
split_feature=22 9 22 22 9 5 1 41 5 40 16 42 13 41 13 16 17 22 3 42 7 3 42 37 16 1 22 4 41 1
split_gain=176.234 57.0558 39.0933 24.1265 21.4512 17.8482 16.6359 16.3836 15.7849 16.5606 13.9753 13.6735 13.5326 12.4804 12.4189 11.4063 23.3172 11.5879 11.3855 11.642 11.5635 10.7403 10.4704 21.9624 10.4298 10.0531 17.1655 10.0201 13.5053 9.94977
threshold=0 0.20971084832688708 1 2 0.14266541696294563 0.69131795706240284 5.5000000000000009 1.8443641254172063 0.23622954822415695 0.068476410084302317 0.56316738816738832 1066.5000000000002 -0.54999999999999971 0.50065258115036804 -0.25999999999999984 0.16363636363636366 -0.17059329559329553 3 0.60431598190411517 1175.5000000000002 0.17445652173913043 -4.4999357161218878 1181.5000000000002 3.5000000000000004 0.71469502719502731 4.5000000000000009 4 0.22884437356009577 1.7418376212582765 3.5000000000000004
decision_type=9 2 9 9 2 2 2 2 2 2 2 2 2 2 2 2 2 9 2 2 2 2 2 2 2 2 9 2 2 2
left_child=2 11 5 6 10 14 8 24 -3 -10 27 -2 18 -14 29 16 17 -13 20 -20 -6 -15 -8 -24 -7 26 -17 -4 -29 -1
right_child=1 3 4 -5 12 7 22 -9 9 -11 -12 15 13 21 -16 25 -18 -19 19 -21 -22 -23 23 -25 -26 -27 -28 28 -30 -31
leaf_value=0.016297458604536505 -0.019183077936471719 0.0011135424081019066 -0.0015433125937942978 -0.0099628571661483124 0.026061620912031947 0.031992062853937492 -0.0053457439745266209 0.00011005918904038838 0.023849574003433949 -0.00056829662402021824 -0.010040395100250786 0.011674233243439039 -0.020554235911738623 0.046514541799687392 0.017363463385592335 0.0028846630746592107 0.094659917183376976 -0.01136516834518929 0.0020550032528359576 0.030308439061196804 -0.0082163151211480726 0.010675726410581484 0.059514579209108499 0.002399040658204107 0.0011582984630687575 -0.014259145650057869 -0.014436937794042794 0.023215373328836855 -0.014115487752657089 0.0034512726538950193
leaf_weight=75.919159401208162 194.23759159445763 130.30618758872151 128.77952232211828 176.73498975113034 9.6830692887306196 95.068903625011444 226.30068405717611 21.572071500122547 80.790972106158733 36.198150549083948 132.60848151519895 25.417827278375626 11.316200416535137 7.6907766535878173 177.34745154157281 103.00121478363872 2.3571946099400511 34.461176529526711 42.840015556663275 18.924091957509518 103.86059113964438 350.7973210811615 6.7457985095679751 59.528009831905365 11.017611138522623 379.00993705540895 91.879550810903311 37.146835222840309 11.398106899112461 190.23283968865871
leaf_count=599 3604 1640 1863 2625 129 599 3030 145 800 384 1985 422 126 75 1532 1726 33 581 417 176 1226 3762 72 781 76 7073 1588 540 164 1800
internal_value=0.000172655 -0.00681999 0.00775088 -0.000662172 0.003586 0.0138169 0.00252041 0.0239434 0.00829519 0.0162943 -0.00267381 -0.0122163 0.00721091 0.0104654 0.0112135 -0.0100891 0.00210969 -0.00153364 0.000345685 0.0107117 -0.00529307 0.0114446 -0.0022745 0.00821265 0.0287898 -0.011412 -0.00587466 0.00283515 0.0144503 0.00711561
internal_weight=2973.17 1546.97 1426.2 716.605 855.045 571.158 539.87 127.659 247.295 116.989 309.933 830.364 545.112 369.804 443.499 636.127 62.2362 59.879 175.308 61.7641 113.544 358.488 292.574 66.2738 106.087 573.891 194.881 177.324 48.5449 266.152
internal_count=39573 24359 15214 9332 10463 4751 6707 820 2824 1184 4552 15027 5911 3963 3931 11423 1036 1003 1948 593 1355 3837 3883 853 675 10387 3314 2567 704 2399
cat_boundaries=0 4 8 11 13 16
cat_threshold=1613111297 272636163 2147631616 4 0 2304 131072 4 2147484290 1711391744 536879105 1048584 100745224 2147484168 50446336 22020161
is_linear=0
shrinkage=0.03


Tree=30
num_leaves=31
num_cat=4
split_feature=9 10 23 9 5 26 1 3 23 17 41 23 1 6 37 23 42 1 28 8 5 12 8 5 5 6 40 27 12 7
split_gain=145.072 42.4897 32.9617 29.4229 25.6319 24.2323 20.3611 17.3262 17.8147 19.1471 16.8561 16.7434 15.7774 22.0891 15.5089 13.2223 13.0597 12.055 11.5097 11.507 11.3525 11.285 11.2264 11.0669 10.1658 10.0122 12.932 10.7894 11.9179 9.76745
threshold=0.33333020365889848 0.13245614035087719 0 0.67482980392603931 -0.64000159666860512 0.037749287749287708 8.5000000000000018 0.9644044795297404 1 0.51617826617826634 0.59785165581414168 2 2.5000000000000004 0.10762548262548262 10.500000000000002 3 1322.5000000000002 6.5000000000000009 0.49900000000000011 0.19702281156327803 0.11432426094385072 0.13800000000000004 0.24004546130238355 -0.43596333027894152 -0.40013988375138354 0.54195804195804198 0.2130537386869514 0.12861869313482219 0.16048780487804884 0.20881782945736432
decision_type=2 2 9 2 2 2 2 2 9 2 2 9 2 2 2 9 2 2 2 2 2 2 2 2 2 2 2 2 2 2
left_child=1 2 16 6 -4 -5 7 8 22 -10 18 14 13 -3 -9 -8 19 -12 -6 -1 -21 23 -2 -14 -25 27 -27 -7 -29 -13
right_child=3 12 4 5 10 25 15 11 9 -11 17 29 21 -15 -16 -17 -18 -19 -20 20 -22 -23 -24 24 -26 26 -28 28 -30 -31
leaf_value=-0.014887456951333755 0.0012351649331793933 0.02643959059527563 -0.012039636664782293 -0.0052667642872935294 0.014997715418519242 0.011399847555026847 -0.013928922046125116 0.042933335482736534 0.0076946282846556179 0.049028978630310575 0.0031455417288769366 0.02583089024302054 -0.0058794677138160108 -0.017740178443374322 0.015106440294045786 0.001109203442295882 0.079544135173544708 -0.006655630149031872 0.076309887386921627 -0.0094201838907067605 0.034163606598022637 -0.0087743914020378452 -0.015810201392081474 0.060112109757062264 0.0082604300031770567 0.033838600746464158 0.0038871164252072912 0.032917780224707344 -0.0080997813728393552 -0.0011409333991466044
leaf_weight=584.72873232513666 139.28979305177927 48.684378832578659 242.6816483810544 51.045954167842865 29.728272803127766 221.61301727592945 58.588280037045479 35.667801767587662 287.77885270863771 10.452418372035025 233.13534234464169 15.065131567418574 61.26635393127799 12.879924263805149 36.443861503154039 225.43934450298548 1.3442353531718243 219.06724210828543 3.0370924659073344 14.529997233301403 8.5402261428534967 83.737740274518728 46.346214968711138 3.5037662312388411 118.30935767292976 55.289637394249439 16.951743446290493 42.737588532269001 7.4931090399622908 61.061097696423531
leaf_count=10404 1565 461 4357 531 452 1885 720 308 3057 104 3427 156 720 132 361 2682 23 3646 47 239 120 1143 504 35 1182 322 106 324 60 586
internal_value=-0.000284504 -0.00616184 -0.00853699 0.00717913 -0.00402478 0.0140218 0.00422785 0.00722582 0.00447669 0.00884668 -9.70729e-05 0.0161993 0.00350704 0.0171967 0.0253542 -0.00244417 -0.0136371 -0.00160259 0.0206809 -0.0140675 0.00671384 0.000348342 -0.00286602 0.00452094 0.00975186 0.0168833 0.0268104 0.0142453 0.026799 0.00370943
internal_weight=2976.44 1665.17 1336.79 1311.26 727.65 395.131 916.133 632.105 483.867 298.231 484.968 148.238 328.382 61.5643 72.1117 284.028 609.143 452.203 32.7654 607.799 23.0702 266.817 185.636 183.079 121.813 344.085 72.2414 271.844 50.2307 76.1262
internal_count=39659 26388 22715 13271 11929 3228 10043 6641 5230 3161 7572 1411 3673 593 669 3402 10786 7073 499 10763 359 3080 2069 1937 1217 2697 428 2269 384 742
cat_boundaries=0 4 8 12 16
cat_threshold=137117824 536887296 2151680512 32 25182336 2180096 2151677956 32 151527552 134300672 4194308 32 3014656 17408 512 32
is_linear=0
shrinkage=0.03


Tree=31
num_leaves=31
num_cat=6
split_feature=22 3 22 7 22 37 1 1 41 1 17 22 1 16 42 16 5 42 22 21 14 14 5 2 2 28 28 40 17 0
split_gain=145.854 52.5883 44.4217 31.975 31.328 22.5718 17.9323 17.4074 16.4704 16.4596 15.8938 15.2781 15.7512 15.2221 13.9807 13.9504 13.9062 12.0003 11.9479 11.7451 14.0916 11.553 11.3368 13.4319 11.2455 10.1604 14.316 10.0253 19.8215 15.0099
threshold=0 0.42372718562425066 1 0.55777777777777793 2 17.500000000000004 6.5000000000000009 8.5000000000000018 0.52824983302892481 4.5000000000000009 0.50036075036075056 3 6.5000000000000009 0.19813519813519817 1183.5000000000002 0.20716783216783211 0.37490229999951186 1127.5000000000002 4 5 -9.4999999999999982 17.500000000000004 -0.68475681778253827 134.50000000000003 119.50000000000001 0.083602150537634409 -0.48047619047619045 -0.13877456226830173 0.3888888888888889 1500.0000000000002
decision_type=9 2 9 2 9 2 2 2 2 2 2 9 2 2 2 2 2 2 9 1 2 2 2 2 2 2 2 2 2 2
left_child=2 4 9 7 -2 8 13 19 25 21 16 12 -10 17 -12 -7 -11 -6 -15 -4 -21 -1 -8 -24 -18 26 -3 28 -5 -30
right_child=1 5 3 27 6 15 22 -9 11 10 14 -13 -14 18 -16 -17 24 -19 -20 20 -22 -23 23 -25 -26 -27 -28 -29 29 -31
leaf_value=0.020903964752833265 -0.020919947776563624 0.078113033262894399 -0.0010146242981071254 0.016061607462975795 0.023989061222674392 0.0097146137671688445 -0.019232569927050781 -0.0064795025588126861 0.019405758941870466 0.0024020037722654801 0.044307520144202611 -0.0044825968952447379 0.0016456561766415901 0.0050601368636504981 -0.026128017634698027 -0.015183432920239029 0.044501933110499534 -0.0016453038393277174 -0.0084775528591166435 0.03961108791847822 0.0060411375829008693 -0.015874266830367398 -0.0098209587028846076 0.032453630455120397 0.012472109771518747 0.11524692415066656 -0.033269564861485038 0.0065932598213913826 0.026504929712929965 0.095059578855655608
leaf_weight=208.30824322998524 212.63904751092196 2.4239862114191051 319.51533469930291 70.408583205193281 29.139734875410795 26.685789685696363 142.67991245537996 260.37397928908467 95.014731720089912 197.70053494721651 17.875198684632782 87.888217270374298 85.283846255391836 68.374684046953917 2.9555757343769065 84.025049593299627 10.874227315187452 37.699326727539301 297.30926616489887 11.781207121908663 251.39807654172182 7.9815008342266074 246.60559478402138 6.9550480730831614 106.33237127959728 1.8127964623272417 1.8170807100832456 70.256612926721573 6.1661164909601194 5.3843984156847
leaf_count=1485 4088 30 4136 593 413 336 2692 3739 1071 1884 132 1157 1146 1065 22 1159 72 527 4766 117 3113 70 4212 113 777 20 22 622 44 36
internal_value=-0.000279738 -0.00717293 0.00608165 0.00223169 -0.0107255 0.00225133 -0.00776372 -3.07034e-05 0.00686695 0.0128598 0.00893487 0.00576235 0.0104267 -0.00363365 0.0343138 -0.009182 0.00725608 0.00953048 -0.00603976 0.00285091 0.00754389 0.0195468 -0.0124679 -0.00866139 0.0154438 0.0558008 0.0303913 0.0149089 0.0220372 0.0584624
internal_weight=2973.67 1426.35 1547.31 995.284 1041.4 384.951 828.764 843.069 274.241 552.028 335.738 268.187 180.299 432.523 20.8308 110.711 314.907 66.8391 365.684 582.695 263.179 216.29 396.241 253.561 117.207 6.05386 4.24107 152.216 81.9591 11.5505
internal_count=39659 22817 16842 12400 17876 4941 13788 11105 3446 4442 2887 3374 2217 6771 154 1495 2733 940 5831 7366 3230 1555 7017 4325 849 72 52 1295 673 80
cat_boundaries=0 4 8 11 14 17 18
cat_threshold=19275779 306187521 33685504 4 262144 268437760 0 4 1049600 28 5242884 1073742856 604061696 2147492421 2684354560 33280 16794112 2
is_linear=0
shrinkage=0.03


Tree=32
num_leaves=31
num_cat=5
split_feature=9 10 23 26 9 5 1 17 40 37 24 23 20 1 6 24 16 23 27 42 13 9 8 23 27 42 17 12 16 5
split_gain=130.736 38.4023 31.6239 26.4686 28.115 24.053 15.3089 19.5136 18.165 16.0705 14.7435 14.5605 14.2663 13.9997 20.1051 13.0786 14.2988 12.9737 11.9528 11.8036 11.7948 11.6493 11.0033 10.9979 10.845 10.762 11.8324 11.3673 11.0933 10.3496
threshold=0.33333020365889848 0.13245614035087719 0 0.039230769230769208 0.67482980392603931 -0.64000159666860512 1.5000000000000002 0.51617826617826634 -0.35237073346015707 12.500000000000002 17.500000000000004 1 2 2.5000000000000004 0.10762548262548262 76.500000000000014 0.15151515151515157 3 0.13976744186046514 1322.5000000000002 0.69300000000000006 0.43212234540288536 0.19702281156327803 4 0.059411764705882351 1069.5000000000002 -0.34060384060384047 -0.54572727272727251 0.23055555555555554 0.11432426094385072
decision_type=2 2 9 2 2 2 2 2 2 2 2 9 9 2 2 2 2 9 2 2 2 2 2 9 2 2 2 2 2 2
left_child=1 2 19 10 6 -4 9 8 -8 20 17 15 23 14 -3 16 -12 -2 -19 22 -5 -20 -1 -7 -14 27 -27 -15 -28 -24
right_child=3 13 5 4 -6 12 7 -9 -10 -11 11 -13 24 25 -16 -17 -18 18 21 -21 -22 -23 29 -25 -26 26 28 -29 -30 -31
leaf_value=-0.014499596281255016 -0.005074280792320203 0.024551733115709386 -0.01163341745865157 0.026263166078974796 0.015710274650212897 0.0039617422035430018 0.0080593609285546999 0.026916257189748282 -0.0020430104636100037 0.001909649914916917 0.04616013133299187 -0.012614274308831304 -0.0079645710697384929 0.062247986574370487 -0.017598214692598042 -0.033093781073810613 0.0040779277523935046 0.020284518849430635 0.12617785850851732 0.07255531658644486 0.086501527836457884 0.031657835141388341 -0.009093349795987006 -0.0058852675324247705 0.020227783470126073 -0.018846408946618046 0.03192491179828208 -0.012827727240913134 0.0038361262122557187 0.032267117985085962
leaf_weight=573.05132986977696 28.537568870931864 50.07372672483325 238.24464577063918 37.479864355176687 349.66909398511052 157.3852525241673 311.57941272854805 31.87049500644207 329.68710185959935 29.612101506441832 8.6716678291559202 112.19811047613621 16.091314237564802 1.8706634417176236 12.785392023622988 6.8628250770270816 44.856084883213043 22.441245269030336 2.0674251429736605 1.4319175221025933 3.1730898842215529 2.7141701690852642 14.340698406100275 258.00328500941396 51.851572994142771 19.177768096327782 13.662026993930338 61.114394526928663 171.55526927858591 8.777712304145096
leaf_count=10404 353 461 4357 304 2693 2420 3241 322 3637 287 101 1366 262 19 132 85 530 275 24 23 26 27 239 4100 790 249 143 717 1952 120
internal_value=-0.00027681 -0.00590974 -0.00820007 0.0067543 0.00869493 -0.00377958 0.00539517 0.00400425 0.00286554 0.0187201 -0.00253517 -0.00686808 1.3548e-05 0.00323922 0.0159785 0.00505875 0.0108954 0.010876 0.0215459 -0.0132526 0.030965 0.0725256 -0.013681 -0.00214894 0.0118123 0.0002443 0.00358538 -0.010598 0.00590802 0.0066106
internal_weight=2970.84 1649.42 1319.18 1321.42 1093.07 721.576 743.402 673.137 641.267 70.2651 228.349 172.589 483.331 330.239 62.8591 60.3906 53.5278 55.7604 27.2228 597.602 40.653 4.7816 596.17 415.389 67.9429 267.38 204.395 62.9851 185.217 23.1184
internal_count=39659 26388 22715 13271 10510 11929 7817 7200 6878 617 2761 2082 7572 3673 593 716 631 679 326 10786 330 51 10763 6520 1052 3080 2344 736 2095 359
cat_boundaries=0 4 7 8 12 15
cat_threshold=137117824 536887296 2151680512 32 147324928 134235136 2151680000 2156 17195136 134235136 2688548864 32 4325440 66560 256
is_linear=0
shrinkage=0.03


Tree=33
num_leaves=31
num_cat=8
split_feature=22 9 9 22 1 23 3 27 23 9 24 16 28 3 12 3 27 16 23 3 16 42 13 14 27 22 16 12 23 23
split_gain=138.128 44.559 39.1911 23.3962 21.4747 18.7382 17.5068 16.1569 20.1155 17.9828 16.7906 13.9939 15.9579 15.5957 12.9667 12.7898 13.3188 12.7448 12.9925 12.2807 12.9406 11.7741 11.5355 11.5936 11.4085 11.1226 11.0901 10.9591 10.8736 10.2746
threshold=0 0.13579691702882554 0.31003044343377523 1 5.5000000000000009 2 -0.4486502076731676 0.088562091503267909 3 0.65082059502261702 28.500000000000004 0.44408184408184409 -0.11999999999999993 0.28390519401773245 0.97900000000000009 1.7565240835057507 0.14142857142857143 0.64808339808339821 4 0.72596856504712282 0.81827894327894335 1071.5000000000002 -0.86299999999999988 -1.4999999999999998 0.17974358974358975 5 0.12838827838827838 -0.46999999999999981 6 7
decision_type=9 2 2 9 2 9 2 2 9 2 2 2 2 2 2 2 2 2 9 2 2 2 2 2 2 9 2 2 9 9
left_child=2 -2 3 17 5 19 -7 8 9 21 -11 12 13 -5 15 -9 -17 22 -19 26 -21 -4 23 -1 -8 -6 -3 -24 -13 -27
right_child=1 4 7 11 25 6 24 14 -10 10 -12 28 -14 -15 -16 16 -18 18 -20 20 -22 -23 27 -25 -26 29 -28 -29 -30 -31
leaf_value=0.096776458443521923 -0.012968356546343396 0.017909147345985376 -0.013804089414226653 0.0049150163016912071 -0.015664903465905315 -0.0051174026730038888 0.013162614773928457 0.014237106944646078 0.0011468024980240846 0.032557546878650145 0.007621541454494115 -0.010823088953014631 -0.0073529451618469244 0.033033734001699115 -0.025363169044404308 0.051224220013294984 0.0018224164981532568 0.011002473087084708 -0.010966640537947369 0.0062987166797634142 0.091676926063985087 0.010345776158200476 0.027380472886796698 0.026234884324476508 0.042864717144805262 0.0026555767145314082 -0.013659915155524302 0.0067979446991509561 0.00027066945625864059 -0.0082148997650614407
leaf_weight=2.5234522819519034 634.9045884758234 11.263466496020554 22.149257235229015 66.954225234687328 86.644060332328081 47.82468630746007 118.23817745223641 334.85409251973033 287.53672716021538 63.395376078784466 39.410959377884865 196.6984487734735 62.071128480136395 24.15748156607151 7.0394066497683516 16.998694807291034 6.9074428975582114 33.43400265276432 45.238079432398081 33.862977493554354 1.6768494844436634 101.11912851035595 28.480564195662737 12.403997804969547 12.909143552184103 133.35054362937808 90.358546990901232 127.55336511880159 137.68017878010869 173.02960746735334
leaf_count=26 12019 156 221 1056 1363 662 1349 2838 2761 467 282 3133 917 322 73 110 48 338 460 379 19 1017 312 122 138 1859 1299 1218 2088 2495
internal_value=-6.44352e-05 -0.00714228 0.00582829 0.000762607 -0.00202695 0.00379391 0.00986883 0.010141 0.00670934 0.0131517 0.0229983 -0.00306787 0.00437835 0.0123705 0.0149594 0.0157506 0.0369501 0.00804459 -0.00162567 -0.00452257 0.0103271 0.00600645 0.0129652 0.0381598 0.0160863 -0.00670903 -0.0101609 0.0105548 -0.00657082 -0.00354918
internal_weight=2960.67 1344.06 1616.61 737.195 709.158 316.134 178.972 879.411 513.611 226.075 102.806 487.561 153.183 91.1117 365.8 358.76 23.9061 249.633 78.6721 137.162 35.5398 123.268 170.961 14.9275 131.147 393.024 101.622 156.034 334.379 306.38
internal_count=39547 21738 17809 9992 9719 4002 2149 7817 4748 1987 749 7516 2295 1378 3069 2996 158 2476 798 1853 398 1238 1678 148 1487 5717 1455 1530 5221 4354
cat_boundaries=0 4 8 12 15 18 21 24 28
cat_threshold=1630150787 306187523 35668480 4 553648128 268437505 0 4 10903680 18890752 2147485696 32 134873088 553714688 2308 134881408 151011328 256 1048576 16810012 21102596 27672704 151077888 4196416 16916672 66560 2304 32
is_linear=0
shrinkage=0.03


Tree=34
num_leaves=31
num_cat=10
split_feature=22 5 5 22 22 1 23 27 23 41 5 16 27 23 12 17 23 8 37 16 23 15 5 5 23 28 3 15 23 27
split_gain=130.254 42.4379 34.3714 23.0474 21.2677 19.4607 19.4412 18.7292 21.9593 17.5299 14.7405 14.5761 14.0963 13.8088 21.9994 13.6225 13.5246 14.6516 13.4717 12.5694 12.2203 17.0931 12.1414 12.1006 14.5666 11.9118 11.5001 11.4051 10.665 15.7966
threshold=0 0.27853025126625758 0.052675632387426209 1 2 6.5000000000000009 3 0.086335403726708074 4 1.2874087169488491 0.75101720487402501 0.14154040404040408 0.19782608695652179 5 0.38027777777777788 -0.11904761904761894 6 0.48144984144088476 17.500000000000004 0.19813519813519817 7 -12.499999999999998 0.41043573518399229 -1.0250483184973127 8 0.42462121212121212 1.4815929285219405 8.5000000000000018 9 0.15954545454545457
decision_type=9 2 2 9 9 2 9 2 9 2 2 2 2 9 2 2 9 2 2 2 9 2 2 2 9 2 2 2 9 2
left_child=2 4 3 28 -2 6 27 8 9 10 -4 20 16 14 -9 -8 19 -18 -17 -5 21 -6 -16 -13 -25 26 -15 -3 29 -1
right_child=1 5 7 12 11 -7 15 13 -10 -11 -12 23 -14 25 22 18 17 -19 -20 -21 -22 -23 -24 24 -26 -27 -28 -29 -30 -31
leaf_value=-0.019556975809357838 -0.018641978108615325 -0.011171500160176196 0.016718376166211205 0.021072960886157132 0.078576094486799627 -0.005376989133760013 -0.0054343943828751512 -0.0021270513396344768 0.00050653322942610039 0.0070463446326362129 0.045341095228559912 -0.015813979388366071 0.02271830102288715 0.019046642520636033 0.11736294667228787 0.030099476678591388 -0.0083348680886086417 0.032804874951869289 0.0027499211878070483 -0.0002255724072499176 -0.0057416053709054421 0.012757531213451738 0.018141592198551305 -0.013148342662118022 -0.0028279453686121093 0.00065252270853035277 0.039156805976871899 0.017556747664709809 0.0095091266309385875 0.047256290687775628
leaf_weight=25.10405827686191 206.72131851315498 51.53565452247858 50.444184988737106 29.48457520827651 4.0564621351659289 153.17833202704787 18.129431057721376 65.374087952077389 268.61238371580839 110.05879322066903 23.848966173827648 175.09965623170137 19.312611136585474 198.19757407158613 2.1812325343489638 64.123391252011061 308.37719660997391 7.9931577593088141 21.692795567214489 161.71182058006525 44.79008286818862 28.50628624856472 2.2599190697073936 194.69659331440926 356.72818482294679 27.24360654130578 29.387030050158501 16.393504884094 289.70861952751875 3.6475289091467848
leaf_count=264 4081 621 506 400 63 2059 202 569 2657 999 167 3257 246 1766 23 672 4678 59 262 2298 672 425 20 3440 5800 238 195 184 2692 32
internal_value=-6.77722e-05 -0.00697815 0.00562764 0.00147504 -0.0100632 0.00239856 0.00932829 0.0102143 0.00627273 0.0138933 0.0259066 -0.00753148 -0.00239247 0.0157139 0.00197882 0.0165975 -0.00339506 -0.00707193 0.023186 0.00290686 0.00475519 0.0160331 0.0668733 -0.00894331 -0.00676159 0.0186667 0.0216434 -0.00369456 0.0077068 -0.00822136
internal_weight=2958.6 1335.65 1622.95 845.34 1010.6 325.053 171.875 777.608 452.964 184.352 74.2932 803.877 526.879 324.643 69.8152 103.946 507.567 316.37 85.8162 191.196 77.3528 32.5627 4.44115 726.524 551.425 254.828 227.585 67.9292 318.46 28.7516
internal_count=39547 21738 17809 10669 17738 4000 1941 7140 4329 1672 673 13657 7681 2811 612 1136 7435 4737 934 2698 1160 488 43 12497 9240 2199 1961 805 2988 296
cat_boundaries=0 4 8 11 15 18 21 24 28 32 35
cat_threshold=1630150787 306187523 35668480 4 553648128 2305 33554432 4 1049600 32796 4 9068544 16777216 4196928 32 134742016 553713664 4196612 136314880 553664512 2684357120 134750272 16777216 324 2244672 2098176 2684354624 32 10764288 536953856 2147485760 32 17039360 2097152 536873024
is_linear=0
shrinkage=0.03


Tree=35
num_leaves=31
num_cat=7
split_feature=9 10 16 26 27 26 37 31 23 1 23 9 28 1 41 23 16 1 23 39 14 23 23 40 8 4 16 42 23 13
split_gain=102.398 37.8276 22.02 21.6211 19.3329 24.1854 18.1973 16.6996 17.1036 16.1961 17.8543 16.1041 16.0956 15.0948 15.3089 14.2571 13.826 15.8946 13.6724 12.9429 11.7715 11.6073 11.3103 10.9736 19.9441 17.0028 10.6587 14.1294 10.3796 9.28466
threshold=0.33333020365889848 0.13976744186046514 0.50009712509712523 0.18274582560296848 0.19782608695652179 0.16496598639455778 19.500000000000004 1.5000000000000002 0 6.5000000000000009 1 0.0011523194400569002 0.91076254826254832 1.5000000000000002 2.2526306560367781 2 0.88484848484848488 10.500000000000002 3 0.050881269721550861 -7.4999999999999991 4 5 -1.0654556900519776 0.017354415140392803 0.22884437356009577 0.24242424242424246 1181.5000000000002 6 -0.63999999999999957
decision_type=2 2 2 2 2 2 2 2 9 2 9 2 2 2 2 9 2 2 9 2 2 9 9 2 2 2 2 2 9 2
left_child=1 2 7 6 11 -6 9 8 -1 10 -2 -4 -12 -5 26 16 17 -3 -11 29 -10 -13 -21 24 25 -8 27 -15 -28 -9
right_child=3 15 4 13 5 -7 23 19 20 18 12 21 -14 14 -16 -17 -18 -19 -20 22 -22 -23 -24 -25 -26 -27 28 -29 -30 -31
leaf_value=-0.00913637875770364 -0.00024581594459348343 0.018973604745114853 -0.01780772394025907 0.032295591230762671 0.0056874793937949798 0.10858011111675905 0.081651996805244306 -0.0010782751214640088 0.083967448862062519 -0.0060451386449504874 0.012364325954771818 -0.0004557203692303162 0.044302793579990556 0.012826870761508648 -0.026412521424203739 -0.0013023483834835334 -0.029559287325202448 -0.011030911927249342 0.0055071880618343862 0.0080913733049388457 0.015222445531501637 -0.011964220050568788 -0.0068652137506713829 -0.0073076474203691583 -0.0039520329449809844 0.0093469753101363441 -0.0048859285104713964 0.041271465069837629 0.011742143946186463 -0.011488102660367308
leaf_weight=32.899091091006994 125.09785695001483 104.33622170239687 270.24013062566519 33.125756159424782 18.214788485318426 2.3176299631595603 5.478034418076275 106.90097111836076 2.3234321177005759 133.14035969227552 306.83147740736604 130.72498284652829 14.890221059322355 48.726468071341515 9.5815723612904531 197.06204277649522 6.7934577837586394 18.74447325617075 251.64251698181033 90.816833790391684 63.780358672142029 226.77245349436998 73.517645329236984 166.39912613853812 26.384844835847616 6.285451628267765 41.27637205272913 23.200203351676464 142.35754684731364 276.72406360134482
leaf_count=591 1271 1064 5268 192 307 28 64 1931 38 1583 2843 2178 149 363 77 2240 73 219 2741 1277 1042 3910 1163 2004 299 70 337 165 1125 4935
internal_value=-7.1089e-05 -0.00513482 -0.00743645 0.00608457 -0.0113441 0.0173017 0.00403574 -0.00352088 0.00781839 0.00600749 0.00989266 -0.0122811 0.0134252 0.013202 0.0108165 0.00398362 0.0112391 0.0144041 0.00149594 -0.00556961 0.015321 -0.00810336 0.00147492 -0.00398058 0.0105317 0.0430181 0.0122123 0.0220018 0.00837793 -0.0085873
internal_weight=2956.59 1622.17 1295.23 1334.42 648.27 20.5324 1036.15 646.962 99.0029 831.602 446.82 627.738 321.722 298.268 265.142 326.936 129.874 123.081 384.783 547.96 66.1038 357.497 164.334 204.547 38.1483 11.7635 255.561 71.9267 183.634 383.625
internal_count=39547 26264 22668 13283 11691 335 11024 10977 1671 8587 4263 11356 2992 2259 2067 3596 1356 1283 4324 9306 1080 6088 2440 2437 433 134 1990 528 1462 6866
cat_boundaries=0 4 8 11 15 19 22 25
cat_threshold=2883712 17408 2684357188 32 14827520 0 2151678208 32 146939904 536888320 4194564 10764416 153108480 536871492 32 21495872 153092096 536871172 32 25296960 136381440 541066052 4849728 16777216 2684356608
is_linear=0
shrinkage=0.03


Tree=36
num_leaves=31
num_cat=6
split_feature=9 5 26 23 27 2 20 16 13 23 1 40 5 40 17 13 5 10 23 26 16 17 9 23 28 5 4 1 23 27
split_gain=106.761 34.6856 27.4473 26.7139 24.2208 22.3195 21.0636 16.5723 15.8702 15.7712 15.3996 16.6569 14.9191 14.8451 20.4271 14.0505 15.8138 13.8349 12.6835 16.1567 12.3974 13.8252 12.5822 11.5482 13.323 16.6943 11.1851 12.3737 12.637 9.96202
threshold=0.33333020365889848 -0.39097678105464773 0.086335403726708074 0 0.081356867071152708 116.50000000000001 1 0.025641025641025703 -0.46199999999999991 2 5.5000000000000009 -2.0546034976031589 -0.68475681778253827 -0.36327176186655802 0.075529100529100515 0.070000000000000076 0.99924638978279245 0.15894736842105264 3 0.18090909090909094 0.38461538461538469 -0.33333333333333331 0.014460525860314001 4 0.040212765957446758 -1.657581116593261 -1.0170583908188024 1.5000000000000002 5 0.20638945233265718
decision_type=2 2 2 9 2 2 9 2 2 9 2 2 2 2 2 2 2 2 9 2 2 2 2 9 2 2 2 2 9 2
left_child=1 13 9 20 5 -4 -5 8 -7 12 29 -12 -2 23 -15 -14 -17 -9 19 -16 21 -3 -23 24 -1 -26 -6 -28 -29 -8
right_child=2 3 4 6 26 7 10 17 -10 -11 11 -13 15 14 18 16 -18 -19 -20 -21 -22 22 -24 -25 25 -27 27 28 -30 -31
leaf_value=0.000972776616100912 -0.012758371675127313 -0.016873904523807704 0.031220835650578253 -0.0053193837942085891 0.0041509691469319657 -0.0073419752220682108 0.011907329702460685 -0.0027768889977083334 0.057666489193007965 -0.0044635160473851564 0.079615422620739326 0.0001531690118294906 0.0046240992666127254 -0.018400703635621248 0.0012582387448546251 0.028300591652542697 -0.024576237570037952 0.0082599981003642874 -0.011088292472788227 0.051871806660737027 -0.011949921438609101 0.038053246535081998 0.0025886763836029609 -0.0075801865092196032 0.11145808401892073 0.019661611705057404 0.032482761538138671 0.00052161146630792885 0.018632862958667579 0.051572809857923785
leaf_weight=33.341914162039757 34.043024443089962 23.41072565689683 27.097389899194241 214.49213110655546 64.613529708236456 5.25914592295885 157.80903374776244 234.13215675577521 9.4577224105596525 271.68364349007607 2.4016820006072512 207.38434430956841 184.22354503720999 303.06780944764614 52.973156396299601 45.502521939575672 5.7315257266163817 181.42238432168961 96.59428709000349 6.3574561402201644 253.49665615707636 11.859191857278345 37.389270279556513 200.14105475693941 2.2873766906559458 8.0867294967174512 44.615234009921551 54.017113704234362 176.80698604881763 5.9120362140238276
leaf_count=557 432 378 259 3125 560 45 2080 2397 71 3254 33 3180 2073 5677 916 513 51 1375 1730 86 4084 176 537 3538 37 136 309 455 1457 63
internal_value=-0.000484592 -0.0056723 0.00578204 -0.00181963 0.00932098 0.00481269 0.0020281 0.00314957 0.0344354 0.000567503 0.00627618 0.00106287 0.00559721 -0.0106832 -0.0138612 0.00848882 0.0223853 0.00204158 -0.00503783 0.0057179 -0.00855623 0.00210626 0.0111287 -0.00470164 0.00830998 0.0399017 0.0153846 0.0180198 0.0152243 0.0133397
internal_weight=2955.61 1617 1338.61 914.155 797.422 457.369 587.999 430.271 14.7169 541.184 373.507 209.786 269.501 702.85 458.993 235.458 51.234 415.555 155.925 59.3306 326.156 72.6592 49.2485 243.857 43.716 10.3741 340.053 275.439 230.824 163.721
internal_count=39584 26333 13251 13656 6928 4147 8481 3888 116 6323 5356 3213 3069 12677 8409 2637 564 3772 2732 1002 5175 1091 713 4268 730 173 2781 2221 1912 2143
cat_boundaries=0 4 5 8 11 14 17
cat_threshold=2384000 536871936 2147486276 32 526 135012352 687931392 4197124 139328 151012352 2147484164 131072 536953856 68 278528 553713664 4196356
is_linear=0
shrinkage=0.03


Tree=37
num_leaves=31
num_cat=9
split_feature=22 5 9 22 20 5 23 23 1 40 23 27 23 27 17 12 1 14 23 13 6 13 6 40 22 10 12 5 16 41
split_gain=112.633 53.4136 28.7071 22.6791 17.3383 16.1193 16.0203 15.5178 15.1818 14.2787 15.7803 13.8672 13.6127 13.1977 13.0082 12.4567 12.3068 12.1859 11.6851 15.2309 11.5634 11.3602 12.5709 11.9184 11.2469 13.4894 10.9586 9.99976 10.2467 9.98595
threshold=0 0.23622954822415695 0.31003044343377523 1 2 -1.0396428587887201 3 4 8.5000000000000018 -0.13877456226830173 5 0.20638945233265718 6 0.081356867071152708 0.21428571428571427 -0.0049999999999999498 4.5000000000000009 8.5000000000000018 7 -0.35599999999999982 0.18561584840654602 -0.11199999999999989 0.44097222222222227 -0.2554027852057415 8 0.15894736842105264 -0.093999999999999931 0.75101720487402501 0.1878787878787879 0.74476560197248232
decision_type=9 2 2 9 9 2 9 9 2 2 9 2 9 2 2 2 2 2 9 2 2 2 2 2 9 2 2 2 2 2
left_child=2 3 5 -2 8 12 20 15 -5 10 -6 18 -1 27 -11 21 -8 -17 -7 -20 29 22 -4 -23 25 -18 -13 -9 -29 -3
right_child=1 6 7 4 9 11 16 13 -10 14 -12 26 -14 -15 -16 17 24 -19 19 -21 -22 23 -24 -25 -26 -27 -28 28 -30 -31
leaf_value=0.0091045300631275982 -0.01895201471913396 0.022766559899546158 0.010843364332646663 0.0076922006174308666 0.0029849008710903799 -0.0043777794961343749 0.016270596655326288 -0.0022057878219265141 -0.012093417907162457 -0.015566950516261644 -0.010360232201324196 0.050642915660604818 -0.014741056212832924 0.011559743683736867 -0.0040601676881960608 0.0018787595661366578 0.012079142401990685 0.047470071544640523 -0.00072321709989159864 0.01204836578865325 0.0097863233216146147 0.040740835738448902 0.033364267954162724 0.016017029048221419 -0.0030327237152140132 0.093924429917587898 -0.0098795980995879003 0.029824189743584025 0.0037691932275402836 -0.010586189053890516
leaf_weight=23.489242855459452 187.38799279928207 8.6267796233296377 145.77245396375656 115.05722761899233 145.19045624509454 156.32327615097165 95.967915710061789 193.02383764088154 50.101890791207552 346.70472115278244 162.52417719736695 9.4570394158363325 80.299967546015978 195.93421315029263 118.68940204754472 77.506054647266865 52.952386140823364 5.6618167534470549 172.43763650208712 163.93172541633248 40.543060962110758 35.758711524307728 26.336972773075104 34.457712814211845 109.69702804833651 1.8766065575182427 3.7642826922237864 19.129840180277824 46.862365327775478 127.28477293998003
leaf_count=315 3867 117 1240 1921 2300 1974 995 1850 951 6396 2690 89 1187 1565 1871 627 640 42 2146 2012 440 265 148 273 1377 19 41 124 347 1755
internal_value=-0.000473546 -0.00598048 0.00571844 -0.00947444 -0.00730179 0.000882072 0.00288371 0.00957001 0.00159364 -0.00919821 -0.00430322 0.00309147 -0.00988747 0.00556263 -0.0126324 0.0145532 0.00744684 0.00498248 0.00227784 0.00534227 -0.00404544 0.0184385 0.0142896 0.028608 0.00275258 0.0125851 0.0334114 0.00124083 0.011322 -0.00846917
internal_weight=2952.75 1562.6 1390.15 1125.66 938.268 609.703 436.949 780.444 165.159 773.109 307.715 505.914 103.789 454.95 465.394 325.494 260.494 83.1679 492.693 336.369 176.455 242.326 172.109 70.2164 164.526 54.829 13.2213 259.016 65.9922 135.912
internal_count=39584 25339 14245 19996 16129 7764 5343 6481 2872 13257 4990 6262 1502 3886 8267 2595 3031 669 6132 4158 2312 1926 1388 538 2036 659 130 2321 471 1872
cat_boundaries=0 4 7 8 12 16 19 22 26 29
cat_threshold=1092886529 272632067 2181186048 4 1049600 28 1048580 1410 11419776 553664512 536871488 32 8388736 151060480 2880 32 131264 687932416 2684354820 134225920 536871936 2147484160 10748064 536937472 2151680004 32 1152 100663296 8261
is_linear=0
shrinkage=0.03


Tree=38
num_leaves=31
num_cat=11
split_feature=22 3 5 22 11 22 23 16 20 40 23 1 17 16 23 24 24 11 22 41 23 3 17 37 1 23 37 23 3 41
split_gain=106.181 51.2398 24.0022 22.7612 17.7279 16.4068 16.0266 16.0115 15.9339 15.7782 17.5953 14.6236 14.2574 12.8493 15.502 12.8421 12.7154 12.7071 12.5681 12.4131 12.4104 11.4221 11.3998 10.7824 16.9499 12.7084 10.7397 10.7884 10.498 9.69367
threshold=0 0.43459030837157858 -0.97543004540549716 1 0.067424242424242359 2 3 0.71469502719502731 4 -0.36327176186655802 5 5.5000000000000009 0.47356578606578609 0.16363636363636366 6 16.000000000000004 7.5000000000000009 0.065942028985507203 7 2.2953162371200642 8 1.7565240835057507 0.19444444444444448 11.500000000000002 5.5000000000000009 9 14.500000000000002 10 0.49719354392391329 0.49931179893522354
decision_type=9 2 2 9 2 9 9 2 9 2 9 2 2 2 9 2 2 2 9 2 9 2 2 2 2 9 2 9 2 2
left_child=2 3 18 -2 23 26 7 12 11 10 -10 17 -6 -7 -15 -8 -16 -5 20 -9 -1 -17 -11 25 -25 -4 27 28 -3 -27
right_child=1 5 4 8 6 13 15 19 9 22 -12 -13 -14 14 16 21 -18 -19 -20 -21 -22 -23 -24 24 -26 29 -28 -29 -30 -31
leaf_value=0.011476319787534101 -0.019051978705614488 0.077961952381745303 0.013163753432857779 0.025155791420315723 0.015545497390630842 0.017843636035098993 0.016913199581706409 -0.0017389610471779901 0.0071223275920276703 -0.014863900356850228 -0.0086515242987007784 -0.0066492975723161998 0.051830811669744792 -0.0054624269607428501 0.071357770920055796 0.00049542727492972926 0.0076887182992300233 -0.00061290823338183838 -0.012414808953639276 0.076302426377250737 -0.0086580017178547655 0.025250620223196438 -0.0050124219589703445 0.0063273981943309165 -0.011840422343693367 0.044853000468991364 -0.022641009784067034 -0.011486471292857483 0.0091379463132227924 -0.0014190945824285219
leaf_weight=54.678611557930708 179.82250625640154 2.1643844395875957 114.4811285212636 33.986638613045216 344.77304244041443 63.968993436545134 63.833246234804392 64.219067879021168 93.072412274777889 370.94858580082655 160.82288426160812 82.03656654804945 10.029421478509901 114.42495219781995 2.8688276335597029 269.36776879057288 176.84338954091072 34.91699893027544 83.189124003052711 1.8882387578487385 39.397075675427914 17.888776205480099 147.84978391975164 87.861145947128534 97.509552471339703 4.1950559467077246 33.257788643240929 31.986464537680149 25.436669990420341 141.98665689304471
leaf_count=573 3776 29 1129 557 3268 702 580 671 1454 6858 2604 1546 66 1535 36 2590 2141 547 1246 17 404 119 2314 878 1169 47 479 448 313 1488
internal_value=-0.000465766 -0.00583921 0.0055227 -0.00935879 0.00706333 0.00264353 0.00981436 0.0137196 -0.00718753 -0.00894167 -0.00292941 0.00178995 0.0165712 0.00550436 0.00300795 0.00461043 0.00824624 0.0120975 -0.00475183 0.000490154 0.00302273 0.00203705 -0.0120564 0.00230181 -0.00322932 0.00623529 -0.00811012 -0.00136099 0.0106693 -8.53599e-05
internal_weight=2949.71 1554.41 1395.3 1103.46 1218.03 450.951 772 420.91 923.634 772.694 253.895 150.94 354.802 358.106 294.137 351.09 179.712 68.9036 177.265 66.1073 94.0757 287.257 518.798 446.034 185.371 260.663 92.8453 59.5875 27.6011 146.182
internal_count=39584 25339 14245 19656 12022 5683 7311 4022 15880 13230 4058 2650 3334 4414 3712 3289 2177 1104 2223 688 977 2709 9172 4711 2047 2664 1269 790 342 1535
cat_boundaries=0 4 7 10 13 14 17 21 25 29 32 35
cat_threshold=1092886529 272632067 2181186048 4 1049600 28 1048580 2685534240 16777756 20971520 9060416 153108480 2880 1410 131136 539034624 2684354816 11288576 538969088 4196672 32 2097152 2048 0 4 134242496 134218752 2147484160 32 11010048 673251328 2151680256 134225920 2163712 2151678276
is_linear=0
shrinkage=0.03


Tree=39
num_leaves=31
num_cat=9
split_feature=22 9 37 16 23 5 5 23 14 22 1 23 22 22 18 23 37 16 13 5 14 24 35 28 13 24 0 5 40 9
split_gain=106.069 46.8336 22.9487 21.1497 19.4674 19.1342 18.4914 17.4353 17.2152 16.8528 15.4952 15.1259 14.0868 13.3785 12.4498 12.3101 12.6652 14.7494 12.322 11.5787 11.279 12.8582 10.949 10.8549 10.7986 10.6966 10.4624 11.5414 13.7249 10.2796
threshold=0 0.24692251370232363 14.500000000000002 0.19813519813519817 1 -1.251007650428513 0.39264929165210527 2 22.500000000000004 3 10.500000000000002 4 5 6 7 8 8.5000000000000018 0.12121212121212126 0.20400000000000013 0.75101720487402501 8.5000000000000018 16.000000000000004 -1.0000000180025095e-35 0.16702898550724637 0.049000000000000161 26.000000000000004 1725.0000000000002 -0.88394190461239397 1.6928488014489407 0.60445907134250731
decision_type=9 2 2 2 9 2 2 9 2 9 2 9 9 9 1 9 2 2 2 2 2 2 2 2 2 2 2 2 2 2
left_child=6 3 4 9 22 -5 7 26 13 -2 -9 14 24 -7 -4 -8 20 25 -19 -11 21 -17 -3 -24 -6 -18 27 -1 -29 -14
right_child=1 2 11 5 12 8 15 10 -10 19 -12 -13 29 -15 -16 16 17 18 -20 -21 -22 -23 23 -25 -26 -27 -28 28 -30 -31
leaf_value=-0.016433203385571214 0.013247112472820184 -0.0077603168403208144 -0.0070731252995670886 -0.01999985821854729 0.0020255554872832295 -0.013934522817508559 -0.00088038487879659019 0.01076610823382749 0.11435962747763478 -0.010554212495936022 -0.0046507034068974142 -0.011389123310162145 -0.013575594104302412 -0.0051003488955464367 0.0096825040295254582 0.037136674237671675 0.010573026883306563 -0.00013740964463572502 0.025779654060899389 0.07845113418276238 0.047401368256014161 0.014627065437528139 0.026661582695700063 0.0033317672305375238 0.016158339127457788 0.059112556943716629 0.013206344113248166 -0.0017790090869584619 0.032845271623477217 0.0040239230697754333
leaf_weight=47.36042495071888 57.808558113873005 14.057067006826399 66.479559063911438 158.07307863608003 192.08518232032657 266.66379998251796 61.102748334407806 379.3046685680747 1.0254555456340302 62.979474756866693 69.41180108115077 165.64931398630142 79.376509077847004 451.18175801634789 74.530694209039211 27.028217144310474 8.2217262759804743 97.058772772550583 19.894402332603931 1.3434961773455132 12.697416134178637 147.37850813567638 69.465993832796812 24.202902160584927 65.165188942104578 8.1228598058223707 41.581583395600319 233.87101704999804 10.778494380414484 47.888906396925449
leaf_count=582 951 172 865 3392 2276 5196 492 3875 19 1121 816 2180 1065 8189 987 180 62 808 157 16 73 991 763 263 754 60 429 2465 116 494
internal_value=-6.67092e-06 -0.00456574 0.000823394 -0.00892081 0.00483661 -0.0105497 0.0070156 0.00443514 -0.00847175 0.00277543 0.00819858 -0.00561852 0.00141226 -0.00864722 0.00183775 0.012491 0.0146124 0.00800183 0.00427123 -0.00752526 0.0201029 0.0181154 0.0154904 0.0206334 0.00539584 0.034696 -0.000847457 -0.00287771 -0.000253571 -0.0064465
internal_weight=2961.79 1797.98 798.901 999.076 492.242 876.944 1163.81 782.308 718.871 122.132 448.716 306.66 384.516 717.846 141.01 381.505 320.402 133.298 116.953 64.323 187.104 174.407 107.726 93.6689 257.25 16.3446 333.592 292.01 244.65 127.265
internal_count=39809 28703 9819 18884 5787 16796 11106 8283 13404 2088 4691 4032 4589 13385 1852 2823 2331 1087 965 1137 1244 1171 1198 1026 3030 122 3592 3163 2581 1559
cat_boundaries=0 4 7 11 14 17 20 23 24 27
cat_threshold=18874496 272632067 512 4 134225920 16777216 2560 19267584 555827200 2684356672 32 537010177 100745224 2151677952 157704192 538968064 2684355076 2147755529 604062720 2164285441 1057792 33636380 16777220 82 12845184 16777216 2684355072
is_linear=0
shrinkage=0.03


Tree=40
num_leaves=31
num_cat=7
split_feature=22 9 17 16 37 5 17 23 22 12 37 23 14 13 27 12 11 2 23 10 3 12 14 22 16 2 41 22 16 14
split_gain=99.8123 43.9668 24.712 21.2329 19.6674 18.9863 17.1567 17.0995 17.5326 18.9146 15.2645 15.0546 14.8797 14.6506 14.5992 14.1154 12.92 14.0495 13.6878 12.1967 11.1978 22.0315 13.2368 10.8499 12.3642 10.5811 10.5173 10.4965 10.1387 9.68111
threshold=0 0.24692251370232363 -0.28571428571428559 0.19813519813519817 14.500000000000002 -1.251007650428513 -0.35683760683760668 1 2 -0.89549999999999985 23.500000000000004 3 22.500000000000004 -0.62549999999999983 0.19782608695652179 0.97900000000000009 0.067424242424242359 127.50000000000001 4 0.098780487804878067 -1.2515525142832233 -0.70543902439024375 6.5000000000000009 5 0.043560606060606008 125.50000000000001 0.49931179893522354 6 0.060606060606060656 6.5000000000000009
decision_type=9 2 2 2 2 2 2 9 9 2 2 9 2 2 2 2 2 2 9 2 2 2 2 9 2 2 2 9 2 2
left_child=2 3 -1 6 7 -5 13 8 9 -3 15 25 14 28 -7 16 18 -18 -4 -10 21 -8 -22 26 -25 29 -9 -15 -2 -6
right_child=1 4 10 5 11 12 20 23 19 -11 -12 -13 -14 27 -16 -17 17 -19 -20 -21 22 -23 -24 24 -26 -27 -28 -29 -30 -31
leaf_value=-0.010164264263378865 0.044514463773614524 0.065126729786990009 -0.0022959253133810237 -0.020036709742131887 0.0075028119069285078 -0.0093718716807849236 -0.031856566921073748 0.058223875529316037 -0.014633296529600461 0.014647094347854262 -0.0032904885411364792 -0.011024045342163051 0.10021998516242558 0.0066604019590658578 0.014984295814545537 -0.023951196652089266 0.015413983622563453 0.0066392202651178256 0.0095486345889410629 0.018686487764789855 0.0080441712589146459 0.093770065126685134 0.095540283671616502 0.033906856434417675 -0.0095188749270027368 -0.0075684889517460769 0.0038188241352955805 -0.018559099965858607 0.0017663226730696064 0.060920866900481242
leaf_weight=73.769618775695562 7.4481136277318027 7.0067157894372931 153.07625786587596 153.86141226068139 74.201505031436682 678.06339132785797 1.7766996286809442 3.2658626213669768 35.812877263873816 143.47257721424103 102.39574326947331 164.62426927685738 1.13321067765355 19.161777947098017 22.896932031959295 11.670097686350344 383.99520080164075 286.93402234092355 193.72674611955881 13.658188182860611 30.370410241186619 4.2901134863495818 1.6401758119463909 6.211200635880231 118.09338580816984 54.362178433686495 153.73968303203583 40.824857264757156 15.150166958570479 3.1844985932111731
leaf_count=908 129 83 1536 3369 974 12830 33 39 457 1545 1142 2212 19 323 385 127 3455 2503 1875 142 458 73 24 70 1508 704 1823 746 279 38
internal_value=-9.9697e-06 -0.00456742 0.00660478 -0.00883147 0.000729011 -0.0104923 0.00295011 0.00447302 0.0109023 0.0159384 0.00775613 -0.00535064 -0.00840067 -0.0047312 -0.00857628 0.00885495 0.00923113 0.0116613 0.00452966 -0.00452047 0.0196099 0.0569796 0.0125273 -0.000467742 -0.00680181 0.00239356 0.00465407 -0.0124867 0.0158556 0.00970101
internal_weight=2959.82 1754.25 1205.57 976.617 777.633 855.955 120.662 481.26 199.95 150.479 1131.8 296.372 702.094 82.5849 700.96 1029.4 1017.73 670.929 346.803 49.4711 38.0774 6.06681 32.0106 281.31 124.305 131.748 157.006 59.9866 22.5983 77.386
internal_count=39809 28263 11546 18668 9595 16603 2065 5667 2227 1628 10638 3928 13234 1477 13215 9496 9369 5958 3411 599 588 106 482 3440 1578 1716 1862 1069 408 1012
cat_boundaries=0 4 7 10 13 16 19 22
cat_threshold=18874496 272632067 2228736 4 134225920 150995968 4197124 2147622915 603996168 16777285 157442176 538968064 2684355076 142876864 2113536 536873536 3221497353 83968000 2147508225 537927689 67108864 2151686144
is_linear=0
shrinkage=0.03


Tree=41
num_leaves=31
num_cat=6
split_feature=22 9 37 16 5 5 22 22 22 14 42 1 6 12 10 24 11 2 40 6 14 39 40 27 13 5 5 18 22 24
split_gain=94.2365 43.0724 20.2587 20.1804 17.7321 17.6646 15.535 15.1687 13.293 13.4169 13.0991 15.8906 12.9709 12.8303 11.7154 21.3879 11.5787 12.6565 12.2389 11.4658 11.1968 11.1201 11.1199 10.9292 14.344 12.9626 10.2642 10.2252 10.2498 10.1124
threshold=0 0.24692251370232363 14.500000000000002 0.19813519813519817 -0.39097678105464773 -1.251007650428513 1 2 3 22.500000000000004 1163.5000000000002 12.500000000000002 0.49000000000000005 1.0660000000000005 0.098780487804878067 19.000000000000004 0.067424242424242359 127.50000000000001 -2.0546034976031589 0.088562091503267909 4.5000000000000009 1.1270406353239208 -0.32725597859883654 0.079473684210526321 -0.62549999999999983 -1.8327652451162615 0.75101720487402501 4 5 94.500000000000014
decision_type=9 2 2 2 2 2 9 9 9 2 2 2 2 2 2 2 2 2 2 2 2 2 2 2 2 2 2 1 9 2
left_child=4 3 6 7 12 -5 10 23 -7 -10 -3 -12 21 16 -8 -16 18 -18 -6 27 -14 -1 -19 25 -25 -2 29 28 -4 -9
right_child=1 2 19 5 13 8 14 26 9 -11 11 -13 20 -15 15 -17 17 22 -20 -21 -22 -23 -24 24 -26 -27 -28 -29 -30 -31
leaf_value=-0.0017291412304920463 0.058576621207141015 0.0037847445189317969 0.017290193095322651 -0.019589783414633813 0.054149315134992965 -0.017595040786827339 -0.010268488613103489 -0.013607488693906102 -0.0064242990611452855 0.094909234206232179 0.013250671790505113 0.062411804554900495 0.044155043911382107 -0.034481879240196633 0.063196616567972957 -0.0033692277457388928 0.015413134567218888 0.013453621667993786 0.0034887708099383572 -0.010281069301643856 -0.012024133956567871 0.068894830400214768 0.00094873934773496928 0.057463235486058868 0.013690830813150628 -0.0080279809990424934 0.070981295503741076 -0.0070261410498551743 -0.0051955182857197531 0.032377227918723751
leaf_weight=282.09303258359432 2.980158448219302 257.97803801298141 40.7645223736763 151.0135668925941 4.3541779369115821 111.36518611758947 90.970103044062853 57.205172184854746 588.84016032144427 1.1783004738390435 111.54859609901905 6.2490184381604186 10.605330117046831 6.1623437851667395 5.858655326068404 16.805236238986254 321.78434900566936 115.18733907490969 299.77551900967956 176.10273337364197 4.5682470947504035 2.0209024772047988 144.02307111024857 9.3481873609125596 24.128120083361864 22.369971062988043 1.4360887929797161 59.832644324749708 26.933093436062336 4.6541331075131884
leaf_count=3309 52 2946 530 3368 36 2401 1290 1032 10886 18 1170 70 62 64 64 189 2754 895 2840 2310 30 17 1296 144 384 371 16 814 371 80
internal_value=-1.33478e-05 -0.00439898 0.000767489 -0.00864848 0.00648021 -0.0102825 0.00454423 0.00275706 -0.00827861 -0.00611823 0.00737342 0.0158586 0.000216516 0.00865621 -0.00501884 0.0138382 0.00895654 0.0114391 0.00421407 -0.00532003 0.0272414 -0.00122679 0.00650563 0.0125314 0.0259142 -0.000197951 -0.00717365 0.00153052 0.00882706 -0.0101477
internal_weight=2958.14 1767.56 793.043 974.519 1190.57 852.397 489.41 122.122 701.384 590.018 375.776 117.798 299.288 891.287 113.634 22.6639 885.124 580.995 304.13 303.633 15.1736 284.114 259.21 58.8264 33.4763 25.3501 63.2954 127.53 67.6976 61.8593
internal_count=39809 28506 9754 18752 11303 16673 5729 2079 13305 10904 4186 1240 3418 7885 1543 253 7821 4945 2876 4025 92 3326 2191 951 528 423 1128 1715 901 1112
cat_boundaries=0 4 7 10 13 14 16
cat_threshold=1092616320 272632067 2097664 4 2147624451 604061696 2164400129 537010177 100745224 2151677952 1049600 65564 4 41 536879114 637648896
is_linear=0
shrinkage=0.03


Tree=42
num_leaves=31
num_cat=6
split_feature=5 10 7 27 1 12 23 23 10 23 41 23 7 37 23 23 5 16 5 12 12 15 12 1 37 39 5 0 40 41
split_gain=54.5624 30.0626 23.9624 21.0039 19.9331 18.233 18.1262 17.0075 17.2831 15.5552 13.9914 13.9606 18.1419 23.0379 12.9875 12.5984 12.4585 11.5629 11.0664 10.9551 10.8875 10.6167 10.4016 10.3077 11.4913 10.1492 13.8321 9.34176 9.27797 9.18931
threshold=0.10567034237895916 0.15504807692307693 1.0000000180025095e-35 0.096006144393241163 2.5000000000000004 -0.015999999999999844 0 1 0.25500000000000006 2 0.16711722669603318 3 0.078461538461538458 6.5000000000000009 4 5 0.30312515420313912 0.61868686868686884 -0.64000159666860512 0.18202564102564109 -0.031909090909090741 -13.499999999999998 -0.27373469387755084 9.5000000000000018 14.500000000000002 1.0620353769347435 0.14440929142600167 2300.0000000000005 -1.7038165256542726 1.3383047087360851
decision_type=2 2 2 2 2 2 9 9 2 9 2 9 2 2 9 9 2 2 2 2 2 2 2 2 2 2 2 2 2 2
left_child=1 2 6 7 15 20 10 8 -2 19 -1 -7 13 -13 18 -4 -10 -12 -6 21 25 -3 -17 -9 28 26 -5 -8 -25 -14
right_child=3 9 4 5 14 11 27 23 16 -11 17 12 29 -15 -16 22 -18 -19 -20 -21 -22 -23 -24 24 -26 -27 -28 -29 -30 -31
leaf_value=0.072382313053235975 -0.0051211744127707621 -0.0097713474562227606 -0.0027600869377466873 0.032844109985553038 -0.0068572588281570037 -0.0088310810400238204 -0.014522115095106229 0.0090405537682279515 -0.014487797711621436 -0.0020242048552462184 0.0029207059561081254 0.011068197752012763 -0.0062673180878732738 0.16534003325049096 -0.0075884848295340469 0.022545830250588213 0.045999950801092836 -0.014289931176805342 0.0049309261757160671 -0.0017845676541221971 0.056251771176999622 0.018777175104658088 0.001986686474228682 0.046519592005091835 -0.017757710185096712 0.020376488311859606 0.0072475506454532683 0.07070644740625022 0.0016493491697045731 0.016988169034147037
leaf_weight=2.2744710743427268 300.61493122205138 13.054741393774746 72.070812284946442 20.680700559169054 114.44278620928526 66.80083118006587 358.48894627019763 278.92380009591579 4.3469820804893962 158.39219257980585 110.64095378667116 2.0531195662915702 26.887913167476654 1.5133283771574495 428.89122800529003 60.090931951999664 10.388339035212992 51.480013053864241 191.77977587282658 42.037004802376032 5.2106549926102153 114.98057506978512 35.075950991362333 4.3702064678072921 29.548344124108553 105.95577881485224 233.88089695572853 1.1611950993537892 81.358403995633125 35.46009373664856
leaf_count=31 3494 116 1050 241 1857 642 7263 2702 37 1559 1990 29 256 20 7070 787 71 1044 2780 476 45 980 468 41 389 858 2365 17 852 325
internal_value=0.000113714 -0.00326401 -0.00514825 0.00502055 -0.00218503 0.00974034 -0.0102506 0.001705 -0.00345663 0.00491855 -0.00142128 0.000215429 0.00931081 0.0765294 -0.00431176 0.00716323 0.0281558 -0.00254437 0.000508781 0.0108647 0.0131967 0.0158663 0.013545 0.00577536 -0.00162411 0.0125745 0.00932703 -0.0138615 0.00393671 0.00695912
internal_weight=2962.86 1754.86 1426.4 1207.99 902.351 498.443 524.046 709.551 315.35 328.465 164.395 132.715 65.9145 3.56645 735.114 167.238 14.7353 162.121 306.223 170.072 365.728 128.035 95.1669 394.201 115.277 360.517 254.562 359.65 85.7286 62.348
internal_count=39855 27488 24357 12367 14012 4781 10345 7586 3602 3131 3065 1272 630 49 11707 2305 108 3034 4637 1572 3509 1096 1255 3984 1282 3464 2606 7280 893 581
cat_boundaries=0 3 7 11 14 17 21
cat_threshold=138412064 136380416 2147483972 27549760 16794624 2684355072 32 143138944 134235136 2151678720 32 9052224 16793600 2151678784 8519744 687932416 536871172 11010048 555827200 2147485956 32
is_linear=0
shrinkage=0.03


Tree=43
num_leaves=31
num_cat=7
split_feature=22 22 1 8 17 23 16 23 16 23 17 5 7 1 23 1 23 13 5 41 2 41 16 5 5 40 3 41 40 6
split_gain=83.453 46.5576 29.6843 20.1404 19.4315 19.2686 17.8171 16.0896 13.9395 18.1777 16.5545 18.8769 29.5034 14.8202 12.8534 12.506 12.1229 16.5707 12.0854 11.3987 10.9237 11.9233 10.9186 10.7853 10.2432 9.62124 9.0904 10.1464 10.5675 8.91537
threshold=0 1 6.5000000000000009 0.20850697405366495 0.43279637029637036 2 0.4685314685314686 3 0.35171772671772678 4 -0.19841269841269832 -0.077587565428880526 0.26393188854489169 12.500000000000002 5 2.5000000000000004 6 -0.22549999999999987 -1.0072720766566607 2.3937803055517879 127.50000000000001 1.8057772967243386 0.73791023791023802 -0.39097678105464773 1.1284787472412978 0.9306456336306369 0.9644044795297404 1.0346095619380564 -1.1608656322316746 0.089898989898989853
decision_type=9 9 2 2 2 9 2 9 2 9 2 2 2 2 9 2 9 2 2 2 2 2 2 2 2 2 2 2 2 2
left_child=8 15 4 14 5 6 -3 29 9 10 13 12 -12 -1 -4 19 -6 -18 -16 -2 21 23 -7 -17 -13 -9 -11 -28 -29 -5
right_child=1 2 3 7 16 22 -8 25 -10 26 11 24 -14 -15 18 20 17 -19 -20 -21 -22 -23 -24 -25 -26 -27 27 28 -30 -31
leaf_value=-0.0081663609879936132 0.015617024226904624 0.003924904101288749 -0.011501086609933053 -0.012218303960622817 -0.0095002584476836602 0.0081417622773639411 -0.0080917724149362508 -0.0080810263769186923 -0.01492287513036486 -0.014615644770722087 0.20380767500145786 0.0052032197770812442 0.039642993808435056 0.09021266078300165 -0.015867364347605929 0.0017406383979702452 0.012404045481482107 0.042700913782467848 -0.0005166249488038452 0.067469072500359537 0.0029634489813781108 -0.0024499276525745189 -0.0068313399518502146 0.018036860354348379 0.076832350337150093 0.020215825341287873 0.084453671777136557 0.02527061968022341 -0.032649270308842106 0.017811590358815507
leaf_weight=21.379200477153066 135.01424284279346 209.455725453794 288.48679425567389 10.059852875769137 12.477496121078728 397.24222216755152 236.36048827320337 86.505473762750626 331.52812408655882 86.535640351474285 1.3984841965138937 10.256123699247835 3.3345345593988895 1.4730921834707249 54.489682909101248 46.863409895449877 45.466164465993643 25.282209664583206 301.8627070300281 3.9265981540083876 286.36299130320549 45.615326229482889 49.267763219773769 166.10275147110224 2.1784329116344443 12.3593408241868 1.5368220880627621 7.2236640006303778 4.6664635576307765 77.015085272490978
leaf_count=381 904 2542 4990 127 137 4986 3518 977 6695 1587 24 135 51 27 1069 436 432 228 4610 24 2423 366 785 1245 25 153 21 94 64 799
internal_value=0.000106469 0.00230829 -0.00022938 -0.00439808 0.00331833 0.00202527 -0.00239237 0.00430058 -0.0113308 -0.00363289 0.0119203 0.0371603 0.0881494 -0.00182471 -0.00690634 0.00891769 0.0171821 0.0203538 -0.00278573 0.0170824 0.00699963 0.0114695 0.00634748 0.0144509 0.0177521 -0.00412621 -0.010047 0.0119149 0.00253907 0.0128648
internal_weight=2961.73 2490.22 1806.33 830.779 975.552 892.326 445.816 185.94 471.511 139.982 40.0199 17.1676 4.73302 22.8523 644.839 683.885 83.2259 70.7484 356.352 138.941 544.944 258.581 446.51 212.966 12.4346 98.8648 99.9626 13.4269 11.8901 87.0749
internal_count=39855 30751 25353 12725 12628 11831 6060 2056 9104 2409 643 235 75 408 10669 5398 797 660 5679 928 4470 2047 5771 1681 160 1130 1766 179 158 926
cat_boundaries=0 3 7 10 13 16 20 23
cat_threshold=68158504 16875548 22020100 0 268437761 0 4 19538048 553731072 2151680064 9175040 671154176 2151680320 155648 66560 2684354624 144720000 16794624 2151680576 32 8667136 0 2560
is_linear=0
shrinkage=0.03


Tree=44
num_leaves=31
num_cat=6
split_feature=5 1 23 27 8 12 41 23 26 42 23 23 7 41 19 17 26 16 17 41 24 17 12 37 1 37 42 5 17 23
split_gain=49.267 23.4632 21.5293 19.1609 18.3708 16.8798 16.1499 15.6329 14.2955 14.2404 14.5334 13.1325 15.8496 18.7849 12.5178 12.1923 12.073 12.0174 18.1616 15.7363 10.8759 10.3022 9.62814 9.51906 9.3789 10.8379 12.714 9.36619 16.2052 12.362
threshold=0.10567034237895916 6.5000000000000009 0 0.096006144393241163 0.32098782601135972 -0.015999999999999844 0.81655615952271454 1 0.12372448979591837 1164.5000000000002 2 3 0.078461538461538458 1.3383047087360851 4 -0.055555555555555546 0.13840996168582378 0.60947570947570961 0.30570818070818073 1.4741743716519122 9.0000000000000018 0.64381914381914396 -0.031909090909090741 4.5000000000000009 9.5000000000000018 14.500000000000002 1161.5000000000002 0.53649293621368732 0.60253727753727759 5
decision_type=2 2 9 2 2 2 2 9 2 2 9 9 2 2 9 2 2 2 2 2 2 2 2 2 2 2 2 2 2 9
left_child=1 2 17 7 9 22 -4 -2 14 15 20 -7 13 -13 -8 -3 -10 18 -1 -20 -11 -17 27 -19 -9 26 -26 28 -5 -29
right_child=3 4 6 5 -6 11 8 24 16 10 -12 12 -14 -15 -16 21 -18 23 19 -21 -22 -23 -24 -25 25 -27 -28 29 -30 -31
leaf_value=-0.0023462929161696612 -0.0033924072340148115 -0.015902202981688537 0.016231396547447381 0.00613806887561917 0.010233674164880691 -0.0087385626489383753 -0.012457122048501464 0.008540010928603332 0.042445484733060375 0.069108975158062663 0.0054023976799742555 0.00011309652201504712 0.0065616124118718323 0.13372809123165499 0.0017789926415548839 -0.0072670505545683779 0.0073522568204303996 -0.023773058767659932 0.010825032170372565 0.10709770892838655 -0.012889502731783171 0.064312841178759378 0.052174205554384491 -0.0069449160453089222 -0.0049557452233609271 -0.01745990225485769 0.019035380214368427 -0.00016980506641454772 0.082211385648867374 0.020434332105133724
leaf_weight=273.96474723145366 314.45135441794991 223.52822368592024 86.329789627343416 182.449661642313 53.123663447797298 66.520882043987513 65.755577206611633 281.51687664538622 9.4583309628069383 1.4824624843895424 119.87868034094572 1.8183236680924886 62.818101927638054 1.9761550687253473 204.53849919140339 338.67018430307508 131.32846445217729 42.277212262153625 3.8754468746483317 2.5227478966116905 80.901096895337105 1.8193571940064419 5.4289202019572249 106.36622780188918 54.941743329167366 29.071955468505621 31.152813546359539 41.443154986947775 2.5554794780910006 138.10756989568472
leaf_count=4215 3602 4234 1082 1968 592 642 1014 2702 117 27 1972 24 581 25 3165 5678 1364 795 35 23 1458 18 45 1699 589 389 304 368 23 1105
internal_value=9.92031e-05 -0.00312857 0.00014228 0.00474001 -0.00682659 0.0092204 0.00434804 0.0015702 0.00195823 -0.00800932 -0.00117999 5.99294e-05 0.00883225 0.0696995 -0.00207934 -0.0104584 0.00970989 -0.00472529 -0.00117943 0.0487844 -0.0101785 -0.00688457 0.0125167 -0.0117312 0.00545213 -0.00162256 0.0037253 0.0119261 0.00718887 0.0168072
internal_weight=2960.07 1745.82 926.417 1214.25 819.404 503.118 497.411 711.135 411.081 766.28 202.262 133.133 66.6126 3.79448 270.294 564.018 140.787 429.006 280.363 6.39819 82.3836 340.49 369.985 148.643 396.683 115.167 86.0946 364.556 185.005 179.551
internal_count=39855 27488 13509 12367 13979 4781 6742 7586 5660 13387 3457 1272 630 49 4179 9930 1481 6767 4273 58 1485 5696 3509 2494 3984 1282 893 3464 1991 1473
cat_boundaries=0 4 8 12 15 16 19
cat_threshold=19677184 553730048 2688550912 32 27549760 16794624 2684355072 32 144965824 17408 541067840 32 9052224 16793600 2151678784 268 2883776 536870912 4196864
is_linear=0
shrinkage=0.03


Tree=45
num_leaves=31
num_cat=10
split_feature=22 22 5 3 9 37 1 23 40 22 20 23 26 1 23 23 17 2 27 27 23 40 23 17 4 26 1 11 0 41
split_gain=78.3237 32.5708 25.6134 23.778 14.9192 14.0919 13.4265 22.4098 13.3492 16.1405 12.7607 14.3859 12.3121 11.8493 16.4347 12.3526 11.0788 10.5287 12.7493 14.6422 14.3104 16.7186 10.223 11.4131 10.1627 9.60738 8.87245 9.85866 8.83656 8.68677
threshold=0 1 0.47126892289028594 0.66244090591943605 0.062477736597200052 17.500000000000004 3.5000000000000004 2 -0.36327176186655802 3 4 5 0.32993197278911562 8.5000000000000018 6 7 -0.25586219336219329 118.50000000000001 0.17974358974358975 0.18090909090909094 8 -0.72332609936386605 9 -0.30555555555555541 -1.6352144587098649 0.32993197278911562 3.5000000000000004 1.0000000180025095e-35 2100.0000000000005 0.40398538489769559
decision_type=9 9 2 2 2 2 2 9 2 9 9 9 2 2 9 9 2 2 2 2 9 2 9 2 2 2 2 2 2 2
left_child=1 22 6 10 -5 -6 7 28 9 16 11 12 -3 15 -15 -12 -8 -4 20 -20 -19 -22 24 -24 -1 29 -25 -28 -2 -9
right_child=2 3 17 4 5 -7 8 25 -10 -11 13 -13 -14 14 -16 -17 -18 18 19 -21 21 -23 23 26 -26 -27 27 -29 -30 -31
leaf_value=0.03703820794323457 0.0059431231640059562 -0.00036074242466268912 -0.009861046004240849 -0.012342083535787642 0.013104014308734141 -0.0020095046131640973 -0.0082964929356632473 0.042591590696568052 -0.014842052433617125 -0.012169081743733894 0.0084262032447904225 -0.011983301109690602 0.076637720034780338 0.0047570946586759852 -0.011626923943386084 -0.0011519672916841591 0.01290042752408537 -0.0059932081673889828 0.11065471048390399 0.011693767943267278 0.033178232190736227 0.0031641249320803178 -0.011329387709365962 0.017144100419065743 -0.010235074748420066 0.074721770563544523 0.04324010350732909 0.0080061574730187247 0.06837152612691029 -0.015038814719098645
leaf_weight=4.5504359900951377 107.92812253534794 151.18382164463401 39.606452330946922 30.852993868291378 235.39881579577923 72.662987500429153 36.880279380828142 2.4065416008234015 394.42851214855909 120.98919631913304 217.82600809261203 178.79514619335532 1.8923986963927735 88.596122611314058 124.54894663020968 259.95484216883779 55.718864239752293 52.251075830310583 2.2808535732328883 3.2816914469003677 28.645678050816059 40.063094507902861 21.000392694026232 159.42861926555634 40.693752225488424 1.1151278689503659 7.2892355471849433 366.86802554503083 2.0799420699477187 107.71873527020216
leaf_count=41 1725 2030 493 427 2083 798 699 41 7904 2223 2958 2486 21 1354 2068 3630 908 610 23 34 313 480 207 1019 351 16 66 2864 32 1950
internal_value=-0.00023079 0.00324573 -0.00704354 0.000655629 0.00754721 0.00953917 -0.00926824 -0.00294014 -0.0115709 -0.00553026 -0.00162156 -0.00635297 0.000554898 0.000732417 -0.00513903 0.00336709 0.00402362 0.00363751 0.00786309 0.0522715 0.00582089 0.0136856 0.00901852 0.0101804 -0.0044885 -0.0118289 0.0112178 0.00869258 0.00652989 -0.0137794
internal_weight=2956.94 1961.54 995.394 1361.71 338.915 308.062 829.265 221.248 608.017 213.588 1022.8 331.871 153.076 690.926 213.145 477.781 92.5991 166.129 126.522 5.56255 120.96 68.7088 599.83 554.586 45.2442 111.24 533.586 374.157 110.008 110.125
internal_count=39854 22403 17451 17855 3308 2881 15498 3764 11734 3830 14547 4537 2051 10010 3422 6588 1607 1953 1460 57 1403 793 4548 4156 392 2007 3949 2930 1757 1991
cat_boundaries=0 4 8 11 14 15 18 21 24 28 31
cat_threshold=1646535299 1916800257 2183283264 4 262144 2304 16384 4 150995136 134300672 2688549632 131080 81930 4202496 2568 6709312 150994944 536873472 21241856 673252352 536871232 142753984 2097152 2884 147584 151060480 2368 32 17055744 0 536870916
is_linear=0
shrinkage=0.03


Tree=46
num_leaves=31
num_cat=8
split_feature=22 22 5 3 9 22 37 1 23 23 37 11 2 23 42 16 2 27 23 40 28 27 42 3 23 17 12 4 40 5
split_gain=74.055 30.418 24.3363 22.2868 13.9973 13.253 13.0635 12.9168 12.9669 11.7792 12.6035 17.0191 11.4262 10.3934 10.8212 10.3475 9.8712 11.3822 13.3716 15.0964 12.3826 12.0274 9.81006 9.56615 9.53674 10.6717 10.5887 9.41654 9.21037 8.4364
threshold=0 1 0.47126892289028594 0.66244090591943605 0.062477736597200052 2 17.500000000000004 2.5000000000000004 3 4 5.5000000000000009 0.18634259259259259 118.50000000000001 5 1120.5000000000002 0.61250323750323765 118.50000000000001 0.17974358974358975 6 -0.72332609936386605 0.718090909090909 0.18090909090909094 1099.5000000000002 -0.13204268280071821 7 -0.30555555555555541 0.3660000000000001 -1.6352144587098649 -0.38866353355307415 -1.2320345395321775
decision_type=9 9 2 2 2 9 2 2 9 9 2 2 2 9 2 2 2 2 9 2 2 2 2 2 9 2 2 2 2 2
left_child=1 24 5 9 -5 -2 22 8 12 10 11 -3 -7 -9 -15 -12 -4 18 20 -20 -18 -19 -6 -10 27 29 28 -1 -27 -26
right_child=2 3 16 4 6 7 -8 13 23 -11 15 -13 -14 14 -16 -17 17 21 19 -21 -22 -23 -24 -25 25 26 -28 -29 -30 -31
leaf_value=0.034994009028274507 -0.015801099610236485 -0.015219508932358841 -0.0096425062464138706 -0.012097525131054165 0.0038230494491770265 0.041845115954867278 -0.0019523214642083136 -0.014469429812169452 0.0029080689330127575 0.00087252773565016915 0.0022435764602487108 0.085923818040202424 0.0071603217790718382 -0.010727849439455407 9.1049799966982117e-05 -0.010682920321992754 -0.013786025417041431 0.098622146583943221 0.031356068462556064 0.0030613914106472325 0.024557467535893801 0.011240346535435434 0.016830044625393295 -0.022010318612347771 0.029258803911273785 0.016429900218966152 -0.014930608838155723 -0.010001238034058712 0.0082845655415804843 -0.020124790813486278
leaf_weight=4.6698733419179908 200.44360218197107 118.08955221995711 39.293778486549854 30.537242069840431 77.406369220465422 10.495919521898029 72.549287814646959 176.74688166379929 29.944910407066345 651.94811703637242 166.03441327065229 1.5165095515549172 46.060232918709517 161.91733211278915 171.16018529981375 83.895050387829542 42.791892435401678 2.479052245616912 29.389257613569498 40.163738768547773 9.2118112929165346 3.3111887872219086 160.17617126181722 25.822387095540762 3.8109335824847248 206.15180464088917 14.014121431857346 40.40035392716527 317.15413559228182 17.009760152548552
leaf_count=41 4442 1925 493 427 709 164 798 3358 515 8943 2351 22 699 2949 2973 1306 511 23 313 480 99 34 1374 398 41 1389 113 351 2447 166
internal_value=-0.000228836 0.00313935 -0.00688276 0.000632226 0.00728166 -0.0090702 0.00918984 -0.0065425 0.00256164 -0.0015792 -0.00577204 -0.0139371 0.0115543 -0.00867664 -0.00501764 -0.00209552 0.00350212 0.00755798 0.00560049 0.0131295 -0.00586596 0.0486523 0.0125923 -0.00731788 0.00869823 0.0098118 0.0108042 -0.00436962 0.0114933 -0.0110858
internal_weight=2954.6 1965.36 989.232 1362.15 340.669 822.591 310.132 622.148 112.323 1021.48 369.536 119.606 56.5562 509.824 333.078 249.929 166.641 127.347 121.557 69.553 52.0037 5.79024 237.583 55.7673 603.211 558.141 537.32 45.0702 523.306 20.8207
internal_count=39854 22403 17451 17855 3308 15498 2881 11056 1776 14547 5604 1947 863 9280 5922 3657 1953 1460 1403 793 610 57 2083 913 4548 4156 3949 392 3836 207
cat_boundaries=0 4 8 11 14 18 22 26 29
cat_threshold=1646535299 1916800257 2183283264 4 262144 2304 16384 4 1049600 32796 1048580 16793792 134300672 541065988 27787392 553665536 2151677952 32 278592 81920 4196932 32 147584 151060480 2368 32 17055744 0 536870916
is_linear=0
shrinkage=0.03


Tree=47
num_leaves=31
num_cat=8
split_feature=22 22 5 39 9 23 1 9 37 39 23 37 11 16 12 2 27 23 40 28 27 42 23 13 18 40 13 23 4 39
split_gain=70.0915 28.3949 23.1728 20.8751 13.1365 12.9994 13.9961 14.1698 12.1188 11.5113 11.1509 12.0886 15.2664 9.82563 9.43386 9.27416 10.2049 12.4625 13.6642 11.6192 10.0457 9.11183 8.8997 10.8885 10.4402 11.6097 11.2233 9.09602 8.73742 8.68036
threshold=0 1 0.47126892289028594 0.66244090591943605 0.062477736597200052 2 3.5000000000000004 0.29635274658899119 17.500000000000004 1.1024765956909885 3 5.5000000000000009 0.18634259259259259 0.61250323750323765 1.2887368421052634 118.50000000000001 0.17974358974358975 4 -0.72332609936386605 0.718090909090909 0.18090909090909094 1072.5000000000002 5 -0.75999999999999968 6 -2.4322168945208387 -0.25599999999999978 7 -1.6352144587098649 -1.3355199521449379
decision_type=9 9 2 2 2 9 2 2 2 2 9 2 2 2 2 2 2 9 2 2 2 2 9 2 1 2 2 9 2 2
left_child=1 22 5 10 -5 -2 9 -8 21 -7 11 12 -3 -13 -9 -4 17 19 -19 -17 -18 -6 28 27 26 -26 -25 -24 -1 -29
right_child=2 3 15 4 8 6 7 14 -10 -11 -12 13 -14 -15 -16 16 20 18 -20 -21 -22 -23 23 24 25 -27 -28 29 -30 -31
leaf_value=0.033120382577384443 -0.012987947205893849 -0.014958099959968579 -0.0094272797619456249 -0.011855624066015796 -7.7041943636980414e-05 0.0021676043204393192 -0.012670748631994392 -0.00077790267198315924 -0.0018966810587572184 0.063965541196763065 0.00084614320689387079 0.0021721552754557357 0.077546024871453428 -0.010458269642473508 0.051555238581056963 -0.013522902485632241 0.088916599160487109 0.029682357009052682 0.0029622432369562084 0.023371519469410164 0.010808598672928769 0.014914490126457108 0.0020559435561839194 0.0069132326038178569 0.079448034639219581 0.0028010008179046564 0.019792876536798659 -0.0055824393797845335 -0.0097713396216908121 0.040546815975843704
leaf_weight=4.7842191979289046 373.73935804516077 116.57189847528934 38.989805266261101 30.230217445641756 44.900081317871809 118.08988378569484 219.88232475146651 98.58143512159586 72.438941780477762 2.7765957191586486 652.41354047879577 166.34407677873969 1.6280996724963177 83.137871313840151 3.200774122029542 42.322963748127222 2.6641021221876136 30.103756830096245 40.261288058012724 9.3861297219991666 3.3397054746747017 194.77188717201352 30.68405669182539 132.33370677009225 1.7915230020880688 246.13429040461779 112.78928565606475 4.1201226264238349 40.114747796207666 33.707169957458973
leaf_count=41 7512 1925 493 427 416 1908 4643 1359 798 33 8943 2351 22 1306 43 511 23 313 480 99 34 1667 240 985 12 1821 807 38 351 253
internal_value=-0.000226756 0.00303879 -0.00672771 0.000612469 0.00702712 -0.0088796 -0.00500334 -0.00838682 0.00885605 0.00358725 -0.00153427 -0.005628 -0.0136839 -0.00203683 0.000867833 0.00338345 0.00728333 0.00540535 0.0126027 -0.00571976 0.0454679 0.012106 0.00839127 0.00945901 0.00807026 0.00322479 0.0123363 0.020834 -0.00425363 0.0280952
internal_weight=2952.23 1968.9 983.338 1362.44 342.341 816.27 442.531 321.665 312.111 120.866 1020.1 367.682 118.2 249.482 101.782 167.068 128.078 122.074 70.365 51.7091 6.00381 239.672 606.459 561.56 493.049 247.926 245.123 68.5113 44.899 37.8273
internal_count=39854 22403 17451 17855 3308 15498 7986 6045 2881 1941 14547 5604 1947 3657 1402 1953 1460 1403 793 610 57 2083 4548 4156 3625 1833 1792 531 392 291
cat_boundaries=0 4 8 12 16 20 23 24 28
cat_threshold=1646535299 1916800257 2183283264 4 262144 2304 16384 4 11288576 18874368 4196932 32 27787392 553665536 2151677952 32 147584 151060480 2368 32 17055744 0 536870916 70 143130624 538984448 2147483648 32
is_linear=0
shrinkage=0.03


Tree=48
num_leaves=31
num_cat=6
split_feature=9 5 23 39 23 27 40 17 23 12 33 37 7 23 6 5 12 6 37 10 5 17 17 23 27 12 41 10 40 24
split_gain=51.9256 23.7997 31.3138 18.55 17.2758 16.868 16.6412 16.0497 15.507 17.7147 30.6477 13.0848 14.3463 14.2387 12.6882 11.9875 11.5858 12.1187 13.2728 11.5857 14.1555 27.4398 11.3898 10.959 10.5332 10.4356 10.4302 10.2907 10.2822 9.42237
threshold=0.22222013577259894 -0.39097678105464773 0 0.80789636668851406 1 0.10230245944531656 -0.36327176186655802 0.075529100529100515 2 -0.22788888888888878 3 11.500000000000002 0.78019323671497598 4 0.36038961038961043 -0.48431994376619708 -0.76799999999999979 0.12632978723404256 12.500000000000002 0.049390243902439006 -0.34458285736460131 -0.13888888888888881 0.51617826617826634 5 0.042109929078014162 0.049468085106382807 0.7078113896609286 0.25500000000000006 -0.032694044797284341 7.5000000000000009
decision_type=2 2 9 2 9 2 2 2 9 2 1 2 2 9 2 2 2 2 2 2 2 2 2 9 2 2 2 2 2 2
left_child=1 6 19 4 5 14 8 -8 9 15 -11 -5 13 27 22 -1 -6 28 -19 -3 21 -21 -2 26 -22 -16 -9 -13 -18 -15
right_child=3 2 -4 11 16 -7 7 23 -10 10 -12 12 -14 29 25 -17 17 18 -20 20 24 -23 -24 -25 -26 -27 -28 -29 -30 -31
leaf_value=-0.0080389100459012583 -0.0095571361765722628 -0.0025893977878606238 -0.0063172344481641244 0.012006418059333545 -0.0067918065065480935 0.0059701673704398986 -0.016923585580774999 0.047852060377425218 -0.010142155806210218 0.003613260092865174 0.057934154748725236 0.0087771508099022261 0.050375464657561292 0.042107520655333311 0.021577628262393705 0.038353382105509808 0.015140867809820451 0.0062375120402739471 -0.0076768998619247833 0.12306186134130011 -0.0025072241202483219 0.0076073820768920615 0.019245338281227879 -0.010694094811426991 0.012467787624313397 -0.01916651220445767 0.0031863429210303392 0.060277163818835272 0.004521315717126652 -0.0079036156273064821
leaf_weight=55.169027902185917 294.20689338073134 92.751612693071365 392.46514987573028 327.24582415819168 71.168916795402765 137.2249649502337 254.11831530556083 5.2330948784947386 92.910914499312639 28.46327057108283 13.918914031237362 75.820561747997999 5.418309085071086 3.4989758804440489 23.55365635454655 5.5137722492218009 165.73596701025963 173.80229543149471 95.655594278126955 2.8905994556844234 57.21200991794467 5.1597557179629785 12.898342180997131 66.973239563405514 161.90263802558184 7.4461328387260428 46.652671843767166 3.6605851873755446 162.52487897872925 109.40896347910166
leaf_count=1054 3691 1667 6402 2517 971 1487 5314 87 1826 504 231 781 28 35 192 91 1817 1622 1097 44 820 73 138 1311 2159 67 860 23 1884 1093
internal_value=0.000169054 -0.00437338 -0.000719471 0.00365583 0.00151355 -0.00284089 -0.00894841 -0.0126675 -0.00187033 0.00598946 0.021453 0.00832438 0.00223295 0.000877103 -0.00650102 -0.0038236 0.00458191 0.00601281 0.001298 0.00615285 0.00999317 0.049063 -0.00834744 -0.00356804 0.00855773 0.0117909 0.00644843 0.00990307 0.00988303 -0.00583683
internal_weight=2950.61 1281.33 712.382 1669.27 1144.22 475.33 568.953 372.977 195.976 103.065 42.3822 525.053 197.807 192.389 338.105 60.6828 668.888 597.719 269.458 319.917 227.165 8.05036 307.105 118.859 219.115 30.9998 51.8858 79.4811 328.261 112.908
internal_count=39886 22443 11165 17443 12966 5575 11278 7572 3706 1880 735 4477 1960 1932 4088 1145 7391 6420 2719 4763 3096 117 3829 2258 2979 259 947 804 3701 1128
cat_boundaries=0 3 7 10 11 14 17
cat_threshold=139067456 153109504 536871168 153763840 18890752 4194304 32 142753984 539051008 320 1 161759360 16384 541067520 16932864 151011328 2147484160
is_linear=0
shrinkage=0.03


Tree=49
num_leaves=31
num_cat=9
split_feature=22 22 5 23 16 23 22 23 17 17 27 16 37 4 17 23 39 13 17 41 4 24 39 6 13 8 11 23 26 22
split_gain=64.8754 27.877 22.3847 22.5287 20.2418 23.2726 17.3066 17.0647 14.0028 12.6175 14.0533 12.3501 13.8347 13.1514 17.9839 12.23 11.9894 11.8523 17.9509 13.637 11.7827 11.2538 11.1489 14.1453 10.8732 10.56 10.5005 10.4837 10.4662 10.4152
threshold=0 1 -0.25889887574555598 2 0.41796906796906802 3 4 5 0.11538461538461536 0.15873015873015878 0.082316326530612216 0.24242424242424246 40.500000000000007 -3.7011311942198128 0.31538600288600288 6 0.71277076204030454 -0.13199999999999992 0.28344155844155849 1.1398575144510164 -2.3434183568846816 10.500000000000002 -0.17373159807334632 0.080540540540540509 0.82900000000000007 0.24671035919321246 0.13921188630490958 7 0.13574938574938572 8
decision_type=9 9 2 9 2 9 9 9 2 2 2 2 2 2 2 9 2 2 2 2 2 2 2 2 2 2 2 9 2 9
left_child=2 16 3 29 5 9 7 22 15 10 -3 12 24 14 -13 -6 -2 19 -19 -9 28 -18 23 -4 -5 -11 -10 -28 -7 -1
right_child=1 4 6 11 8 20 -8 17 26 25 -12 13 -14 -15 -16 -17 21 18 -20 -21 -22 -23 -24 -25 -26 -27 27 -29 -30 -31
leaf_value=0.014816701666729453 -0.018748137029258458 0.0022161172749260529 -0.012174423248074105 8.2100162006371077e-05 0.0024626701347046989 0.013090952225519014 0.0036764237830481093 0.022255375274593505 -0.0045960972693982931 0.10336227575905826 0.024421483107148159 -0.0038971907903942861 0.089322314941580105 -0.011103935943162509 0.081081281123519588 -0.0139607109710203 0.080612357543225072 0.01550579501258703 0.044388641736459108 0.0056814772234032723 -0.0043312588111746476 -0.0018017344427283706 -0.011503727460908665 0.087377860591099185 0.059629025335826265 0.02762495253813823 -0.0082183930736520975 0.01687745042042418 0.091162869621791529 0.0013464080781543804
leaf_weight=68.468166027218103 174.36366105079651 60.981312915682793 2.6921651363372794 56.246468175202608 52.534997615963221 17.765811275690798 839.90784015879035 64.35578752681613 279.40887308493257 2.4114153124392024 44.274857182055712 6.9169703759253007 1.7196962311863888 235.05413093417883 3.3157663121819496 232.43880726024508 1.5921521224081541 70.845940720289946 26.651948794722557 146.13873099908233 256.6904905103147 23.519566677510738 41.069656495004892 2.4567966163158417 2.9022245407104483 5.2951146550476551 18.04567601904273 34.96324460580945 1.6926356777548779 174.87622222304344
leaf_count=774 4042 896 27 711 1019 282 8859 480 4305 27 588 77 23 3285 29 4783 24 518 181 1100 3775 362 386 24 36 50 262 470 23 2468
internal_value=0.000159491 -0.00516657 0.00385082 -0.00113794 -0.0030491 0.00227958 0.00617876 0.0116788 -0.00645689 0.0131091 0.0115566 -0.00644258 0.00544259 -0.00965456 0.0236388 -0.0113365 -0.0151952 0.01429 0.0234012 0.0107487 -0.00253335 0.00342355 -0.0051684 0.0353264 0.00300386 0.0513236 -0.00227369 0.00996765 0.0198822 0.0055717
internal_weight=2949.6 1205.98 1743.62 549.5 1006.5 389.112 1194.12 354.211 617.392 112.963 105.256 306.155 60.8684 245.287 10.2327 284.974 199.475 307.992 97.4979 210.495 276.149 25.1117 46.2186 5.14896 59.1487 7.70653 332.418 53.0089 19.4584 243.344
internal_count=39886 20908 18978 7403 16480 5641 11575 2716 10839 1561 1484 4161 770 3391 106 5802 4428 2279 699 1580 4080 386 437 51 747 77 5037 732 305 3242
cat_boundaries=0 4 7 11 14 18 22 25 28 32
cat_threshold=3793887361 306187521 2149728832 4 1049600 28 1048580 12607552 136314880 2684355072 32 21102592 536937472 536871168 1 256 131072 4 21241984 536870912 2684354564 32 134226048 134217728 4 8519680 81920 4194368 8192 1 64 4
is_linear=0
shrinkage=0.03


Tree=50
num_leaves=31
num_cat=9
split_feature=22 22 5 1 20 23 23 42 12 17 22 23 40 12 1 17 13 5 13 13 27 2 14 23 3 5 42 20 27 42
split_gain=61.335 33.2453 22.8844 20.7315 18.6422 18.212 16.5162 15.389 12.3943 16.5332 13.7676 11.5651 12.249 10.8798 10.7201 10.6026 17.2703 9.7486 10.4541 12.686 10.2013 9.36439 10.4622 10.1043 10.1593 9.13639 8.98183 8.95335 17.0575 15.4258
threshold=0 1 0.10567034237895916 6.5000000000000009 2 3 4 1174.5000000000002 -0.98799999999999988 -0.04761904761904754 5 6 0.75649506341577843 -0.8693749999999999 4.5000000000000009 0.3388278388278389 -0.9159999999999997 -0.77719821724487692 0.12000000000000006 0.17599999999999996 0.10676291793313065 128.50000000000003 -1.0000000180025095e-35 7 -1.1347036715609762 -0.68475681778253827 1047.5000000000002 8 0.039230769230769208 1131.5000000000002
decision_type=9 9 2 2 9 9 9 2 2 2 9 9 2 2 2 2 2 2 2 2 2 2 2 9 2 2 2 9 2 2
left_child=13 14 3 4 6 -6 -3 8 9 -4 -10 -9 -13 -1 21 -5 -17 -16 20 -20 -19 22 -2 24 -23 -15 -25 -27 29 -29
right_child=1 2 7 15 5 -7 -8 11 10 -11 -12 12 -14 25 17 16 -18 18 19 -21 -22 23 -24 26 -26 27 -28 28 -30 -31
leaf_value=-0.021327496991467774 0.007899221313904168 -0.0020257425642379672 0.084943420916425844 -0.007896329924647949 0.0054927118221907156 -0.0054818124139686883 0.019727148777249293 -0.0044399302309156138 0.0045369158997352757 0.010530888126286489 -0.0040483395968573177 0.016033739851382806 -0.0075227801822026529 -0.018166708805979457 -0.0086916967292926493 0.087395222210018081 0.0024286256832892596 0.0012005189654146263 0.069690748033445812 0.015422233198921819 0.018770949553741777 0.068472905503122974 0.02843674011923987 0.035257789065135776 0.015767404962804162 -0.0077381830549815714 -0.0096375680869566598 0.015964928071812209 0.0058884037174763608 0.16603937246267722
leaf_weight=96.270883902907372 34.604969121515751 55.056401841342449 3.5611399076879033 539.61240797862411 208.33649942278862 353.53884078934789 72.972790837287903 41.706719052046537 370.65308836847544 10.950527831912037 291.56936402246356 178.83819139748812 22.349251080304384 65.582150176167488 37.681721929460764 2.2433366589248172 53.470928337424994 154.67605726420879 4.2515785396099082 43.978626377880573 36.818760067224503 3.6962395235896102 62.903781469911337 4.4997899755835524 30.059708513319492 109.19194211065769 36.887400101870298 1.2567826621234446 19.702539622783661 1.2097964212298391
leaf_count=2148 272 803 47 9629 2996 5267 1058 450 3558 139 3441 1724 240 1583 401 31 731 1321 34 346 290 28 438 32 192 2019 264 25 359 20
internal_value=0.000154763 0.0016084 7.67946e-05 -0.00250819 0.00103121 -0.0013877 0.0109037 0.00369029 0.00136531 0.0287916 0.000764299 0.010168 0.0127816 -0.0126313 0.00894707 -0.00660988 0.00584981 0.00549316 0.00772284 0.0202061 0.00457879 0.0150148 0.0211482 0.00705592 0.0166162 -0.00902182 -0.00383076 -0.00445622 0.0104745 0.0895728
internal_weight=2948.13 2654.92 2204.86 1285.23 689.905 561.875 128.029 919.628 676.734 14.5117 662.222 242.894 201.187 293.214 450.059 595.327 55.7143 277.407 239.725 48.2302 191.495 172.652 97.5088 75.1431 33.7559 196.943 41.3872 131.361 22.1691 2.46658
internal_count=39886 33732 30114 20515 10124 8263 1861 9599 7185 186 6999 2414 1964 6154 3618 10391 762 2392 1991 380 1611 1226 710 516 220 4006 296 2423 404 45
cat_boundaries=0 3 7 8 11 14 17 20 22 23
cat_threshold=1050144 16777244 5242884 536870912 256 131072 4 3456 138428640 2098176 536871684 151404736 536952832 4 1073750145 641763331 8192 655360 0 2147483712 8929344 134284288 44
is_linear=0
shrinkage=0.03


Tree=51
num_leaves=31
num_cat=13
split_feature=22 9 22 16 17 23 6 23 1 23 22 22 5 1 3 41 1 16 23 11 23 41 8 1 23 10 1 18 30 22
split_gain=60.998 33.8179 23.886 16.8675 15.595 15.5722 15.1516 14.0527 13.9995 17.3072 15.5584 13.9259 17.8268 13.5693 12.8353 13.4451 14.7426 12.7001 12.0019 13.3207 11.426 12.2708 11.1728 11.168 11.1056 13.31 11.253 10.5692 9.97828 9.75924
threshold=0 0.33333020365889848 1 0.50776353276353292 -0.034157509157509099 2 0.072299651567944212 3 6.5000000000000009 4 5 6 0.52515101024039779 5.5000000000000009 0.56063501366039559 0.7078113896609286 5.5000000000000009 0.025641025641025703 7 0.19782608695652179 8 1.8796199229435044 0.34576839197577919 3.5000000000000004 9 1.0000000180025095e-35 1.5000000000000002 10 11 12
decision_type=9 2 9 2 2 9 2 9 2 9 9 9 2 2 2 2 2 2 9 2 9 2 2 2 9 2 2 1 1 9
left_child=14 2 6 5 -5 27 20 -6 10 11 18 12 -10 -7 -1 16 -16 22 19 -3 21 -2 -11 -22 25 -12 -26 -4 -13 -19
right_child=1 8 3 4 7 13 -8 -9 9 17 24 28 -14 -15 15 -17 -18 29 -20 -21 23 -23 -24 -25 26 -27 -28 -29 -30 -31
leaf_value=-0.014139951873676572 0.013453977310081315 0.0058232911182610715 0.003286015288157701 -0.018731065813214629 -0.012364793984613227 0.010753999421386704 -0.0058496920181545084 -0.00046599432931756227 -0.0055758570154439292 0.010859688765590684 0.069452276032362981 -0.0026003017348754736 0.022731445528048018 -0.0019750805522771382 0.11684157873373942 -0.0033134231570407348 -0.0019009338541186457 -0.001950141794717819 -0.0053390990564214725 0.051163434469244665 0.016894984748085543 0.042672655944248725 0.076709003582817889 -0.0042969660782086879 0.025462765575175097 0.00058346857679425804 0.011405293492095396 -0.011492950451630924 -0.019428005885092449 0.0083763253109195111
leaf_weight=315.81572006270289 89.648026261478662 118.91293005645275 61.703745484352112 103.44552823156118 146.576684769243 138.34296420589089 76.955987825989723 221.81995911896229 57.531275201588869 5.2557792998850328 2.5841977894306174 56.162217482924461 30.710697062313557 165.58481378480792 1.8002943918108933 72.88531981408596 1.9716135114431379 131.67857343330979 119.91029293462634 6.132588952779769 31.692817512899637 15.117118708789347 4.150231096893549 76.172900848090649 62.401120461523533 111.498938459903 286.79713756591082 134.64199489727616 72.852202486246824 209.34921790659428
leaf_count=6935 963 1084 1062 2097 2673 2033 858 3697 630 51 25 629 255 2961 23 1096 31 1425 1111 45 305 151 30 882 422 955 2246 2312 814 1912
internal_value=-0.000330924 0.00138595 -0.00209128 -0.00432511 -0.00843865 -0.000531803 0.00537133 -0.00554854 0.00483527 0.00132534 0.00764867 -0.00521041 0.00384064 0.00369734 -0.0111822 -0.000455255 0.0547737 0.00537265 0.00122619 0.00745104 0.00968508 0.0161304 0.0399145 0.00176588 0.0107852 0.00197073 0.0135299 -0.00691434 -0.011232 0.00457748
internal_weight=2930.1 2537.63 1261.7 972.116 471.842 500.274 289.587 368.397 1275.93 567.69 708.237 217.256 88.242 303.928 392.473 76.6572 3.77191 350.434 244.956 125.046 212.631 104.765 9.40601 107.866 463.281 114.083 349.198 196.346 129.014 341.028
internal_count=39713 31628 19994 16835 8467 8368 3159 6370 11634 5746 5888 2328 885 4994 8085 1150 54 3418 2240 1129 2301 1114 81 1187 3648 980 2668 3374 1443 3337
cat_boundaries=0 3 7 11 14 17 20 23 27 30 34 35 36 39
cat_threshold=68420648 16777756 22020100 553779200 268474368 33702400 4 137109632 553730048 512 32 10764288 536952832 2151680256 144982208 2113536 2684354624 3758228097 104923137 2147500032 2105473 4196353 2147483712 11026560 673251328 2147483972 32 142630912 18891776 2151678208 19415040 538968064 2684354816 32 65 4 2684354690 71336193 2147622977
is_linear=0
shrinkage=0.03


Tree=52
num_leaves=31
num_cat=9
split_feature=22 5 9 16 17 23 23 22 40 23 22 23 1 5 5 27 23 2 22 17 1 41 40 4 7 17 13 41 5 1
split_gain=58.0274 30.757 18.338 19.1979 23.2006 18.7247 18.1115 14.5698 18.2869 14.0226 12.9621 14.1829 14.8286 15.2151 11.8135 11.0728 17.2789 16.15 12.217 11.0189 10.3826 11.9432 10.4697 10.9507 10.1068 17.434 12.8572 9.96035 9.73691 13.4107
threshold=0 0.25307492016835703 0.30109875267851421 0.64448329448329467 0.071428571428571466 1 2 3 -2.0546034976031589 4 5 6 1.5000000000000002 -0.016290627135674595 -0.55576460524129268 0.081356867071152708 7 115.50000000000001 8 -0.24444444444444433 12.500000000000002 1.7830105715472069 -1.1946681121736782 1.1719536038975813 0.56904761904761914 0.22222222222222229 -0.25599999999999978 0.40398538489769559 -0.016290627135674595 4.5000000000000009
decision_type=9 2 2 2 2 9 9 9 2 9 9 9 2 2 2 2 9 2 9 2 2 2 2 2 2 2 2 2 2 2
left_child=2 10 3 5 -5 28 14 8 -7 20 24 12 13 -12 -6 16 17 -4 -17 -9 22 -22 23 -3 -2 -26 -27 -11 29 -1
right_child=1 9 15 4 6 7 -8 19 -10 27 11 -13 -14 -15 -16 18 -18 -19 -20 -21 21 -23 -24 -25 25 26 -28 -29 -30 -31
leaf_value=0.003637436718810865 -0.016118092480963197 0.02404700067070074 0.04931169139968427 -0.022864552602915166 0.021578666996029148 0.08164682957307362 -0.011079673955187328 -0.013278287423253732 0.013439429002551934 0.069173956922914781 0.073268088777081117 -0.0083515378343752573 0.0013062688479728956 -0.012098809515180243 5.5283858877016361e-05 -0.0030236801862193888 -0.0021530460668341186 0.0070031350650257371 0.01101396625467546 0.0064219004813212133 0.0015141255214185763 0.10746553573799315 -0.013454913225958343 -0.027315328347698904 -0.015631592652005123 0.019376238215715449 0.14220517408618058 0.0066739807060454863 0.0030436803061696552 -0.013825697245693757
leaf_weight=62.848860207945108 262.14744962379336 14.6420742161572 8.3641318120062333 64.097045354545116 33.274846881628036 3.6228513531386843 94.067360576242208 38.43404508009553 150.49517711624503 2.3244789987802497 5.3882901780307293 385.15318732708693 79.871867921203375 2.8852163925766927 73.971643667668104 66.462889395654202 308.3554620668292 278.25364658609033 375.66621496155858 76.243643660098314 2.6577684730291358 1.4967713281512258 81.32456299290061 5.0156460292637339 5.3513151071965677 1.7345606386661532 1.374964755028486 180.14131345227361 154.83052698150277 106.88720095902681
leaf_count=850 5913 181 73 1165 531 39 1372 690 1851 25 84 7162 1435 39 989 657 2936 2381 2878 1320 41 20 1101 60 83 26 21 2121 1899 1770
internal_value=-0.000325035 -0.00601717 0.00278898 -0.000438694 -0.0071454 0.00256121 -0.00214052 0.00824135 0.0141262 0.00225592 -0.00929653 -0.00586784 0.00472988 0.0434981 0.00615896 0.00548854 0.00281637 0.00796007 0.00908449 -0.000166102 -0.00620345 0.0396856 -0.0087057 0.010942 -0.0145392 0.0171953 0.0736885 0.00708205 -0.00232518 -0.00735955
internal_weight=2927.39 1031.51 1895.88 858.773 265.411 593.362 201.314 268.796 154.118 287.603 743.907 473.299 88.1454 8.27351 107.246 1037.1 594.973 286.618 442.129 114.678 105.137 4.15454 100.982 19.6577 270.608 8.46084 3.10953 182.466 324.567 169.736
internal_count=39713 18312 21401 12476 4057 8419 2892 3900 1890 3549 14763 8720 1558 123 1520 8925 5390 2454 3535 2010 1403 61 1342 241 6043 130 47 2146 4519 2620
cat_boundaries=0 4 8 12 16 20 23 26 29 32
cat_threshold=573186051 306240771 2181186112 4 3023072 153157632 2048 32 139456 673185792 2684355396 32 1 306190337 2147614784 4 2514944 538969088 2151678528 32 1049736 16777244 1048580 4456448 136381440 536870916 524288 687948800 4197188 537001984 33587201 2147483712
is_linear=0
shrinkage=0.03


Tree=53
num_leaves=31
num_cat=14
split_feature=22 9 22 23 20 3 6 1 23 22 22 5 3 7 6 23 11 13 23 1 40 23 10 24 22 10 30 24 20 22
split_gain=55.4167 30.1742 22.0792 15.9592 15.1435 18.5903 13.7026 12.8252 15.9854 14.0651 13.194 16.449 12.0598 12.2867 21.3053 11.1229 11.8865 10.56 10.4079 13.5927 13.3596 10.2147 11.8472 11.1152 10.1243 10.3831 9.60785 9.2382 9.111 12.2005
threshold=0 0.33333020365889848 1 2 3 -0.04999995000003999 0.072299651567944212 6.5000000000000009 4 5 6 0.52515101024039779 0.56063501366039559 0.14459930313588848 0.061862244897959155 7 0.19782608695652179 -0.29999999999999988 8 3.5000000000000004 -0.74906487572861125 9 1.0000000180025095e-35 20.500000000000004 10 0.032795698924731158 11 10.500000000000002 12 13
decision_type=9 2 9 9 9 2 2 2 9 9 9 2 2 2 2 9 2 2 9 2 2 9 2 2 9 2 1 2 9 9
left_child=12 2 6 28 5 -5 18 9 10 15 11 -9 -1 14 17 16 -3 -14 20 -20 -2 22 -11 -23 25 -10 -12 -8 29 -4
right_child=1 7 3 4 -6 -7 27 8 24 21 26 -13 13 -15 -16 -17 -18 -19 19 -21 -22 23 -24 -25 -26 -27 -28 -29 -30 -31
leaf_value=-0.013694638643378181 0.039270188909834594 0.0055153466414626477 -0.010954769251411796 -0.00369357582309599 -0.0069354146210685733 0.01114410811722358 0.041448610235385534 -0.0054607634342177655 0.027760685354160004 0.063751186434763185 -0.0025775253105676504 0.021597942050674977 -0.0093108099755156645 -0.0064965437001530393 0.10588455081323418 -0.0052224833685591051 0.047599948411750755 0.048609790033031244 0.017725823774852496 -0.0045742008352808146 0.011686628707879508 0.02256507554348907 0.00041830848906639019 0.010144526885964794 0.0081849099413734781 -0.0063319613293670455 -0.019146074104566937 -0.0080051729932148034 -0.010422477264769936 0.0075537287367748694
leaf_weight=308.5912619791925 19.471669290214777 119.65887761116028 45.266157560050488 149.11545151099563 182.85573533177376 154.98688875511289 3.5656112134456626 57.324612803757191 8.8275986872613412 2.7229907698929301 56.112477980554104 31.237382628023624 9.2195928990840894 60.78969407454133 2.3832587525248519 119.46008305624127 6.3612988963723174 4.0895976386964312 35.108616754412651 82.188371654599905 83.870469935238361 85.557119954377413 111.86798311769962 267.86164179816842 253.78176448494196 90.10010576620698 71.810903064906597 73.027607474476099 361.4943630322814 66.334797818213701
leaf_count=6935 200 1084 847 2702 3060 2305 38 630 107 25 629 255 164 879 36 1111 45 71 335 964 892 663 955 2005 2328 983 814 820 6614 1217
internal_value=-0.000318777 0.00130324 -0.00199432 -0.00418721 -0.000324199 0.00374534 0.00505934 0.00454566 0.00118708 0.00722502 -0.00511248 0.00366903 -0.0107718 -0.00038728 0.0232789 0.00112202 0.00707805 0.00848681 0.0090247 0.0019355 0.0153943 0.0101846 0.0017689 0.0127895 0.00505523 -0.00298776 -0.0110172 -0.00570297 -0.0080744 -0.000236969
internal_weight=2925.04 2539.97 1257.29 960.053 486.958 304.102 297.232 1282.68 569.195 713.49 216.485 88.562 385.073 76.4821 15.6924 245.48 126.02 13.3092 220.639 117.297 103.342 468.01 114.591 353.419 352.709 98.9277 127.923 76.5932 473.095 111.601
internal_count=39713 31628 19994 16745 8067 5007 3249 11634 5746 5888 2328 885 8085 1150 271 2240 1129 235 2391 1299 1092 3648 980 2668 3418 1090 1443 858 8678 2064
cat_boundaries=0 3 7 11 12 15 18 21 25 28 32 35 36 37 39
cat_threshold=68420648 16777756 22020100 1627521024 268474368 33702400 4 137248896 16859136 2151680000 32 482 144982208 2113536 2684354624 3758228097 104923137 2147500032 2105473 4196353 2147483712 11026560 673251328 2147483972 32 142630912 18890752 2151678208 19415040 538968064 2684354816 32 2684354688 71336192 2147622977 4 198 2149589634 67174656
is_linear=0
shrinkage=0.03


Tree=54
num_leaves=31
num_cat=9
split_feature=22 22 5 5 1 17 23 37 20 9 24 23 4 0 42 22 3 40 23 16 24 18 11 13 23 13 24 5 16 14
split_gain=70.9514 26.925 22.9647 22.8644 16.5628 13.7216 13.3808 11.8388 11.6945 16.6013 13.7999 11.4942 14.8393 19.5499 11.1729 10.6006 10.4864 10.6503 10.0246 9.90323 14.8281 8.64696 9.51292 8.40794 8.12361 8.02641 7.57517 7.20746 9.52722 7.16383
threshold=0 1 0.4924343782442579 -1.0250483184973127 10.500000000000002 -0.27365689865689852 2 22.500000000000004 3 0.55450174518325535 17.500000000000004 4 -0.19344298137917018 1625.0000000000002 1164.5000000000002 5 -4.4999357161218878 -1.7297050527323743 6 0.060606060606060656 35.500000000000007 7 0.11952380952380952 0.060000000000000102 8 -0.53999999999999959 16.000000000000004 -1.4368322000069063 0.24242424242424246 9.5000000000000018
decision_type=9 9 2 2 2 2 9 2 9 2 2 9 2 2 2 9 2 2 9 2 2 1 2 2 9 2 2 2 2 2
left_child=2 5 15 16 8 27 21 11 10 -10 -5 -4 13 -13 -6 -1 17 -3 -16 20 -18 26 -23 -14 -17 -19 -7 28 -2 -26
right_child=1 3 7 4 14 6 -8 -9 9 -11 -12 12 23 -15 18 24 19 25 -20 -21 -22 22 -24 -25 29 -27 -28 -29 -30 -31
leaf_value=-0.017220934408147474 0.051113968016651995 0.071120899422292785 -0.0055625083986455973 0.013963095583552933 -0.0096961738890691523 0.035042475448453743 0.0042180266280291622 -0.018659160698700092 -0.0043279535122218429 0.0071080084845120345 0.0036015343866785576 0.029635284948138108 0.016661004108847955 0.12596782143209073 -0.0079323641583092623 -0.013015808281454076 -0.0092738203553976682 -0.021709118902926358 0.013106479818427517 -0.012550172673903558 0.066478713696174946 0.012038654881168964 -0.0079912774049424387 -0.016563354840811593 -0.0050124882842640418 0.015834088419399844 0.016387212296865652 -0.017259069477116053 -0.02273040136697432 0.019071925391005669
leaf_weight=181.21110021322966 3.5198253542184821 2.2978316619992283 32.982616629451513 147.82148921117187 165.22393968328834 22.31279257312417 325.04873546212912 16.955081485211849 323.26176261901855 176.69043903052807 532.07076589018106 11.874588277190922 30.367447234690189 2.2562663331627837 28.156796652823687 150.02719910442829 6.4686249829828721 7.6619480922818228 37.79848001152277 184.12536537274718 3.6309963800013065 62.473464168608189 32.411519967019558 8.8538668081164342 217.94583707675338 15.479012355208393 160.53008827567101 27.910131510347128 2.842122308909893 11.712496135383843
leaf_count=4414 38 29 398 1931 2504 164 2507 231 4426 1461 7038 139 350 27 401 2935 100 104 513 3408 52 480 237 102 3901 186 1155 282 38 217
internal_value=-6.16123e-05 0.0024692 -0.00861011 0.000409404 0.00181353 0.00765394 0.00882395 0.00425954 0.00325227 -0.000280702 0.00576948 0.00876049 0.0157126 0.0450167 -0.00552923 -0.0111336 -0.00859142 0.00952033 0.00490933 -0.0109636 0.0179606 0.013574 0.00470122 0.0091609 -0.00757522 0.00340357 0.0176959 -0.0106907 0.0181249 -0.00362629
internal_weight=2931.92 2267.74 664.186 1630.69 1411.02 637.049 602.777 103.29 1179.84 499.952 679.892 86.3348 53.3522 14.1309 231.179 560.897 219.664 25.4388 65.9553 194.225 10.0996 277.728 94.885 39.2213 379.686 23.141 182.843 34.2721 6.36195 229.658
internal_count=39768 27054 12714 22153 18274 4901 4543 1247 14856 5887 8969 1016 618 166 3418 11467 3879 319 914 3560 152 2036 717 452 7053 290 1319 358 76 4118
cat_boundaries=0 3 7 11 12 16 19 23 24 28
cat_threshold=84935848 1157661212 22024197 131072 2304 0 4 9044160 136315904 4194624 32 1506 8921216 134217728 4196928 32 1049600 28 5242884 9330880 16384 2147483652 32 78 143155200 553664512 4194880 32
is_linear=0
shrinkage=0.03


Tree=55
num_leaves=31
num_cat=11
split_feature=22 22 5 5 1 17 23 20 9 22 42 22 23 12 9 18 41 23 40 1 17 9 15 23 7 41 6 41 23 28
split_gain=67.357 25.1747 21.8831 21.654 15.572 12.8769 11.5826 10.9232 15.5971 12.0985 10.6379 10.3641 10.3185 10.3206 9.59115 9.0314 9.19932 8.93954 12.1496 9.32615 9.08665 11.4135 8.93687 8.63899 8.4051 8.36146 13.7049 7.99051 7.8517 7.51984
threshold=0 1 0.4924343782442579 -1.0250483184973127 10.500000000000002 -0.27365689865689852 2 3 0.55450174518325535 4 1164.5000000000002 5 6 -0.69999999999999973 0.14677423324806424 7 1.67684540697368 8 -1.2304930349599486 4.5000000000000009 -0.12121212121212115 0.59012413744910286 -1.0000000180025095e-35 9 0.78759398496240618 1.3526798955929598 0.24621212121212124 1.0115293376089181 10 -0.043999999999999942
decision_type=9 9 2 2 2 2 9 9 2 9 2 9 9 2 2 1 2 9 2 2 2 2 2 9 2 2 2 2 9 2
left_child=2 5 11 12 7 -2 15 9 -9 -5 -6 -1 13 -3 -15 16 -7 25 20 22 29 -22 -20 -12 -17 26 -4 -28 -13 -19
right_child=1 3 17 4 10 6 -8 8 -10 -11 23 28 -14 14 -16 24 -18 18 19 -21 21 -23 -24 -25 -26 -27 27 -29 -30 -31
leaf_value=-0.016985677900775754 -0.010459081159822565 -0.021190617729675013 -0.0084423416028821287 -0.00068408007620112006 -0.0094830184670070296 0.020150629789441613 0.0034541899131385065 -0.0042132848661757764 0.0068612100042199694 0.008141639050012528 0.012198821894953651 -0.012788923501164501 -0.013320105292139253 -0.0056639945912821165 0.016164073304347753 0.0016373335997790939 0.0059176073981416369 -0.024506379615974426 -0.00096579148058394517 -0.0054020752898933898 0.086550754791339862 0.019534056557276556 0.041820658185785724 -0.0073818072456535398 0.027787637774913207 -0.020040016236812393 0.017270547410073011 0.094911859338166024 -0.0035291063913666888 0.047424231711325794
leaf_weight=178.39079293981194 34.000900190323591 16.490513205528259 13.454692810773851 201.19430321827531 163.89012096077204 166.37253618240356 272.86043192073703 322.11552639678121 177.54141470044851 481.90941916033626 38.601149629801512 148.31176406890154 129.03337322175503 36.724261034280062 35.756037708371878 100.19511170312762 54.179231528192759 3.1773386560380459 8.1812323741614836 30.353159409016371 4.7334013506770116 4.4255560487508774 9.4898732714354974 27.571044519543648 12.434811890125273 22.758402552455664 2.8100836649537078 2.0730552300810814 228.90635570511222 2.2233642600476733
leaf_count=4414 358 304 180 3025 2504 1175 2144 4426 1461 5944 508 2935 2372 735 468 768 389 34 88 394 51 41 100 406 67 292 23 19 4118 25
internal_value=-6.4106e-05 0.00239187 -0.0084319 0.000396992 0.00175735 0.0073905 0.00851387 0.00314642 -0.000272763 0.00556984 -0.00538393 -0.0109208 -0.00840088 0.000207264 0.00510424 0.012188 0.0159319 0.00409266 0.010315 0.00468516 0.0359696 0.0541687 0.0220117 0.00476839 0.00415549 -0.00634839 0.00718188 0.0502319 -0.00740607 0.00510605
internal_weight=2930.16 2270.87 659.289 1630.83 1412.82 640.043 606.042 1182.76 499.657 683.104 230.062 555.609 218.004 88.9708 72.4803 333.182 220.552 103.68 62.5839 48.0243 14.5597 9.15896 17.6711 66.1722 112.63 41.0962 18.3378 4.88314 377.218 5.4007
internal_count=39768 27054 12714 22153 18274 4901 4543 14856 5887 8969 3418 11467 3879 1507 1203 2399 1564 1247 733 582 151 92 188 914 835 514 222 42 7053 59
cat_boundaries=0 3 7 11 12 15 18 21 22 26 29 33
cat_threshold=84935848 1157661212 22024197 131072 2304 0 4 143261888 136315904 4194624 32 1506 2 536957954 2097216 1049600 28 5242884 138813440 539034624 2147484164 78 8921216 150994944 4196928 32 150995008 153092096 541066048 143155200 553664512 4194880 32
is_linear=0
shrinkage=0.03


Tree=56
num_leaves=31
num_cat=8
split_feature=22 22 5 5 1 17 23 27 28 27 12 41 23 35 42 23 15 22 23 12 16 2 3 23 3 40 9 41 1 28
split_gain=63.9324 23.5554 20.8846 20.575 14.6491 12.3274 13.5374 10.9526 13.5495 10.8602 25.9058 11.7542 10.7816 21.7735 11.3665 10.2135 10.1401 10.1217 9.91685 9.85044 9.51228 9.35874 9.33475 9.14054 11.0709 10.1336 8.90991 7.84366 7.81989 9.62124
threshold=0 1 0.4924343782442579 -1.0250483184973127 10.500000000000002 -0.011853886853886797 2 0.14608739837398374 0.020204081632653054 0.19782608695652179 -0.85099999999999987 1.0766237445385836 3 -99.999999999999986 1065.5000000000002 4 17.500000000000004 5 6 -0.69999999999999973 0.32167832167832172 121.50000000000001 -0.031752998002503995 7 1.0620353769347435 -1.266703004129669 0.14677423324806424 0.91876204802134043 3.5000000000000004 -0.25392307692307686
decision_type=9 9 2 2 2 2 9 2 2 2 2 2 9 2 2 9 2 9 9 2 2 2 2 9 2 2 2 2 2 2
left_child=2 5 17 18 9 6 -2 22 21 11 -11 -5 13 14 -7 -6 -17 -1 19 -3 -8 -9 -4 24 -24 -25 -21 -15 29 -14
right_child=1 3 7 4 15 12 20 8 -10 10 -12 -13 28 27 -16 16 -18 -19 -20 26 -22 -23 23 25 -26 -27 -28 -29 -30 -31
leaf_value=-0.016750773275581356 0.0093612613826376794 -0.02094392617281857 0.069372703572146255 0.0074150032901381686 -0.011565853028268232 -0.023194157080144641 -0.0012259868392435803 -0.033294534106991819 0.088618308481873367 0.092883513412763519 0.010617151307968448 0.00061266096013387833 0.029262019378684036 -0.021834320607770852 0.046649207900595693 -0.00096407253337578533 0.037887640316757072 -0.0072417776982189345 -0.013090588830901712 -0.0055221874837523815 -0.021746930640342842 0.041924576899154374 -0.024542862314937297 0.036885798847835584 0.0040087962792670923 0.0027218188890299139 0.015473739434613833 -6.4133621624340033e-05 0.0094430470105497724 0.011495992829084154
leaf_weight=175.64773930050433 70.226430233567953 16.188797947019339 1.7610731683671463 315.9671670794487 104.84171803668141 2.5249607823789111 63.184011403471231 2.5820153057575208 2.9247876927256584 3.7818935923278323 38.677741080522537 827.04206082969904 47.239293560385704 18.272781163454056 12.375396400690077 117.75858649238944 6.373167358338832 374.84795634448528 127.55477024242282 36.540137439966202 29.974083166569471 3.5156984925270081 24.338844627141953 10.130632296204565 24.552549537271261 34.168560829013586 36.223382536321878 80.573696739971638 253.03362252935767 65.436506580561399
leaf_count=4414 594 304 24 4028 1635 22 488 32 31 46 423 10359 296 148 101 1689 94 7053 2372 735 292 32 316 104 278 430 468 671 1902 387
internal_value=-6.68235e-05 0.00231655 -0.00825648 0.000384053 0.00170471 0.00713848 0.000132898 0.00394854 0.0355353 0.00304649 0.0179446 0.00249306 0.00967467 0.000926059 0.0348138 -0.00524212 0.000953812 -0.0107117 -0.00822606 0.00019881 -0.0070698 0.0100738 0.0009471 -0.000345975 -0.00847184 0.00859455 0.00493008 -0.00408858 0.0120412 0.0189444
internal_weight=2928.26 2273.79 654.47 1630.95 1414.44 642.841 163.385 103.974 9.0225 1185.47 42.4596 1143.01 479.456 113.747 14.9004 228.973 124.132 550.496 216.507 88.9523 93.1581 6.09771 94.9517 93.1906 48.8914 44.2992 72.7635 98.8465 365.709 112.676
internal_count=39768 27054 12714 22153 18274 4901 1374 1247 95 14856 469 14387 3527 942 123 3418 1783 11467 3879 1507 780 64 1152 1128 594 534 1203 819 2585 683
cat_boundaries=0 3 7 11 14 18 21 24 28
cat_threshold=84935848 1157661212 22024197 131072 2304 0 4 8405184 153093120 2151677952 32 19161088 553648128 2684356612 942272 536887296 2684355072 32 1049600 28 5242884 138813440 539034624 2147484164 25698432 134283264 4196928 32
is_linear=0
shrinkage=0.03


Tree=57
num_leaves=31
num_cat=1
split_feature=9 1 20 5 16 26 5 16 15 42 16 26 31 15 35 31 15 13 40 37 40 10 26 13 1 24 37 13 17 42
split_gain=45.0928 25.3666 18.9959 20.4439 15.2676 21.3164 14.8299 12.828 12.8095 12.1892 15.129 14.9777 11.4951 11.29 10.4633 10.2447 11.6806 9.78938 9.16564 8.98109 8.60139 14.8297 8.54153 8.86949 11.4319 13.8884 11.8549 9.05258 19.0157 15.6885
threshold=0.48141697548743084 6.5000000000000009 0 -0.60823485189199589 0.076923076923076969 0.12372448979591837 -0.045419127011803999 0.75386557886557903 -2.4999999999999996 1164.5000000000002 0.18205868205868206 0.047065337763012159 1.0000000180025095e-35 -8.4999999999999982 425.00000000000006 3.5000000000000004 19.500000000000004 -0.80999999999999983 -1.3240769718527723 3.5000000000000004 -2.1310721566131687 0.094494047619047616 0.024099883855981403 0.1065714285714288 1.5000000000000002 14.500000000000002 11.500000000000002 0.33000000000000024 0.3928571428571429 1124.5000000000002
decision_type=2 2 9 2 2 2 2 2 2 2 2 2 2 2 2 2 2 2 2 2 2 2 2 2 2 2 2 2 2 2
left_child=1 2 3 19 5 18 9 8 13 -3 11 -11 -12 -8 22 16 -6 -17 -4 -1 21 -5 -2 24 25 -24 -26 28 -25 -29
right_child=14 6 4 20 15 -7 7 -9 -10 10 12 -13 -14 -15 -16 17 -18 -19 -20 -21 -22 -23 23 27 26 -27 -28 29 -30 -31
leaf_value=-0.01855881552104385 -0.0022752310400971855 -0.01290966526711318 -0.012538617385946454 -0.00037442410527468875 0.010033804963095749 0.14584503319637393 -0.0021821086452993355 -0.015438791439514793 -0.0041124031847647267 0.049628964042372256 0.039632430652864939 -0.00087269245348432919 -0.0087934846939755149 0.017059831745442434 -0.030709372072719208 0.02876652709512369 0.053282672011113835 -0.0071579081022127853 0.066187887666301071 -0.0056858362501573737 0.0004747194112246905 0.07976074396819631 0.052293026576832359 0.012742327933389213 0.0067808616114350797 0.011278002091444025 -0.0024710852606592559 -0.0045623551127880633 0.054055438022791412 0.018308873593385174
leaf_weight=68.208918014541268 115.14427324011922 375.81099462509155 2.9465011022984977 5.4216375350952131 118.72388286143541 1.6660128384828565 51.602819677442312 60.432181164622307 265.8970193862915 9.201213266700508 4.6012463085353366 12.419404763728378 107.05660209991038 58.617789056152105 7.3063949197530738 7.7841425053775302 5.8995631188154212 55.509166173636913 2.4274533390998836 171.21228855103254 656.57977605238557 3.3704746961593628 8.6969080083072168 42.301471251994371 342.80244015529752 51.021313425153494 195.86012152209878 50.621473498642445 13.142484933137892 57.827541202306747
leaf_count=1363 1273 7533 42 67 1725 17 718 907 3942 179 88 208 2080 798 71 121 90 792 36 2924 8633 30 57 337 2595 337 1898 410 101 437
internal_value=-0.000615767 -0.00306341 3.45748e-05 -0.00181557 0.00828903 0.0520887 -0.00666628 -0.00260925 -0.000547885 -0.0101452 -0.00235022 0.0206196 -0.00679793 0.00805119 0.00504293 0.00708926 0.0120812 -0.00273973 0.0230227 -0.00935323 0.000869428 0.0303456 0.00534065 0.00649106 0.00479747 0.0172511 0.00341681 0.0126744 0.0225352 0.00763312
internal_weight=2930.11 2045.39 1099.75 904.793 194.957 7.03997 945.639 436.55 376.118 509.089 133.278 21.6206 111.658 110.221 884.724 187.917 124.623 63.2933 5.37395 239.421 665.372 8.79211 877.418 762.274 598.381 59.7182 538.663 163.893 55.444 108.449
internal_count=39809 32293 15840 13017 2823 95 16453 6365 5458 10088 2555 387 2168 1516 7516 2728 1815 913 78 4287 8730 97 7445 6172 4887 394 4493 1285 438 847
cat_boundaries=0 1
cat_threshold=2605
is_linear=0
shrinkage=0.03


Tree=58
num_leaves=31
num_cat=12
split_feature=22 9 1 6 14 16 23 1 23 21 23 22 2 22 23 22 2 27 3 22 22 40 37 16 2 23 28 5 9 4
split_gain=48.2048 23.2931 18.5398 18.9225 17.9579 17.1254 18.023 16.7763 15.8289 15.7165 16.1325 18.0098 14.346 14.0773 13.0835 13.7715 12.0957 11.3334 11.3326 11.011 10.5868 10.3817 11.7907 9.82769 9.41038 9.2565 16.9007 8.90405 9.8334 9.63523
threshold=0 0.69822874546007829 6.5000000000000009 0.28285714285714292 -1.4999999999999998 0.48484848484848492 1 12.500000000000002 2 3 4 5 125.50000000000001 6 7 8 116.50000000000001 0.32843137254901966 -1.115942497270858 9 10 -1.5151519971222411 8.5000000000000018 0.50009712509712523 124.50000000000001 11 1.174037037037037 -0.22958028945567135 0.73552222479384688 -2.1653687557683829
decision_type=9 2 2 2 2 2 9 2 9 1 9 9 2 9 9 9 2 2 2 9 9 2 2 2 2 9 2 2 2 2
left_child=4 2 9 13 -1 6 7 20 -3 14 11 -11 -9 16 15 -2 -4 -16 -7 -12 -6 22 -10 -15 -24 26 -20 28 -23 -29
right_child=1 8 3 -5 5 18 -8 12 21 10 19 -13 -14 23 17 -17 -18 -19 25 -21 -22 27 24 -25 -26 -27 -28 29 -30 -31
leaf_value=-0.01316554607562123 0.0025009905362813958 0.00016982892133447937 0.037402005004731398 0.014967901448112934 0.013823227725472202 -0.022701500920295575 -0.0070545031641200363 0.10536172723664475 0.01821042341002559 -0.012173127026172648 0.0038506949675169858 0.0065629212038772452 0.014415346062816546 -0.0035723496242345758 0.0042637345071825676 -0.01007392228935009 -0.00016771066561543747 0.079193320802272205 0.00072878058691611179 0.017721757333841757 -0.004788157509497592 0.039452155336594054 0.10102575743726781 -0.012372921879845709 0.030769893859226089 -0.0091908159657673478 0.062334923985661567 -0.021745034824569999 -0.011197228043085417 0.015613057963906996
leaf_weight=285.21946856752038 139.779889639467 140.81294253841043 7.9100635759532443 49.272309973835945 73.188962154090405 44.131781747564673 90.209155224263668 3.0414158664643756 14.100193277001383 59.661433976143599 109.31410217657685 126.98011270537972 3.2069465033710003 247.44493800401688 253.02743713930249 165.72460075840354 308.91586330160499 1.8298891857266415 43.851939925923944 140.69816019758582 38.861283078789711 4.0267156735062626 3.4569794684648505 212.08263495564461 3.4068707153201103 152.58629231713712 4.4108607582747927 6.4499771967530242 24.080193843692541 169.46261848881841
leaf_count=5826 1400 984 78 480 1161 1057 1520 48 80 886 1279 1285 56 4007 3044 2151 3331 17 823 1443 581 37 23 3795 23 2991 76 39 186 1102
internal_value=-0.000599432 0.00164387 0.000264833 -0.0030601 -0.00717046 -0.003558 0.00276122 0.00999748 0.00856012 0.0030182 0.00728511 0.000259316 0.0586839 -0.00420427 -0.000306732 -0.00442351 0.000746709 0.00462044 -0.00893641 0.0120382 0.00817477 0.0132165 0.0339077 -0.00747143 0.0661543 -0.00591186 0.00526767 0.0117381 -0.00394098 0.0142433
internal_weight=2927.15 2188.44 1822.64 825.626 738.708 453.489 208.508 118.299 365.796 997.016 436.654 186.642 6.24836 776.353 560.362 305.504 316.826 254.857 244.981 250.012 112.05 224.984 20.964 459.528 6.86385 200.849 48.2628 204.02 28.1069 175.913
internal_count=39809 25670 23196 11691 14139 8313 3366 1846 2474 11505 4893 2171 104 11211 6612 3551 3409 3061 4947 2722 1742 1490 126 7802 46 3890 899 1364 223 1141
cat_boundaries=0 3 6 9 10 13 16 20 24 28 31 34 37
cat_threshold=1141900328 553767452 22032388 142893056 539034624 2684355332 29368512 673185792 536871424 2 145506432 536953856 2151680000 539099267 67108864 65 2097280 268437507 16896 4 153231424 553713664 541067264 32 2684748416 33556736 131136 4 538976896 37748736 16385 8 16859144 20971524 16777408 16777216 541067264
is_linear=0
shrinkage=0.03


Tree=59
num_leaves=31
num_cat=9
split_feature=22 5 9 37 20 22 23 22 16 37 23 23 39 27 8 23 41 39 7 37 27 12 41 16 27 23 7 9 17 16
split_gain=45.7392 29.2128 15.8599 19.2348 20.5771 17.033 19.8457 15.5075 15.6693 14.1502 15.1834 14.0837 12.3732 13.6597 11.1237 10.92 11.2277 10.3851 11.4664 10.0906 10.0486 9.95484 9.10384 8.61479 7.85457 7.6664 9.30325 13.1062 9.2306 14.011
threshold=0 0.47126892289028594 0.019520425461085004 9.5000000000000018 1 2 3 4 0.50360010360010377 4.5000000000000009 5 6 0.090094645170679402 0.12372448979591837 0.013770879803019852 7 0.73217885917148673 0.71277076204030454 0.12158167036215817 28.500000000000004 0.067424242424242359 -0.61957446808510619 1.8796199229435044 0.63990870240870257 0.26043478260869574 8 0.14142857142857143 0.24116317393591258 0.15476190476190479 0.59983766233766245
decision_type=9 2 2 2 9 9 9 9 2 2 9 9 2 2 2 9 2 2 2 2 2 2 2 2 2 9 2 2 2 2
left_child=2 7 5 25 11 6 12 17 15 24 -11 14 13 -1 -5 20 -17 -2 21 -3 -9 -19 -13 -8 -10 28 -27 -28 -4 -30
right_child=1 19 3 4 -6 -7 23 8 9 10 -12 22 -14 -15 -16 16 -18 18 -20 -21 -22 -23 -24 -25 -26 26 27 -29 29 -31
leaf_value=0.01567230799745864 -0.020232041657502822 0.0061590194215678422 -0.0030021947647856902 0.022102578145341962 -0.0053715619412494277 -0.0086605701130636707 -0.0001498917045824564 -0.0046692798155566709 -0.02063448363497844 0.0011709147060556752 -0.01217327259108705 -0.0017925562095168705 -0.0056483006833964455 0.051151615394114419 0.0059423755983081319 0.012949149319515608 -0.0070035336504888262 0.015429077495211174 -0.0087069731555095616 -0.018243340626712446 0.010720061203641079 0.14039886145239078 0.016301100769703415 -0.021409092572736915 0.069461104282882991 -0.012517582368666583 0.026218161653460203 0.0094097846383277717 0.02051369172574101 -0.0013182789460047814
leaf_weight=44.533070951700211 119.61180899478495 222.50380114838481 111.83810506016016 64.197203680872917 284.93696051090956 194.91742430999875 61.491954609751701 63.093942474573851 97.348019305616617 134.49019335210323 177.37421250715852 213.82760256528854 17.088116481900215 12.509822804480789 95.160572458058596 27.868906121701002 284.46986491419375 1.2754021398723128 5.1499375365674496 16.373128678649664 96.731219962239265 1.0426685884594906 28.344934947788715 23.792863711714745 0.87874075025319953 15.204899434000252 47.321834541857243 354.65158730745316 51.770129878073931 54.106060478836298
leaf_count=517 3193 2400 1044 722 3091 3356 684 1081 2168 2390 3391 2365 158 127 974 485 5038 27 91 220 1450 18 310 278 14 168 552 2618 378 501
internal_value=-0.000583537 -0.00490821 0.00265135 0.00417854 0.000697611 -0.00296892 0.00426592 -0.00718025 -0.00554608 -0.00989892 -0.00677144 0.00501338 0.0147545 0.0234531 0.0117172 -0.00188294 -0.00506118 -0.0167695 0.0162329 0.00448643 0.00437133 0.0716405 0.000312309 -0.00544264 -0.0198285 0.00794224 0.010271 0.0113885 0.00287602 0.00935687
internal_weight=2923.9 1248.21 1675.69 1321.36 686.467 354.333 159.416 1009.33 882.255 410.091 311.864 401.53 74.131 57.0429 159.358 472.164 312.339 127.08 7.46801 238.877 159.825 2.31807 242.173 85.2848 98.2268 634.893 417.178 401.973 217.714 105.876
internal_count=39809 21966 17843 12723 7462 5120 1764 19346 16017 7963 5781 4371 802 644 1696 8054 5523 3329 136 2620 2531 45 2675 962 2182 5261 3338 3170 1923 879
cat_boundaries=0 4 5 9 12 15 18 21 24 27
cat_threshold=2737447552 272632065 2720153664 4 2720 537001984 268437505 147520 4 134365376 153108480 2147484416 1049600 20 1048580 21627008 150995968 541068036 25428032 150994944 2368 12582912 134284288 2684354884 17170432 16794624 2688551684
is_linear=0
shrinkage=0.03


Tree=60
num_leaves=31
num_cat=13
split_feature=22 17 16 22 37 23 42 31 23 23 22 23 40 8 23 3 40 25 23 30 37 22 1 8 2 22 24 16 2 40
split_gain=44.0134 19.2918 26.4731 15.1245 18.7093 17.9866 14.9065 14.7951 17.7188 14.499 14.0761 15.142 13.9729 12.9055 12.3519 14.3838 22.8046 11.835 15.714 13.1514 10.203 9.97357 9.73332 9.60602 10.611 9.19923 8.84601 21.2775 15.558 7.3874
threshold=0 0.15079365079365079 0.60615773115773131 1 16.500000000000004 2 1149.5000000000002 3.5000000000000004 3 4 5 6 -1.342682237155864 0.73754565417421714 7 0.46522831486250371 1.0000000180025095e-35 8 9 10 9.5000000000000018 11 3.5000000000000004 0.14791105691883019 115.50000000000001 12 13.500000000000002 0.44712833462833462 120.50000000000001 -0.48410077234253873
decision_type=9 2 2 9 2 9 2 2 9 9 9 9 2 2 9 2 2 1 9 1 2 9 2 2 2 9 2 2 2 2
left_child=22 2 7 4 5 6 -3 8 21 23 13 -12 -10 -9 15 25 -17 18 -11 -19 -7 -2 26 24 -5 -4 27 28 -1 -24
right_child=1 3 14 9 -6 20 -8 10 12 17 11 -13 -14 -15 -16 16 -18 19 -20 -21 -22 -23 29 -25 -26 -27 -28 -29 -30 -31
leaf_value=0.031147202933727407 0.0040229597305439756 0.008565728794455366 0.013826037786575882 0.046658414580191841 -0.016115951165348124 -0.013377320667804758 0.045575684361660873 -0.010007211335837617 0.018160426900273231 0.01005400175983653 0.0080887084871957508 -0.0035171021508704566 0.0048047692493130645 0.045506207086815402 -0.013007729754628813 0.12666776411390407 -0.0013628949692994202 0.0057973658945207071 -0.0072005020303989821 0.015262111547911421 0.0078774852118440996 -0.0075593590397862133 -0.0062161047812014604 0.0076412551800391715 -0.015508265247137941 -0.013237902840971445 -0.0046564146233122189 -0.016592053535430012 0.16364195617077865 -0.01725984290412675
leaf_weight=1.9081048853695386 109.00444884598255 28.893798660486937 11.96912746876478 2.5900728814303866 64.347500633448362 52.848596751689911 14.817281570285557 207.19220055267215 84.630841258913279 79.068711750209332 150.61390102654696 264.0718830935657 422.28693283721805 3.8387934416532508 181.62203824520111 2.2416972555220118 2.8362993933260441 267.76380304247141 92.037207417190075 260.84135456010699 33.029935196042061 148.62199803441763 83.089509034529328 33.454585291445255 53.776046093553305 13.284947602078324 80.267175819724798 3.994531812146306 1.3705429285764692 158.50459031760693
leaf_count=39 1282 431 214 35 1011 765 202 2996 916 766 1785 3063 5464 22 3426 27 39 2897 836 2168 467 2323 1730 295 664 258 1642 89 18 3915
internal_value=0.000113945 0.00144113 -0.000583501 0.0047542 -0.00275083 0.00367332 0.0171809 0.000922191 0.00372195 0.00654959 -0.00249875 0.000789337 0.00689843 -0.00859032 -0.0104597 0.00683296 0.0551566 0.00802311 0.000887756 0.0102734 -0.00465985 -0.00269155 -0.0100508 -0.00458311 -0.0126517 -0.000178105 -0.00178574 0.0298952 0.0865328 -0.0134617
internal_weight=2914.82 2585.68 1602.22 983.469 193.937 129.59 43.7111 1390.26 764.544 789.532 625.717 414.686 506.918 211.031 211.954 30.3321 5.078 699.711 171.106 528.605 85.8785 257.626 329.134 89.8207 56.3661 25.2541 87.5404 7.27318 3.27865 241.594
internal_count=39785 32352 21815 10537 2876 1865 633 17851 9985 7661 7866 4848 6380 3018 3964 538 66 6667 1602 5065 1232 3605 7433 994 699 472 1788 146 57 5645
cat_boundaries=0 3 6 9 13 16 19 23 26 27 31 32 36 40
cat_threshold=68158496 1090551836 22032388 1610612745 100745218 2147484161 151404544 555745280 536870912 14942368 553730048 2147485760 32 2375680 536887296 536872960 3223323266 604045312 147520 11141120 16794624 536873540 32 4202624 0 2052 3 8396928 136314880 2151678016 32 1 1073742344 536873216 2147631616 4 539099784 37748736 0 4
is_linear=0
shrinkage=0.03


Tree=61
num_leaves=31
num_cat=9
split_feature=22 5 27 22 6 17 16 17 10 13 23 24 22 1 22 17 9 6 16 31 12 23 1 22 13 22 28 23 16 17
split_gain=42.3589 24.0808 18.014 16.3272 15.6285 14.6968 20.9737 15.8502 15.3929 15.0747 12.8497 13.1167 12.818 13.2231 12.5341 11.9339 11.8376 11.3056 11.2778 11.8827 10.8174 10.4529 10.063 12.8731 9.8792 9.18943 8.57221 7.15098 6.87529 7.29076
threshold=0 -0.71873191765414601 0.094494047619047616 1 0.60555555555555574 0.075529100529100515 0.24848484848484848 0.083333333333333273 0.098780487804878067 0.63700000000000012 2 20.500000000000004 3 1.5000000000000002 4 -0.52774170274170251 0.20971084832688708 0.088562091503267909 0.64448329448329467 3.5000000000000004 -0.11199999999999989 5 6.5000000000000009 6 -0.56026315789473657 7 2.3104166666666672 8 0.56316738816738832 0.047673160173160159
decision_type=9 2 2 9 2 2 2 2 2 2 9 2 9 2 9 2 2 2 2 2 2 9 2 9 2 9 2 9 2 2
left_child=28 5 3 4 16 6 9 8 -7 24 11 25 13 -9 26 -11 -3 -16 19 -5 -13 -20 23 -8 -2 -4 -12 -14 29 -1
right_child=1 2 10 18 -6 7 22 12 -10 15 14 20 27 -15 17 -17 -18 -19 21 -21 -22 -23 -24 -25 -26 -27 -28 -29 -30 -31
leaf_value=-0.014479000226070139 0.012027329030839039 -0.012116301219853189 -0.0054060959638569045 0.0075763116738215607 0.031624941820201716 0.13179436242479353 0.0076372985876432551 0.068180312042220526 0.0088174640257326665 -0.018394634489997855 -0.0063277167480248172 0.0018749956969122364 -0.0091822790244854152 0.011593272693643981 0.014920795114692713 0.062378657757427181 -0.0015980688642120437 0.0054351028363848891 0.0042206310128411629 -0.00045209607340535284 -0.010725525962022288 -0.0085441626577754982 -0.019695655372921967 -0.012436607909091022 -0.0078001343011597796 0.013511030315263293 0.057168672838246046 0.0035074945570097446 -0.024824557239287236 0.012865131361390241
leaf_weight=72.433435471728444 35.554453276097775 163.17660341411829 28.078100152313709 399.47398042678833 10.24101413041353 1.6461898684501641 34.280831843614578 4.1536779589951029 2.0653077960014343 2.2349183969199657 61.966366939246655 191.32980590127409 79.680131919682026 35.317789047956467 247.63415838591754 6.2498184405267221 234.958839841187 208.12433505803347 91.266743093729019 283.79279982671142 90.238128922879696 132.13508739694953 114.70087059959769 95.224861387163401 62.153590751811862 90.740320505574346 1.9745110571384419 67.285244971513748 55.506851360201836 9.9856286905705911
leaf_count=1761 562 3294 399 4414 66 29 523 60 23 43 906 2206 1137 591 2897 81 3010 1899 1092 3045 1035 1631 2580 1902 991 934 24 977 1498 175
internal_value=0.000108013 0.000937989 0.00231553 6.27478e-05 -0.004849 -0.0047407 -0.00838472 0.00197439 0.0633624 0.00274561 0.00553535 0.0013308 0.000752305 0.014001 0.00858383 0.0411026 -0.00590899 0.0103618 0.00230315 0.00424174 -0.00216327 -0.00352287 -0.0132247 -0.00749353 -0.000585226 0.00972283 -0.00377633 -0.00351919 -0.0155364 -0.0111661
internal_weight=2913.6 2775.68 2235.13 1315.05 408.376 540.548 350.399 190.148 3.7115 106.193 920.086 400.386 186.437 39.4715 519.699 8.48474 398.135 455.758 906.669 683.267 281.568 223.402 244.207 129.506 97.708 118.818 63.9409 146.965 137.926 82.4191
internal_count=39785 36351 26852 16552 6370 9499 6682 2817 52 1677 10300 4574 2765 651 5726 124 6304 4796 10182 7459 3241 2723 5005 2425 1553 1333 930 2114 3434 1936
cat_boundaries=0 3 6 9 12 15 18 22 25 28
cat_threshold=1049632 1090519068 1048576 2214994443 33652992 23089156 6561984 536952832 2151680576 2147615362 98305 64 603979904 268468224 2168471617 12722240 553649152 580 537001984 37814272 16908288 4 2147615242 67223552 131072 162021440 536937472 4195136
is_linear=0
shrinkage=0.03


Tree=62
num_leaves=31
num_cat=4
split_feature=9 1 20 39 6 20 40 26 42 42 24 1 24 41 20 28 13 17 16 16 17 39 39 42 40 13 12 7 35 21
split_gain=27.2303 18.0518 16.4322 15.4657 12.0264 17.0139 11.75 11.3754 11.5472 10.9543 10.7616 9.74145 11.7649 15.222 9.69604 9.61911 9.53232 9.41084 13.9252 13.2812 11.4347 11.0996 13.1104 9.66472 9.31721 9.17643 8.99498 8.72721 8.72566 17.795
threshold=0.33333020365889848 7.5000000000000009 0 -0.16459596470838692 0.60555555555555574 1 -2.1310721566131687 0.17974358974358975 1106.5000000000002 1053.5000000000002 23.000000000000004 10.500000000000002 21.500000000000004 0.86212503847596 2 -0.55192592592592582 0.31200000000000006 0.29166666666666669 0.76936026936026947 0.60615773115773131 0.25548340548340553 0.91472734276302592 1.2268549628328296 1129.5000000000002 2.0651320270244877 -0.17099999999999987 -0.98799999999999988 0.84807692307692317 1.0000000180025095e-35 3
decision_type=2 2 9 2 2 9 2 2 2 2 2 2 2 2 9 2 2 2 2 2 2 2 2 2 2 2 2 2 2 1
left_child=1 2 -1 7 5 11 25 26 -9 -6 16 12 13 -2 -8 -14 -11 19 28 20 23 24 -23 -3 -21 -5 -4 -12 -19 -30
right_child=4 17 3 6 9 -7 14 8 -10 10 27 -13 15 -15 -16 -17 -18 18 -20 21 -22 22 -24 -25 -26 -27 -28 -29 29 -31
leaf_value=0.0082786287216064947 0.02127536261526063 -0.0099826394154590332 -0.027274694520490951 0.077223047831884065 -0.03223428471087169 -0.012711958709281001 0.0048571397676937279 0.023700642654909839 -0.0059173305974073659 0.039571442048104311 -0.01750467674046155 -0.0029157546104609453 -0.0053423979048530532 0.0056499594795749496 -0.00437450541542819 0.0036001787718485836 -0.011784253963753941 0.010950609137294306 -0.006414279127948239 -0.019060496694536785 0.072327815418814376 0.055980060891502231 -0.033035657702304995 -0.00013617361118948296 0.0084783072303721198 -0.013003011153085803 -0.0074318894729815772 0.014176438127148853 0.019977383146693402 0.12608707625717108
leaf_weight=161.8512745257467 64.973428275436163 188.60583532042801 22.233597908169031 3.2386769615113735 4.4073623716831198 54.768878687173128 254.89452486112714 20.721358418464661 27.662263475358486 22.526111423969272 9.369413956999777 201.79765788838267 142.54542912170291 411.38907666876912 157.98172450624406 450.03347011655569 3.8018501028418532 13.042413843795659 34.783239049836993 141.94376995787024 1.7159764431416977 4.0638935044407836 2.3503038920462132 171.11009228229523 11.991097867488859 1.4772394262254227 273.25076813623309 47.493127584457397 4.533733393996954 2.0727403350174418
leaf_count=2615 606 3678 588 38 28 495 3662 237 320 115 56 2256 1553 3885 2360 4031 21 198 630 3199 26 62 33 3151 291 19 5285 250 67 30
internal_value=0.000102543 -0.00271334 -0.000113054 -0.00197946 0.00309064 0.00237916 0.00187428 -0.006717 0.00676722 0.0138564 0.0162983 0.00310519 0.00427089 0.00778119 0.00133646 0.00144903 0.0321555 -0.00687999 0.00499027 -0.0081183 -0.00493031 -0.0153041 0.0233627 -0.00529886 -0.0169153 0.0489601 -0.00892495 0.00895624 0.025179 0.0532686
internal_weight=2912.63 1499.52 923.311 761.46 1413.11 1325.51 417.592 343.868 48.3836 87.5979 83.1905 1270.74 1068.94 476.363 412.876 592.579 26.328 576.213 54.4321 521.781 361.432 160.349 6.4142 359.716 153.935 4.71592 295.484 56.8625 19.6489 6.60647
internal_count=39785 26489 15124 12509 13296 12826 6079 6430 557 470 442 12331 10075 4491 6022 5584 136 11365 925 10440 6855 3585 95 6829 3490 57 5873 306 295 97
cat_boundaries=0 1 2 3 4
cat_threshold=450 1198 1568 2
is_linear=0
shrinkage=0.03


Tree=63
num_leaves=31
num_cat=5
split_feature=22 9 22 40 22 27 14 27 31 10 0 42 40 1 22 42 35 5 3 27 40 1 12 22 3 6 9 41 5 12
split_gain=35.8524 28.5852 19.6947 14.5819 22.9272 16.0308 12.8881 12.5754 18.3348 15.4972 13.0936 12.5217 11.6214 10.9246 10.6219 10.1966 9.40451 8.32017 11.2171 8.86382 10.945 11.7782 9.72213 8.51311 13.914 9.82505 6.61448 6.2998 6.26536 6.11832
threshold=0 0.022648585351716054 1 -0.44859072505483294 2 0.23904761904761904 -2.4999999999999996 0.16496598639455778 4.5000000000000009 0.057983193277310906 2100.0000000000005 1070.5000000000002 0.047933487059011355 4.5000000000000009 3 1075.5000000000002 425.00000000000006 -0.43596333027894152 1.1024765956909885 0.10102040816326531 0.46525355132522322 8.5000000000000018 0.17409677419354838 4 -0.56230745144323557 0.7238095238095239 0.0074355454821251011 1.1619262447649372 -1.2675921140282784 -0.02549999999999995
decision_type=9 2 9 2 9 2 2 2 2 2 2 2 2 2 9 2 2 2 2 2 2 2 2 9 2 2 2 2 2 2
left_child=16 3 -3 4 5 6 -2 10 9 -9 12 -5 -4 -12 15 -13 17 18 29 23 22 -22 -21 24 -19 -25 -6 -28 -16 -1
right_child=1 2 7 11 26 -7 -8 8 -10 -11 13 14 -14 -15 28 -17 -18 19 -20 20 21 -23 -24 25 -26 -27 27 -29 -30 -31
leaf_value=-0.004472993100414966 -0.007825878140343738 -0.0093673373048801991 0.0022722455291764292 -0.020961834636111315 -0.019534789959020412 0.12102186842520817 0.0181333530709159 0.04700061822100652 -0.022409529987954653 0.010662906255158896 0.058183609358061404 0.028487575984462467 -0.0043411781227847479 0.0072953904365572995 -0.016841828144092484 -0.017530381896346696 -0.018340443527950924 0.038107987266825773 0.059311856999049326 0.0097110965924518799 0.016785160088468556 0.058506213248494122 -0.0090213923243217167 -0.0002911813465275663 0.0064724055584848899 0.023178662047878985 0.077876199791076031 -0.00070216167925833055 0.00032449194364644836 0.0055790634645648454
leaf_weight=175.340396694839 26.345172129571438 189.42551522515714 610.84868138842285 105.36551233753562 52.005265796557069 1.1702367849647988 49.654714355245233 15.192539703100918 10.199436649680136 34.66225397028029 6.2055497728288165 4.4954628087580195 392.98703148961067 9.7812303602695447 22.819312512874603 120.32197637483478 17.142550006508827 13.285534609109162 2.7734252810478202 171.72797092422843 45.287402123212814 7.0360355712473384 29.170871123671532 374.82130542397499 215.03212824463844 16.771316483616829 1.0918930210173119 5.7742990534752607 118.52510111220181 79.071646928787231
leaf_count=2076 569 3623 7754 2544 1132 18 958 183 116 381 75 105 5754 154 600 2879 197 104 20 1245 360 65 236 3663 1579 78 21 111 2395 881
internal_value=-0.000435143 -0.00309671 -0.000707949 -0.0091314 -0.000728287 0.0095888 0.00913465 0.000889537 0.0142387 0.0217363 0.000112167 -0.0122084 -0.000316813 0.0270485 -0.00874312 -0.0146956 0.00368126 0.00404781 -0.000694649 0.00544473 0.0101741 0.0223955 0.00699111 0.00351286 0.00796441 0.000696217 -0.0135751 0.0117937 -0.00228524 -0.0013488
internal_weight=2924.33 1776.87 1269.3 507.569 136.042 77.1701 75.9999 1079.88 60.0542 49.8548 1019.82 371.527 1003.84 15.9868 266.162 124.817 1147.46 1130.32 257.185 873.133 253.222 52.3234 200.899 619.91 228.318 391.593 58.8715 6.86619 141.344 254.412
internal_count=39876 29372 18040 11332 2809 1545 1527 14417 680 564 13737 8523 13508 229 5979 2984 10504 10307 2977 7330 1906 425 1481 5424 1683 3741 1264 132 2995 2957
cat_boundaries=0 4 7 10 13 17
cat_threshold=1629495296 268438787 35799552 4 68419624 16777748 20971524 1179659 37814280 2164269124 1049731 100679708 2147491844 536870912 268435458 0 4
is_linear=0
shrinkage=0.03


Tree=64
num_leaves=31
num_cat=7
split_feature=22 9 22 42 23 27 0 17 40 12 12 4 35 3 7 22 13 13 26 42 27 5 24 17 2 23 18 15 22 4
split_gain=33.7741 27.2193 18.7267 14.1574 12.8825 11.6797 12.0442 14.6583 10.957 9.83468 9.60079 13.087 8.92605 8.75662 9.40587 8.17184 7.78869 13.748 12.6342 10.034 8.42114 8.1479 9.92954 9.06285 8.87255 8.43505 7.75836 7.60355 7.07489 8.63589
threshold=0 0.022648585351716054 1 1069.5000000000002 2 0.16496598639455778 2100.0000000000005 0.36818274318274324 0.047933487059011355 -0.93399999999999972 -0.79999999999999982 -0.52510722403794141 425.00000000000006 0.44427787260267287 0.26598639455782319 3 -0.78090909090909078 -0.78399999999999981 0.20550527903469076 1145.5000000000002 0.19292803970223327 -0.74228543896709664 13.500000000000002 -0.32521645021645001 115.50000000000001 4 5 10.500000000000002 6 0.35921367196113863
decision_type=9 2 9 2 9 2 2 2 2 2 2 2 2 2 2 9 2 2 2 2 2 2 2 2 2 9 1 2 9 2
left_child=12 3 -3 13 9 6 8 -8 -4 -5 11 -7 16 14 -2 -11 17 18 20 -20 -1 22 -18 -23 -25 -24 -12 -15 29 -6
right_child=1 2 5 4 28 10 7 -9 -10 15 26 -13 -14 27 -16 -17 21 -19 19 -21 -22 23 25 24 -26 -27 -28 -29 -30 -31
leaf_value=0.0029379587613335518 -0.020983837989517182 -0.0091726262231797886 0.0022000520417583525 -0.019042747076280151 0.014721488054447573 0.10096293896608924 0.012083436330536008 0.08514064473265659 -0.0042262724968104995 0.0082584990604070933 0.016580223739695005 0.020529436794455624 -0.018046575760014855 -0.0044189064625986679 0.083356618085227777 -0.0044184572452730178 -0.033789409255274544 0.084536890438147369 0.042783391657005107 0.0039309468401619594 0.047872362062263245 -0.013098615457973372 0.0065832763099064398 0.027274968429083165 0.0043066498269156636 -0.0071527317239127603 -0.0046518517211193164 0.058135711104426786 -0.01393108320044294 -0.021127192356578114
leaf_weight=94.535798270255327 114.77817095629871 187.87912284210324 611.94948992691934 21.794244889169931 20.110756929963831 2.4580344744026661 13.299707844853403 3.0359571166336528 391.58321368508041 86.071326224133372 26.174790613353256 7.020076882094143 16.902707848697901 14.116220947355034 0.78286699205636878 79.74795363843441 9.0578845106065256 2.243652179837226 16.122710339725021 9.5119340717792493 3.9088707566261283 26.466778758913279 60.963794711977243 15.424699451774357 810.82427456602454 83.916229508817196 25.067630324512717 1.9960880130529393 155.346226407215 8.6488360036164504
leaf_count=994 2858 3623 7754 548 466 32 192 37 5754 1728 289 73 197 255 17 1723 110 21 122 71 32 314 721 144 6798 980 286 36 3504 197
internal_value=-0.000424883 -0.00301561 -0.000690244 -0.00893506 -0.00594072 0.000861478 0.000108419 0.025661 -0.00030753 -9.1921e-05 0.0136518 0.0413889 0.00356244 -0.0173882 -0.020277 0.00239331 0.00391627 0.010938 0.00960712 0.0283669 0.00472214 0.00303513 -0.00331721 0.00418189 0.00473543 -0.00141209 0.00852139 0.00333073 -0.0112831 0.00292404
internal_weight=2921.74 1771.86 1268.47 503.393 371.719 1080.59 1019.87 16.3357 1003.53 187.614 60.7205 9.47811 1149.88 131.673 115.561 165.819 1132.98 126.323 124.079 25.6346 98.4447 1006.65 153.938 852.716 826.249 144.88 51.2424 16.1123 184.106 28.7596
internal_count=39876 29372 18040 11332 8166 14417 13737 229 13508 3999 680 105 10504 3166 2875 3451 10307 1240 1219 193 1026 9067 1811 7256 6942 1701 575 291 4167 663
cat_boundaries=0 4 7 11 14 18 19 22
cat_threshold=1629495296 268438787 35799552 4 68419624 16777748 20971524 12582976 153158656 2688549124 32 2147614728 574685188 20979780 16801920 136332288 2147484160 32 97 8 16875520 2147483712
is_linear=0
shrinkage=0.03


Tree=65
num_leaves=31
num_cat=5
split_feature=22 16 17 22 13 22 6 17 27 18 2 40 3 35 4 16 31 5 3 16 17 12 28 16 24 42 37 41 22 15
split_gain=31.8056 27.669 29.348 21.1902 18.0895 16.9248 15.242 11.9788 11.7591 11.6865 12.5194 12.4215 8.6473 8.47111 7.50075 7.36919 9.99279 7.35881 10.148 8.21312 10.407 8.00409 7.48223 7.30881 7.03192 6.52153 9.34765 6.77203 6.4957 5.90576
threshold=0 0.48018648018648019 0.14682539682539689 1 -0.39591666666666642 2 0.37980769230769235 -0.35683760683760668 0.19782608695652179 3 115.50000000000001 -1.3792758694081109 -1.9183141813780933 425.00000000000006 -3.4786315629144267 0.25263625263625261 3.5000000000000004 -0.43596333027894152 1.1024765956909885 0.80203130203130213 0.51617826617826634 0.09599999999999996 1.0561250000000002 0.7623543123543125 13.500000000000002 1059.5000000000002 36.500000000000007 2.3212236564330904 4 -23.499999999999996
decision_type=9 2 2 9 2 9 2 2 2 1 2 2 2 2 2 2 2 2 2 2 2 2 2 2 2 2 2 2 9 2
left_child=13 3 12 -2 8 6 -6 15 28 11 -11 -9 -3 17 -7 16 -5 18 24 20 21 -19 -21 -10 -1 26 -14 -27 -4 -17
right_child=1 2 4 7 5 14 -8 9 23 10 -12 -13 25 -15 -16 29 -18 19 -20 22 -22 -23 -24 -25 -26 27 -28 -29 -30 -31
leaf_value=-0.020566829267393536 -0.013951033203119651 -0.02455626973411178 0.00097237328657018892 0.01016359288542798 0.0068675758188135013 0.051511746549383411 0.041435993700383505 0.018301421433843487 0.051659578319364567 0.022741701171760369 -0.0037143524596206681 0.0049203936302977475 -0.01941302718344173 -0.01775445931032308 -0.010820126053696949 0.053655227256381451 -0.0087561437443028634 0.0067861012278019623 0.055353997730682065 -0.0064280409982096316 0.02469254472431057 -0.0010587513613501325 0.045273375584738478 -0.010555262646644078 -1.7931147280873978e-05 -0.0094079273736313151 0.062757579628639107 0.017782310894366209 -0.01100920915849137 -0.018219115471658359
leaf_weight=15.994544874876736 67.118189837783575 44.394170489162207 58.242933345958591 42.449564322829247 171.84294090233743 1.78425147011876 12.301345176994799 77.251721233129501 4.839189860969781 17.57630393281579 191.40931315347552 325.55822591856122 81.1074457783252 16.668955512344837 66.323837272822857 1.0573487151414145 61.560243546962738 636.89750428497791 2.876578375697135 70.021395653486252 25.848620463162661 143.41063694655895 2.6132558137178412 2.61924341134727 238.12963183410466 316.02304671145976 1.2654225789010514 8.4647705629467946 175.58555894903839 38.231342878192663
leaf_count=197 1337 1211 877 748 2394 28 97 895 53 245 2456 4410 1874 197 1122 25 1110 5207 20 648 161 1289 25 38 2760 6637 24 177 2741 873
internal_value=-0.000414553 -0.00293585 -0.00645452 0.0010717 -0.00139869 0.00421855 0.00870416 0.00255791 -0.00727121 0.0044205 -0.00142131 0.00730528 -0.0119841 0.00344678 -0.00801098 -0.00521568 -0.00103442 0.00378828 -0.000677029 0.00509415 0.0059647 0.00534432 -0.00456792 0.029811 -0.00131128 -0.0106123 -0.0181507 -0.00869863 -0.00845403 -0.0162848
internal_weight=2919.47 1767.01 944.794 822.212 493.539 252.252 184.144 755.094 241.287 611.796 208.986 402.81 451.255 1152.46 68.1081 143.298 104.01 1135.79 257.001 878.791 806.157 780.308 72.6347 7.45843 254.124 406.861 82.3729 324.488 233.828 39.2887
internal_count=39876 29372 17273 12099 7350 3641 2491 10762 3709 8006 2701 5305 9923 10504 1150 2756 1858 10307 2977 7330 6657 6496 673 91 2957 8712 1898 6814 3618 898
cat_boundaries=0 4 7 10 11 14
cat_threshold=1629495296 268438787 35799552 4 1312288 33300 4194304 2147616394 574734336 8256 105 1441922 32784 4202560
is_linear=0
shrinkage=0.03


Tree=66
num_leaves=31
num_cat=10
split_feature=22 1 22 5 42 23 9 23 22 22 41 17 23 2 8 2 5 23 41 42 23 41 42 17 41 41 23 2 3 6
split_gain=34.0706 21.0224 22.9806 19.9488 15.7525 15.7393 14.3794 20.8823 16.6196 13.6021 13.1458 12.838 12.4378 11.9898 17.4178 11.1625 10.8576 10.7128 10.7114 11.3439 10.5827 10.4988 9.99389 14.2193 9.43212 9.16983 8.64157 8.29562 8.20117 7.71875
threshold=0 6.5000000000000009 1 0.34668689301507982 1177.5000000000002 2 0.017970042351407103 3 4 5 0.74476560197248232 -0.10714285714285703 6 117.50000000000001 0.33343553188058467 128.50000000000003 -0.045419127011803999 7 1.0000000180025095e-35 1157.5000000000002 8 0.52824983302892481 1189.5000000000002 0.12698412698412698 0.91185022124528381 0.50065258115036804 9 134.50000000000003 0.16703084891206213 0.023532668881506052
decision_type=9 2 9 2 2 9 2 9 9 9 2 2 9 2 2 2 2 9 2 2 9 2 2 2 2 2 9 2 2 2
left_child=3 6 5 -1 17 13 7 18 15 10 -9 27 29 14 -3 26 -13 24 -2 -20 -17 -5 23 -6 -4 -24 -8 -7 -14 -10
right_child=1 2 4 21 22 11 8 9 12 -11 -12 16 28 -15 -16 20 -18 -19 19 -21 -22 -23 25 -25 -26 -27 -28 -29 -30 -31
leaf_value=-0.013257203055705036 0.060912733547937553 0.0066632727985343945 0.019522510857556536 0.074337158381598281 0.033407110438945967 -0.0066526975785867878 0.00049978851655014991 0.043551537926940422 0.012709418438750297 -0.0045015274319034435 0.009814618087909073 0.00029160661482925053 -0.0090536211673249468 -0.007266924747582954 0.10029778830798085 -0.0046152077067043405 0.011795652627955417 -0.01171370787007173 -0.015742713685333792 0.0025605096066873296 0.0095414082220712775 0.0032609770506363562 0.057056169858660286 -0.0091285669946120293 -0.0042742765727538743 -0.0030248562546535858 0.015082325454738036 0.031200542532074972 0.0017277907698051817 0.0029596500644396796
leaf_weight=247.29792727530003 1.8962708562612522 9.7514341622591001 17.71610775962472 1.9269649572670449 19.424662956967953 87.505174165591598 54.052950769662857 12.025579076260327 98.970971826463938 64.570721421390772 76.654502397403121 107.82586171105504 117.01995885744691 170.0972009934485 2.1894363164901725 77.908341936767101 234.240423951298 309.8474492430687 113.37321141734719 41.678998617455363 99.086510006338358 63.708325501531363 2.3400278221815816 11.123618490993975 97.434655902907252 99.536398885771632 255.0340143032372 5.5404817461967459 138.8364558853209 279.36115051805973
leaf_count=6037 23 129 295 20 321 1205 648 156 1000 1126 1057 1406 1454 2068 16 731 2156 5617 1917 686 878 826 38 157 1572 1575 2525 69 1205 2931
internal_value=0.000128916 0.00126333 -0.00170591 -0.00906529 -0.0060579 0.00228601 0.00371023 -0.00200578 0.00529298 0.00576037 0.0129314 0.00535861 0.00196387 -0.00495481 0.0238318 0.00940261 0.00816936 -0.00898168 -0.00935963 -0.0108227 0.00358837 0.00534768 0.00286811 0.0179185 -0.000564118 -0.00164484 0.0130363 -0.00439869 -0.00308277 0.00536828
internal_weight=2917.98 2605.04 1174.57 312.933 557.423 617.15 1430.47 310.199 1120.27 153.251 88.6801 435.112 634.189 182.038 11.9409 486.082 342.066 424.998 156.948 155.052 176.995 65.6353 132.425 30.5483 115.151 101.876 309.087 93.0457 255.856 378.332
internal_count=39844 32961 16624 6883 9575 7049 16337 4965 11372 2339 1213 4836 6590 2213 145 4782 3562 7484 2626 2603 1609 846 2091 478 1867 1613 3173 1274 2659 3931
cat_boundaries=0 3 7 10 14 18 22 26 29 33 37
cat_threshold=1175454752 28 3149829 402049 306190339 37765120 4 29491328 17408 2147486212 28049600 151060480 4196352 32 2147754626 49408 16908864 4 2228233 574717953 8256 4 159662272 689963008 320 32 20971520 134284288 2147483652 17178624 553730048 2308 32 2908288 536870912 0 32
is_linear=0
shrinkage=0.03


Tree=67
num_leaves=31
num_cat=4
split_feature=22 1 22 5 9 22 22 2 15 5 31 1 9 17 10 41 14 6 11 41 6 41 2 11 31 11 24 14 3 4
split_gain=32.1065 19.0676 20.8148 19.0331 14.4864 18.9006 13.7907 9.91101 10.3102 9.39711 9.24208 11.6614 9.59882 10.1541 8.9178 8.81283 14.2467 8.63439 10.9838 10.4405 8.47891 8.06558 8.0583 8.02351 7.89174 13.41 7.73581 7.71174 9.72977 7.61689
threshold=0 6.5000000000000009 1 0.4924343782442579 0.022648585351716054 2 3 128.50000000000003 -6.4999999999999991 0.22931914760673686 4.5000000000000009 4.5000000000000009 0.86597195173123664 -0.071428571428571327 0.26333333333333336 0.63231313647566023 -10.499999999999998 0.087595907928388714 0.12372448979591837 1.9170717662844474 0.70294117647058829 1.2727355355572374 134.50000000000003 0.13921188630490958 1.0000000180025095e-35 0.10990338164251207 31.500000000000004 10.500000000000002 0.8217261739514744 -0.19344298137917018
decision_type=9 2 9 2 2 9 9 2 2 2 2 2 2 2 2 2 2 2 2 2 2 2 2 2 2 2 2 2 2 2
left_child=3 4 9 15 5 -2 7 -6 -9 14 11 12 13 -5 22 16 -1 19 -19 -8 24 -7 -3 -22 25 -4 -23 -11 -29 -18
right_child=1 2 20 10 6 21 17 8 -10 27 -12 -13 -14 -15 -16 -17 29 18 -20 -21 23 26 -24 -25 -26 -27 -28 28 -30 -31
leaf_value=0.11909815730779089 -0.01299275422636632 -0.00098663759815431629 -0.0038870995011611111 -0.0050666236556943505 0.012398526122095275 0.0093770667794023151 0.0040156286990091486 0.016502603308093559 -0.00054792392711563802 0.0055149865287569431 -0.01394573216851073 0.0019896443425079131 -0.022863462252898883 0.056463883646461363 -0.022237877440126771 -0.012757637235552932 0.033584592015118542 -0.0039055126359393735 0.008876847439672703 0.022226672684949836 0.041079799381888306 0.005022140153592463 0.018887561094339582 -0.01490459946597587 -0.0072194289228219681 0.050566185229739186 -0.0099867049800262762 0.062263449103042455 0.0043852613385312973 -0.0095952771640156927
leaf_weight=0.98771111294627445 88.377502387389541 325.65486257895827 13.767657823860647 3.0750922299921539 310.14475668594241 96.560254676267505 237.1914458014071 41.833552751690149 134.66068679466844 248.70412976667285 13.650659296661614 26.362551275640726 2.2948432900011531 11.224764943122862 16.81752372533083 281.24693921022117 5.0532926321029707 264.78238105773926 78.421619325876236 32.176542393863201 6.517429053783415 64.315863821655512 19.45856025442481 3.563761442899704 500.57238363660872 5.7786780856549731 59.498683730140328 4.9630489461123926 5.5230920687317848 13.496585739776489
leaf_count=15 1499 4528 257 31 3144 1453 2545 387 1210 2088 164 343 19 121 153 6698 115 2672 683 337 38 1038 236 22 8656 94 909 49 39 301
internal_value=0.000124051 0.00130939 -0.00154906 -0.00817212 0.0036561 -0.0020856 0.00526886 0.00898423 0.00349348 0.00218195 0.00755776 0.014391 0.0340919 0.0432321 -0.0009056 -0.0114042 0.00807898 0.00213578 -0.000984762 0.00619097 -0.00585068 0.00275316 0.000133931 0.021289 -0.00648921 0.0122115 -0.00219031 0.00657755 0.0317788 0.00216763
internal_weight=2916.68 2559.28 1151.32 357.392 1407.96 308.752 1099.21 486.639 176.494 621.121 56.6079 42.9573 16.5947 14.2999 361.931 300.785 19.5376 612.572 343.204 269.368 530.2 220.375 345.113 10.0812 520.119 19.5463 123.815 259.19 10.4861 18.5499
internal_count=39844 32037 16160 7807 15877 4899 10978 4741 1597 7093 678 514 171 152 4917 7129 431 6237 3355 2882 9067 3400 4764 60 9007 351 1947 2176 88 416
cat_boundaries=0 3 7 9 13
cat_threshold=1175454752 16777244 3158021 402049 306190339 37765632 4 2147492482 67111168 2147754626 49408 16908864 4
is_linear=0
shrinkage=0.03


Tree=68
num_leaves=31
num_cat=9
split_feature=22 5 1 22 23 17 20 23 12 22 23 17 13 2 22 17 35 10 22 14 26 24 1 37 17 31 37 41 37 15
split_gain=31.1994 18.2569 17.2418 19.711 15.5682 12.8801 12.2143 14.4864 12.1045 11.7141 10.6003 13.8316 10.9153 10.5308 11.2423 10.5439 10.3885 9.27966 10.0141 9.01546 12.5447 10.1516 8.83594 18.3753 16.2941 10.3274 8.31441 8.0916 12.6071 12.0808
threshold=0 0.4924343782442579 6.5000000000000009 1 2 -0.10714285714285703 3 4 -0.91399999999999981 5 6 -0.11904761904761894 -0.89099999999999979 123.50000000000001 7 -0.19841269841269832 375.00000000000006 0.29285714285714287 8 3.5000000000000004 0.043015726179463455 140.50000000000003 7.5000000000000009 17.500000000000004 -0.099206349206349145 4.5000000000000009 5.5000000000000009 0.61647472965690253 12.500000000000002 -1.0000000180025095e-35
decision_type=9 2 2 9 9 2 9 9 2 9 9 2 2 2 9 2 2 2 9 2 2 2 2 2 2 2 2 2 2 2
left_child=1 27 6 8 26 -6 10 17 19 16 13 -12 -13 15 -15 -2 -9 18 -8 21 -21 -4 23 24 -3 -26 -5 28 -1 -30
right_child=2 22 3 4 5 -7 7 9 -10 -11 11 12 -14 14 -16 -17 -18 -19 -20 20 -22 -23 -24 -25 25 -27 -28 -29 29 -31
leaf_value=-0.0086963908600723866 0.068188746918888224 -0.018048253819184581 -0.00075559120925604675 -0.019810950356094505 -0.0047551816866106779 0.0052960081072909344 0.0038605859788789173 0.0087103623496673638 -0.0084155100925645109 -7.3988448784248408e-05 -0.015514196678262478 0.049305056569640508 0.0061834163726800818 -0.0072421865598978775 0.018056062721774818 0.024171375603790405 -0.018574567272310084 0.032273572967475239 -0.0053580467898720584 -0.0033368888574231907 0.13733988873239139 0.070957239989093729 -0.0079646892757653503 -0.022372791462229005 0.049892065021344252 -0.0010943827180780834 -0.0027642874577787908 -0.012467534267417668 -0.0072167187217321753 0.080025878155765479
leaf_weight=13.010257890447976 6.5257984548807171 5.5124028250575092 13.435263670980932 43.218622401356697 147.12303107045591 521.34533509425819 151.437330333516 452.55562638118863 353.56997041776776 275.61373510397971 27.136785257607698 5.7344317063689223 67.122030880302191 18.950831443071365 53.983796492218971 19.631912421435118 12.917330991476772 7.066998913884162 310.10534156486392 1.0592147614806884 1.2364915050566194 2.0472801551222792 21.628890208899975 8.4762067981064302 17.689032375812534 4.4811231009662142 63.713934637606144 283.49170707166195 2.4252452589571476 3.4757823180407277
leaf_count=297 92 56 266 565 2166 5821 2022 4391 6383 3414 382 70 765 251 581 252 150 45 3414 23 21 45 296 114 176 47 812 6810 50 67
internal_value=0.00011775 -0.00802476 0.00129175 -0.00143444 0.00131032 0.00303839 0.00352003 0.00230962 -0.00701214 0.00490071 0.0102442 0.00251629 0.00957746 0.0170969 0.0129654 0.0351528 0.00778591 -0.00180485 -0.00236575 0.0169535 0.0724331 0.0087271 0.00720301 0.0162758 0.0281097 0.0395865 -0.00882838 -0.0112001 0.00779999 0.0441703
internal_weight=2915.72 360.191 2555.53 1146.75 775.401 668.468 1408.78 1209.7 371.348 741.087 199.086 99.9932 72.8565 99.0923 72.9346 26.1577 465.473 468.61 461.543 17.7783 2.29571 15.4825 57.7877 36.1588 27.6826 22.1702 106.933 302.403 18.9113 5.90103
internal_count=39844 7913 31931 16102 9364 7987 15829 13436 6738 7955 2393 1217 835 1176 832 344 4541 5481 5436 355 44 311 689 393 279 223 1377 7224 414 117
cat_boundaries=0 3 6 9 10 14 18 22 25 28
cat_threshold=1175454752 1090519580 3158021 2684354570 536921344 2164392000 8388736 17408 2564 1408 23863328 65536 2151680000 32 2147622915 4278528 16908864 4 11018304 2098176 2684356932 32 8834 4194304 2147614784 2684355200 71336192 2164261440
is_linear=0
shrinkage=0.03


Tree=69
num_leaves=31
num_cat=10
split_feature=22 5 17 4 16 23 0 22 1 22 4 22 9 22 12 3 41 40 22 41 10 4 16 1 25 5 23 18 40 17
split_gain=30.0601 20.3238 15.3733 19.0859 16.4188 14.6629 14.1966 13.5172 13.7197 12.3084 11.8853 10.1592 9.97394 15.7469 10.0849 9.96564 10.8048 9.92418 13.6832 9.77538 9.20315 17.1467 8.91322 8.44301 8.307 11.7149 8.27418 8.09775 8.02886 13.0534
threshold=0 -0.41616947081415817 0.10396825396825397 -2.1070113152652827 0.24848484848484848 1 1100.0000000000002 2 10.500000000000002 3 2.3386402778627704 4 0.22222013577259894 5 -0.29549999999999971 0.8217261739514744 0.67754361626466231 -0.4602406918887717 6 0.50065258115036804 0.039230769230769208 -0.20661736488212856 0.09090909090909087 7.5000000000000009 7 -0.30166627946358188 8 9 -1.342682237155864 -0.036630036630036542
decision_type=9 2 2 2 2 9 2 9 2 9 2 9 2 9 2 2 2 2 9 2 2 2 2 2 1 2 9 1 2 2
left_child=15 2 4 6 10 9 -4 8 -5 20 11 -2 13 14 -7 -1 -17 19 -19 -11 21 -3 -22 -8 27 -26 -9 -14 29 -18
right_child=1 5 3 7 -6 12 23 26 -10 17 -12 -13 24 -15 -16 16 28 18 -20 -21 22 -23 -24 -25 25 -27 -28 -29 -30 -31
leaf_value=-0.013236661023025861 0.012036613286530377 0.080794110365889113 0.089345474477709921 0.014573524051887147 -0.01051614884191248 0.02179892201781089 0.023912026712968951 0.0020416827615727245 -0.019069177764639542 0.073687198555944203 -0.023515720282069 -0.0039222375863341924 0.0040472177831238562 -0.0094076233066089972 -0.0019124353016818833 0.073513480112726501 -0.0039167216677490554 -0.0086899722913448257 0.0024448822637541247 0.0057412027329992238 0.022791407421459669 0.010516190995715258 0.0063808002970937574 -0.0017023288670840919 0.037141304842345992 0.0042920523225214056 -0.014179123805877639 -0.006430518130617088 -0.0084874930525315057 0.081736021742344039
leaf_weight=203.52939243242145 63.531278487294912 4.4754086583852759 2.4162187129259101 60.855685453861952 332.01729891449213 27.09202036075294 32.987247556447983 46.846870122477412 13.292414212599395 1.9179096706211556 15.175262335687874 65.73212181404233 104.34186291694641 210.23887323774397 39.947886984795332 1.9518578201532388 4.1663504093885422 130.21924980171025 331.82169866189361 298.6768350340426 32.329227920621634 10.351561870425938 378.80950045585632 17.848155990242958 10.225262142717837 219.82603074982762 69.990578453987837 153.3744465559721 21.388169586658478 2.6010592505335834
leaf_count=5432 827 63 28 1011 6471 360 357 601 263 18 206 1124 1070 3752 463 22 59 1916 3927 3081 213 151 2978 246 136 2218 922 1540 345 30
internal_value=-0.000320228 0.000597761 -0.00370589 0.00241388 -0.00684297 0.00218842 0.0182959 -0.00201443 0.00752728 0.00425303 0.00160048 0.00454907 -0.00106094 -0.00561798 0.00667419 -0.0104082 0.00525577 0.00190685 -0.000828471 0.00617472 0.00831346 0.031729 0.00767122 0.0149189 0.00150783 0.00551251 -0.00802707 -0.00219567 0.00052387 0.029004
internal_weight=2907.98 2674.34 720.693 244.237 476.456 1953.65 53.2516 190.986 74.1481 1188.6 144.439 129.263 765.046 277.279 67.0399 233.637 30.1074 762.636 462.041 300.595 425.966 14.827 411.139 50.8354 487.768 230.051 116.837 257.716 28.1556 6.76741
internal_count=39830 33942 12056 3428 8628 21886 631 2797 1274 12347 2157 1951 9539 4575 823 5888 456 8942 5843 3099 3405 214 3191 603 4964 2354 1523 2610 434 89
cat_boundaries=0 3 6 9 13 17 21 24 25 29 30
cat_threshold=1049632 16777244 17825796 147456064 136381440 536873284 3223593482 114688 4202560 8192 268437504 131137 4 537010177 33572865 2147622912 4 1610612736 32769 2147639872 4 131081 1140965632 2147508736 6 136716416 136314880 2147483652 32 53
is_linear=0
shrinkage=0.03


Tree=70
num_leaves=31
num_cat=9
split_feature=22 9 22 37 6 23 37 23 21 41 12 39 22 1 22 35 22 2 41 14 39 41 41 35 0 27 23 13 17 41
split_gain=30.8214 15.5075 20.3633 15.6235 13.9427 12.6633 13.308 11.9926 11.8076 11.09 11.0318 13.3312 11.9876 10.081 14.511 9.81564 12.7498 11.2367 9.65625 9.5037 9.08142 16.9108 8.53775 8.50354 9.55685 11.3899 8.82538 18.8053 8.63511 8.36001
threshold=0 0.031076270723513554 1 23.500000000000004 0.089898989898989853 2 6.5000000000000009 3 4 1.4589335031223734 -0.8693749999999999 0.85277705704960616 5 10.500000000000002 6 -1.0000000180025095e-35 7 116.50000000000001 2.5711747985644022 -6.4999999999999991 0.73899442941151339 0.66723089627635523 1.7685529849305426 100.00000000000001 1625.0000000000002 0.22792207792207789 8 -0.80999999999999983 0.1826839826839827 1.0000000180025095e-35
decision_type=9 2 9 2 2 9 2 9 1 2 2 2 9 2 9 2 9 2 2 2 2 2 2 2 2 2 9 2 2 2
left_child=20 2 7 13 10 29 19 9 -8 -2 11 -5 -12 15 -15 16 -3 -17 -11 -7 23 -22 -16 24 26 28 27 -1 -26 -4
right_child=1 3 5 4 -6 6 8 -9 -10 18 12 -13 -14 14 22 17 -18 -19 -20 -21 21 -23 -24 -25 25 -27 -28 -29 -30 -31
leaf_value=0.084256960915475174 0.021739581217597087 -0.0085855317208987751 0.064291067027313617 0.016644748964102313 -0.011696731376585955 0.029314299864576256 -0.0023879219746506496 -0.0022024241464755731 0.023562068965395488 -0.0036892831526003349 0.0088905946609280258 0.11102371794100477 -0.0079507632729791874 -0.0095374910880802882 0.0081044416734217598 0.015156126844898371 0.0051316800700998795 0.0041838180185442136 0.068919864740869474 -0.0080300906793410298 0.081216197771785903 -0.0023192367432501443 -0.0089967206211108517 -0.023762505921198596 0.0101207468811048 0.097564751797815777 -0.01739560697816693 -0.0039872521134570946 -0.027743580488706003 -0.0138509924953598
leaf_weight=2.3295656722038975 54.692511234432459 111.73928464390337 1.2401308715343464 7.324869725853203 133.16382844187319 6.37484311684966 34.450961934402585 115.21125688031316 29.11953766644001 32.584421589970589 59.623954083770514 1.6504966579377649 73.885835364460945 122.72275103628635 115.33389107510448 90.524911541491747 113.51123093441129 1165.6172434873879 1.7362586371600617 161.77683151327074 2.3197501152753821 36.477828167378902 34.026060052216053 51.111053055152297 23.807051721960313 1.152303423732518 90.322745829820633 32.434155475348234 7.0187272671610108 192.58110853098333
leaf_count=58 700 1555 20 114 1875 134 662 1505 539 440 849 18 1004 1613 1329 976 1137 11602 21 3185 24 552 395 1407 611 23 2529 756 148 4049
internal_value=-0.00031452 0.000643092 -0.00346698 0.00192188 -0.0047175 -0.00710852 -0.00210307 0.00426036 0.00949891 0.0120029 0.00180515 0.0340003 -0.00035921 0.0029656 -0.00234211 0.00394045 -0.00182631 0.00497455 -1.60384e-05 -0.00661432 -0.0102357 0.00267544 0.00394449 -0.0131336 -0.00967482 0.00496105 -0.0134164 0.00149583 0.00149941 -0.012696
internal_weight=2905.87 2658.89 629.768 2029.12 275.649 425.543 231.722 204.224 63.5705 89.0132 142.485 8.97537 133.51 1753.48 272.083 1481.39 225.251 1256.14 34.3207 168.152 246.973 38.7976 149.36 208.176 157.065 31.9781 125.086 34.7637 30.8258 193.821
internal_count=39830 33722 11255 22467 3860 8589 4520 2666 1201 1161 1985 132 1853 18607 3337 15270 2692 12578 461 3319 6108 576 1724 5532 4125 782 3343 814 759 4069
cat_boundaries=0 3 7 11 15 16 19 22 25 28
cat_threshold=68158496 16777756 17846276 1610743816 268441601 4325440 4 2891968 553730048 4196864 32 134348992 153108480 2147483904 32 2 2149581312 574652416 131585 3760324618 4243713 2147614784 2147491978 574734592 131073 138412032 134300672 4194560
is_linear=0
shrinkage=0.03


Tree=71
num_leaves=31
num_cat=11
split_feature=22 17 22 23 27 30 30 22 31 9 23 12 6 24 3 35 22 23 8 30 14 23 13 3 41 41 35 0 28 4
split_gain=29.3765 14.6346 17.0091 13.931 11.4546 12.233 11.1025 19.6799 11.864 12.9453 11.9104 10.8797 10.7157 15.6864 9.98741 16.4462 10.7917 10.8434 10.4704 9.84087 9.15529 8.98025 8.90933 8.7278 14.9882 8.66069 8.32427 9.16829 10.9516 9.88785
threshold=0 0.095238095238095163 1 2 0.21913109756097562 3 4 5 5.5000000000000009 0.66246258338701358 6 0.09599999999999996 0.091966173361522172 24.500000000000004 -4.4999357161218878 1.0000000180025095e-35 7 8 0.43625237512928755 9 22.500000000000004 10 -0.6659999999999997 0.73899442941151339 0.66723089627635523 1.3095381576636804 100.00000000000001 1625.0000000000002 2.6456845238095243 -3.999029347340691
decision_type=9 2 9 9 2 1 1 9 2 2 9 2 2 2 2 2 9 9 2 1 2 9 2 2 2 2 2 2 2 2
left_child=23 2 3 -2 5 21 7 8 10 -10 -3 19 13 -9 15 18 17 -16 -8 -5 -7 -4 25 26 -25 -6 27 -1 29 -29
right_child=1 6 4 11 22 20 14 12 9 -11 -12 -13 -14 -15 16 -17 -18 -19 -20 -21 -22 -23 -24 24 -26 -27 -28 28 -30 -31
leaf_value=-0.013204772038033061 -0.0034739246880441093 -0.0046433705035690597 -0.0087288744745285234 -0.011890909152350906 0.014057820748966903 -0.0086359020952669462 0.067291143190613162 0.0075340395975094657 0.020887772423652997 0.10614769302199575 0.0078129772772275105 -0.0040453928220627235 -0.014012196587407448 -0.011772689034472523 0.010313389776321537 -0.022363152732090025 0.0063357682886504918 -0.013762711132249418 0.015176441848436778 0.009454734440063341 0.078633888471114369 0.0018343340834907004 0.008372141126456541 0.074291726930677024 -0.0022540924680703417 0.10484889748371351 -0.023563405488674465 0.098021680928378443 0.094108402222706916 -0.0016277219955307788
leaf_weight=123.72025660052896 240.27561270818114 96.707154793664813 87.122457407414913 20.755709588527679 1.8460849933326273 415.78612398914993 7.6088413447141665 82.192434463649988 11.445429865270851 1.8637313358485688 201.29624999500811 83.290055373683572 99.68483404442668 70.242596164345741 17.672034304589033 4.508252575993537 567.55588771775365 43.644448088482022 6.3781003728508949 306.24101300165057 1.0847218483686436 276.99967498518527 13.248655570670961 2.457638341933488 36.407184757292271 1.9385870918631551 50.013291392475367 0.92376129887998359 1.1895285714417685 30.014138750731945
leaf_count=3343 3138 1194 1198 431 23 7463 78 1245 142 14 2228 1067 1293 1113 242 43 5059 555 39 3581 21 3365 166 24 552 24 1407 19 25 738
internal_value=-0.000309991 0.000621032 -0.00141126 0.00218336 -0.00431493 -0.0048998 0.00305757 -2.17141e-05 0.00495552 0.032827 0.00387704 0.00550025 -0.00612127 -0.00136257 0.00573761 0.0274658 0.00509859 -0.00635057 0.0435266 0.00809985 -0.00840882 -0.000882441 0.0199685 -0.0100423 0.00258632 0.0605629 -0.0129143 -0.00949683 0.00478216 0.00134767
internal_weight=2904.11 2659.39 1448.59 650.562 798.026 780.993 1210.8 563.432 311.313 13.3092 298.003 410.287 252.12 152.435 647.368 18.4952 628.872 61.3165 13.9869 326.997 416.871 364.122 17.0333 244.726 38.8648 3.78467 205.861 155.848 32.1274 30.9379
internal_count=39830 33722 20477 8217 12260 12047 13245 7229 3578 156 3422 5079 3651 2358 6016 160 5856 797 117 4012 7484 4563 213 6108 576 47 5532 4125 782 757
cat_boundaries=0 3 7 11 12 13 17 21 24 28 29 32
cat_threshold=68158496 16777756 17846276 1644167169 1346393091 2153906177 4 153354368 16842752 64 32 2 1 1076240906 33589248 8256 4 23347200 81920 541065728 32 393736 33554432 2147483712 18890752 2097152 4195072 32 1 8320 553649152 2151677952
is_linear=0
shrinkage=0.03


Tree=72
num_leaves=31
num_cat=4
split_feature=16 23 27 5 17 13 9 17 23 15 12 16 31 6 23 2 37 42 17 37 42 23 13 17 16 12 16 17 40 12
split_gain=19.6889 25.1077 16.5491 17.8883 14.0021 14.0585 19.2634 13.7018 13.5235 13.5214 12.9444 12.8034 9.68893 9.19087 12.3933 10.3554 9.095 12.5113 15.6727 14.4037 17.7818 12.887 12.0185 11.3611 8.57413 8.3101 21.1012 8.14499 8.2655 8.10184
threshold=0.74368686868686884 0 0.080540540540540509 -1.090059088517495 0.50036075036075056 -0.85099999999999976 0.19756849772599414 0.15079365079365079 1 1.0000000180025095e-35 1.0660000000000005 0.73091491841491851 1.5000000000000002 0.087595907928388714 2 134.50000000000003 23.500000000000004 1129.5000000000002 -0.066983941983941989 4.5000000000000009 1005.5000000000001 3 0.20400000000000013 -0.21421356421356416 0.15850815850815858 0.11800000000000001 0.81827894327894335 0.30036630036630041 -0.15056034133332843 -0.74366666666666659
decision_type=2 9 2 2 2 2 2 2 9 2 2 2 2 2 9 2 2 2 2 2 2 9 2 2 2 2 2 2 2 2
left_child=2 4 16 8 5 6 9 -3 27 -2 11 24 -13 14 15 -9 17 19 21 23 -21 -19 -20 -1 -5 29 -27 28 -4 -6
right_child=1 7 3 10 25 -7 -8 13 -10 -11 -12 12 -14 -15 -16 -17 -18 18 22 20 -22 -23 -24 -25 -26 26 -28 -29 -30 -31
leaf_value=-0.025053236314833603 0.15923337977688851 -0.022049523551912389 0.013089868920514948 0.012349527843078916 0.056021789387654321 -0.0019089235303075705 -0.033050334450617481 0.004444700060111057 -0.014111804410631389 0.022055054058443935 -0.017016633454418503 0.086813518979335716 0.022147190663383314 -0.014076472262545122 -0.010490493736628392 0.063681196010343402 -0.007854724922501553 0.0045111396782299314 0.0041222672555908928 0.031413848039218234 -0.001046111942983744 -0.0099167732739568748 0.017943546622666163 -0.0063291479921336862 0.0042998910141246773 0.12208365531855625 -0.0003547655710040362 0.043278563385619639 -0.013047902619553792 0.0091431447371678742
leaf_weight=34.844376968219876 1.566584970802068 69.684851247817278 26.559103248640895 141.15654442831874 3.9746158793568673 92.341661101207137 1.4563769698143003 75.47153040766716 71.18338724039495 1.101305656135082 22.607585621997714 2.7130449749529353 9.0118511077016574 99.423914819955826 71.788543228060007 2.7528959512710562 153.47771502099931 94.928343255072832 322.35033582337201 15.761399179697035 418.05728604644537 114.16315894015133 68.689560797065496 178.93139950186014 761.85468177683651 2.4644061252474776 2.606863260269165 4.8535428903996936 18.4546979945153 20.084345497190952
leaf_count=795 29 1803 430 1410 43 1544 20 1106 1312 23 345 34 122 1257 1129 30 2436 1569 3663 252 5768 1799 741 2542 9040 20 28 45 349 179
internal_value=0.000125082 -0.00568389 0.0011754 0.00400681 0.00557223 0.000511425 0.0547026 -0.00997595 -0.00684613 0.102606 0.00540839 0.00596262 0.0371104 -0.00700291 -0.00231477 0.00578928 -0.000963304 -0.000115618 0.003005 -0.00300752 0.000133216 -0.00362498 0.0065501 -0.00938108 0.00555819 0.0242442 0.0591447 0.00529361 0.00237394 0.0168876
internal_weight=2904.32 444.718 2459.6 1058.39 125.596 96.4659 4.12427 319.122 121.051 2.66789 937.344 914.736 11.7249 249.437 150.013 78.2244 1401.2 1247.73 600.131 647.594 433.819 209.092 391.04 213.776 903.011 29.1302 5.07127 49.8673 45.0138 24.059
internal_count=39863 7211 32652 13087 1886 1616 72 5325 2136 52 10951 10606 156 3522 2265 1136 19565 17129 7772 9357 6020 3368 4404 3337 10450 270 48 824 779 222
cat_boundaries=0 3 6 9 13
cat_threshold=4202688 18875392 536871168 134627456 66560 2147484164 134627328 671154176 2147483652 27787264 689964032 4194368 32
is_linear=0
shrinkage=0.03


Tree=73
num_leaves=31
num_cat=5
split_feature=1 21 23 9 37 13 23 4 13 23 16 40 31 26 42 37 8 35 16 3 23 4 5 17 4 5 12 9 40 8
split_gain=19.2394 21.7119 20.4957 19.4379 13.9674 12.7212 11.857 12.641 14.5597 10.8546 15.2946 12.7972 12.2599 11.8871 10.8014 13.8183 10.5457 10.4496 10.3236 10.1706 13.9877 9.91865 9.78214 9.7342 9.57376 15.3561 9.98022 9.45716 9.2352 11.353
threshold=7.5000000000000009 0 1 0.49400423166571361 3.5000000000000004 -0.29999999999999988 2 -0.679508414923505 0.26200000000000018 3 0.74128464128464144 -1.5683765334348427 1.5000000000000002 0.17974358974358975 1165.5000000000002 21.500000000000004 0.73754565417421714 425.00000000000006 0.71806526806526805 -0.4486502076731676 4 -1.7462032263579477 0.80962362662797316 -0.079004329004328924 -0.9989694070095354 -2.0428544467162482 -0.5359999999999997 0.51304077905960499 0.038783545544716254 0.012524514579377753
decision_type=2 1 9 2 2 2 9 2 2 9 2 2 2 2 2 2 2 2 2 2 9 2 2 2 2 2 2 2 2 2
left_child=1 9 4 14 -3 -6 7 8 -5 11 12 13 18 -1 19 28 -14 24 -11 -2 -21 -22 -7 -13 25 -4 -26 -9 29 -16
right_child=3 2 17 6 5 22 -8 27 -10 10 -12 23 16 -15 15 -17 -18 -19 -20 20 21 -23 -24 -25 26 -27 -28 -29 -30 -31
leaf_value=0.0054412619540896842 -0.013591449397899781 -0.016377123440145712 0.043736587915705186 0.0040881306445010139 -0.0034153915753389308 0.015333050713980988 0.0073721748720788098 0.03934511976870473 0.068243239514611642 0.011366101939245057 -0.0087666264947371345 -0.015509720504727978 0.00060280291827117789 0.057441117092189464 0.016512157121353573 -0.01628418122774767 0.022671182686565323 -0.018054420370655255 0.062963952096687759 -0.011468440446313262 0.064626243166289052 -0.00040069562602502496 -0.017916634529320338 -0.0036899937407094802 0.0047532038548150114 -0.0027830262868441492 0.015195322734821132 -0.012635184136553849 -0.0053588995990266411 -0.0034963176246318437
leaf_weight=21.31913375668228 184.14782166294754 44.518094729632139 6.9598247464746228 21.069264166057113 139.42815558612347 70.912785248830914 201.33531500771642 3.2786162644624701 3.7504199370741835 87.780347146093845 112.16481880098581 84.124908873811364 488.04869627207518 4.8581075780093661 68.392541563138366 37.741946732625365 20.298968449234962 12.049959201365708 3.6343654189258805 155.19450713507831 2.1321705374866715 213.60157649405301 8.9708780944347364 246.3258396293968 116.04420991614461 77.503084795549512 283.93565484695137 80.368366084992886 63.299323035404086 40.717484395951033
leaf_count=278 4189 751 96 199 1867 953 1834 36 37 1074 1599 1491 5744 33 1165 685 98 190 41 2736 25 3453 65 3187 1563 967 2996 732 1186 593
internal_value=0.000116782 0.00198895 0.00586399 -0.00306821 -0.00101778 0.0020536 0.00327178 -0.00459536 0.0137824 -0.000768318 0.00138192 -0.00496044 0.0033029 0.0150917 -0.00563495 0.000157676 0.00148402 0.009353 0.0134175 -0.00782803 -0.00496678 0.000231268 0.0115991 -0.00669902 0.0102278 0.00105023 0.0121658 -0.0105978 0.00375694 0.00904543
internal_weight=2903.91 1828.88 760.323 1075.03 263.83 219.312 309.802 108.467 24.8197 1068.56 711.927 356.628 599.762 26.1772 765.227 210.151 508.348 496.493 91.4147 555.076 370.928 215.734 79.8837 330.451 484.443 84.4629 399.98 83.647 172.409 109.11
internal_count=39863 22993 9448 16870 3636 2885 2838 1004 236 13545 8556 4989 6957 311 14032 3629 5842 5812 1115 10403 6214 3478 1018 4678 5622 1063 4559 768 2944 1758
cat_boundaries=0 1 4 7 11 15
cat_threshold=2 11288576 536936448 2151680512 27263040 136332288 536873476 23470080 555761664 2048 32 136986752 2113536 2147484224 32
is_linear=0
shrinkage=0.03


Tree=74
num_leaves=31
num_cat=11
split_feature=22 1 40 23 23 27 5 21 40 28 4 12 23 40 17 31 22 23 5 9 23 9 31 15 2 23 20 22 7 42
split_gain=27.9325 17.2365 16.1997 16.0622 15.0106 14.4033 14.2102 13.3056 11.1622 19.0983 13.4032 10.7072 10.7039 8.68858 10.9059 9.92013 10.5732 8.6742 8.42797 12.2114 8.35842 13.4694 11.223 9.40334 8.30204 13.931 10.7289 8.15676 9.00947 7.85959
threshold=0 3.5000000000000004 -0.47147943510532675 1 2 0.080540540540540509 -1.090059088517495 3 1.3069958313407872 -0.70444664031620541 0.35921367196113863 0.97900000000000009 4 -0.33927729300075699 0.55573593073593097 3.5000000000000004 5 6 0.90476163885622485 0.36124235804162658 7 0.50712816198009625 2.5000000000000004 27.500000000000004 127.50000000000001 8 9 10 0.59629629629629644 1077.5000000000002
decision_type=9 2 2 9 9 2 2 1 2 2 2 2 9 2 2 2 9 9 2 2 9 2 2 2 2 9 9 9 2 2
left_child=5 3 20 7 -4 13 12 27 10 -10 -9 24 -7 14 15 16 -1 -17 -6 -20 29 23 -23 -22 26 -26 -8 28 -2 -3
right_child=1 2 4 -5 18 6 11 8 9 -11 -12 -13 -14 -15 -16 17 -18 -19 19 -21 21 22 -24 -25 25 -27 -28 -29 -30 -31
leaf_value=-0.0021595734400619406 0.011377567873013805 -0.019930695141443178 -0.0019750462858740326 -0.0053264864267733676 -0.015352588673509882 0.0035118563558792087 -0.008475302326454404 0.0041551671608621539 -0.015367782734078662 0.10633110279063579 0.034286778875504825 -0.017199716844474685 -0.016107594423998579 -0.0022613523934868992 0.070420353912737751 -0.0072443979118108747 0.011131991333773699 0.0046118785210005906 0.083100032153373943 -0.0027391472632223436 -0.0017698952816384396 0.051147605958179479 0.011293776684009525 0.07716033914892878 -0.005654407842551285 0.0078153115746711181 0.010796490684250978 -0.0038202206038647568 0.060508576852680539 -0.0022491700668773708
leaf_weight=80.829661171883345 20.380929380655292 29.077664278447628 161.79755046963692 129.83224438689649 276.37926447205245 51.429436597973108 23.42281199619174 33.243524231016636 1.8071726430207489 3.2434793915599576 22.131674410775304 16.601456269621849 36.953091433271766 639.6644063834101 2.1610630154609671 111.90909937210381 158.42001114226878 93.713309979066253 1.8047745823860157 8.5942558757960779 98.582893203943968 8.4410704597830755 25.785996794700623 1.3774114083498705 99.299712443724275 185.92969947680831 406.93958027102053 67.322173276916146 4.0220709145069113 101.97050185315311
leaf_count=1000 303 551 3177 2265 6361 694 193 523 36 58 301 217 578 7955 14 1230 1518 958 23 95 1850 94 277 30 964 1595 4111 1107 32 1753
internal_value=0.000111553 -0.00393819 -0.00645848 0.00230198 -0.00993368 0.00223487 0.00524672 0.00859652 0.0200918 0.0627861 0.0161978 0.00661834 -0.00611625 -1.88386e-05 0.00319 0.00286341 0.00701651 -0.00196888 -0.0138713 0.0121584 -0.000581088 0.00454105 0.0211225 -0.000682269 0.00717091 0.00320173 0.00980154 0.00196094 0.0138144 -0.00573483
internal_weight=2903.07 995.795 713.811 281.983 448.576 1907.27 820.576 152.151 60.4259 5.05065 55.3752 732.193 88.3825 1086.7 447.033 444.872 239.25 205.622 286.778 10.399 265.236 134.187 34.2271 99.9603 715.592 285.229 430.362 91.7252 24.403 131.048
internal_count=39863 18836 14211 4625 9656 21027 8352 2360 918 94 824 7080 1272 12675 4720 4706 2518 2188 6479 118 4555 2251 371 1880 6863 2559 4304 1442 335 2304
cat_boundaries=0 4 7 10 11 14 17 21 25 29 30 33
cat_threshold=1612980739 272648451 2183291456 4 151781440 134300672 2688549380 4333568 153158656 260 2 151281792 136381440 2147484224 8707 4194560 576 942272 18940928 68 32 27934720 151076864 4194304 32 21364736 553648128 2151680768 32 2563 2147614848 32768 16777216
is_linear=0
shrinkage=0.03


Tree=75
num_leaves=31
num_cat=9
split_feature=22 1 42 23 22 22 12 17 15 28 23 22 40 13 4 41 35 23 6 0 42 42 3 23 2 41 23 41 5 17
split_gain=24.0822 16.8967 17.7097 15.8156 14.6102 13.8507 12.7854 16.9831 17.3074 16.8566 12.096 10.9232 12.0776 25.3143 11.923 10.3359 9.862 19.7794 13.6097 10.263 9.63202 9.5719 9.10742 9.07454 10.8043 9.87821 8.04015 12.627 10.9153 9.4525
threshold=0 7.5000000000000009 1164.5000000000002 1 2 3 0.13800000000000004 0.2264957264957265 23.500000000000004 3.8050000000000002 4 5 -1.9211901036910721 -0.50757142857142823 4.3021871845908413 0.4481778248325205 175.00000000000003 6 0.54195804195804198 2100.0000000000005 1189.5000000000002 1106.5000000000002 0.29392156269761699 7 127.50000000000001 0.90536264871436678 8 1.0816607603907604 -0.6951325693616851 0.19444444444444448
decision_type=9 2 2 9 9 9 2 2 2 2 9 9 2 2 2 2 2 9 2 2 2 2 2 9 2 2 9 2 2 2
left_child=6 5 3 4 21 -2 9 8 10 26 22 14 13 -13 20 -6 -7 19 -19 -18 -4 -3 -8 -9 25 -25 27 28 -1 -28
right_child=1 2 11 -5 15 16 7 23 -10 -11 -12 12 -14 -15 -16 -17 17 18 -20 -21 -22 -23 -24 24 -26 -27 29 -29 -30 -31
leaf_value=-0.0036742297343423502 -0.010110999968209447 0.0080681363765166391 0.01643497706642048 -0.014548475550712097 0.058778449940480773 0.0023434584585312981 0.0066081026213956721 -0.0097400481478542213 0.057424455398050363 0.072391658872057729 -0.015197346594876347 0.14950026421525139 -0.011301538832073823 -0.01876832605883199 0.094050717185334698 -0.017096284859156013 0.004342779029774025 -0.014731074749688426 0.05037724069311298 0.043593502131024205 -0.00046024853297891563 -0.0061901536893272675 0.067043954924763921 0.07722758721446725 0.0012761648422819683 0.024255858775935432 -0.0017477203289907417 0.0045495410167490308 0.020458544114638991 0.0070139851204289909
leaf_weight=20.522661939263344 101.92163838818669 95.747907131910324 48.844420647248626 234.00370379164815 1.6526278369128693 871.69416487030685 7.4806299675255996 12.260860361158846 3.2614120040088883 3.3123052865266791 99.390868652611971 1.3180802352726462 67.562931019812822 2.0656332727521649 1.3968464694917191 72.572270473465323 65.846077043563128 116.38185779750347 2.963028483092784 6.59603052958846 80.288666110485792 76.01700740493834 3.2058720886707306 3.9078664183616665 15.724673986434935 16.742578905075788 278.86675588786602 313.81372177414596 94.720538642257452 183.89684882760048
leaf_count=252 2447 1627 763 4852 34 11797 116 102 39 32 1161 21 1310 29 15 1516 1040 1767 18 87 1260 1199 31 30 129 154 2975 2848 772 1479
internal_value=-0.000188495 -0.00225117 -0.00601583 -0.0091491 -0.00328774 -6.90939e-05 0.00340429 -0.00431952 -0.010683 0.00483995 -0.0127009 0.0014488 -0.00747752 0.0467784 0.00638425 -0.0135777 0.000979167 -0.00517064 -0.0121007 0.00695638 0.00593035 0.00166121 0.0127797 0.0105096 0.0156974 0.0342802 0.00458906 0.00749367 0.0161609 0.0016974
internal_weight=2903.98 1846.87 681.47 479.994 245.99 1165.4 1057.11 161.975 113.339 895.133 110.077 201.477 70.9466 3.38371 130.53 74.2249 1063.48 191.787 119.345 72.4421 129.133 171.765 10.6865 48.636 36.3751 20.6504 891.821 429.057 115.243 462.764
internal_count=39902 29782 12626 9228 4376 17156 10120 1762 1347 8358 1308 3398 1360 50 2038 1550 14709 2912 1785 1127 2023 2826 147 415 313 184 8326 3872 1024 4454
cat_boundaries=0 4 7 10 13 16 19 23 26 29
cat_threshold=1090658816 39171 33710080 4 163577920 671155200 2684356676 2359426 826294272 2151678533 1048608 268501012 5242884 2097152 0 2816 2098187 658571264 580 134365184 539051008 768 32 655424 134217728 256 141058112 153092096 2147483904
is_linear=0
shrinkage=0.03


Tree=76
num_leaves=31
num_cat=4
split_feature=20 9 1 23 23 3 23 11 35 15 13 40 10 5 37 37 8 7 4 27 10 27 13 40 11 40 12 7 7 8
split_gain=17.3849 19.6398 18.809 19.2678 15.8363 12.004 11.5436 21.9493 17.1649 13.907 13.7322 10.9072 10.2005 9.37117 10.4354 9.34593 9.10165 14.8506 9.33644 8.72412 8.59541 10.9013 8.53434 11.4518 13.2541 8.786 17.9355 8.2111 8.20959 16.9356
threshold=0 0.47871819319292647 3.5000000000000004 1 2 -1.5722318493025311 3 0.077935222672064763 1.0000000180025095e-35 14.500000000000002 -0.47399999999999975 -1.3792758694081109 0.12060606060606062 -0.7071017686908404 28.500000000000004 42.500000000000007 0.0084618603485219022 0.28165064102564102 -2.3434183568846816 0.10102040816326531 0.059411764705882351 0.10990338164251207 -0.47399999999999975 -0.74906487572861125 1.0000000180025095e-35 1.9517272628643234 0.27700000000000008 0.14459930313588848 0.15075757575757578 0.013106562013853752
decision_type=9 2 2 9 9 2 9 2 2 2 2 2 2 2 2 2 2 2 2 2 2 2 2 2 2 2 2 2 2 2
left_child=2 4 6 5 11 -4 28 8 9 -8 -10 16 -13 15 19 -6 17 -2 -18 -15 27 -22 23 24 -5 -24 -27 -7 -1 -30
right_child=1 -3 3 22 13 20 7 -9 10 -11 -12 12 -14 14 -16 -17 18 -19 -20 -21 21 -23 25 -25 -26 26 -28 -29 29 -31
leaf_value=-0.0086487556721942856 0.0034863842136291525 0.0025998352392377195 -0.013714367787746056 0.098884014192092112 -0.0065744840711324439 0.016881692751765459 0.071102108359468896 0.011962430842443281 -0.0099314341489440804 -0.01682147345838159 0.09318987665340335 -0.0099499839117807524 -0.00072983664848738747 -0.00016682407337716043 -0.012890384386988338 0.069155267068891565 0.047754360786159106 0.047232464574054916 -0.01158912523572587 0.0072615154657477846 0.026727928148582516 -0.0020487684369788119 -0.011699995723027191 -0.0041243621498748446 0.014265248960869528 -0.00068124231211248991 0.13997921679080605 -0.017553314461549285 0.032479343220738213 -0.0078422499494949036
leaf_weight=28.117006905376911 25.766173584386706 824.15695140138268 14.610752081498502 1.815204663202169 213.75378951430321 12.937766740098597 16.853723617270596 40.705518018454313 6.2290668971836567 1.7911399789154518 1.428796974942087 477.40381961502135 139.56073033995926 495.52497546188533 45.325490985065699 1.4768008869141329 2.5975119248032597 9.5810407940298301 29.307748980820179 199.61117490381002 56.843429895117879 14.967560574412344 108.98947388119996 58.688227761536837 20.259403094649315 3.7777203544974318 1.0405846536159513 12.024551663547753 19.200766067951918 18.319719180464745
leaf_count=458 466 6739 308 31 4143 284 207 446 79 25 22 10058 1420 6921 682 27 38 117 431 2375 743 178 1657 1030 319 72 17 204 216 189
internal_value=-0.000189499 -0.00117346 0.0052456 0.00127458 -0.00307694 0.0106736 0.0148004 0.0224187 0.0471241 0.0626556 0.00930884 -0.00651851 -0.00786434 -0.000539138 0.00105684 -0.00605487 0.00485868 0.015344 -0.00675778 0.00196625 0.0154586 0.02073 -0.00442703 0.00280387 0.0212235 -0.00994738 0.0296965 0.00029407 0.0031305 0.012792
internal_weight=2902.67 2464.07 438.6 305.955 1639.91 111.384 132.646 67.0082 26.3027 18.6449 7.65786 684.217 616.965 955.692 740.462 215.231 67.2525 35.3472 31.9053 695.136 96.7733 71.811 194.571 80.7628 22.0746 113.808 4.81831 24.9623 65.6375 37.5205
internal_count=39902 33417 6485 4843 26678 1717 1642 779 333 232 101 12530 11478 14148 9978 4170 1052 583 469 9296 1409 921 3126 1380 350 1746 89 488 863 405
cat_boundaries=0 1 5 9 13
cat_threshold=1410 8912960 16777216 4194628 32 11288704 553664512 2151680064 32 9191616 536936448 4196608 32
is_linear=0
shrinkage=0.03


Tree=77
num_leaves=31
num_cat=8
split_feature=22 1 42 23 22 22 17 12 23 12 17 15 35 23 6 40 23 41 5 4 28 6 15 41 42 12 40 6 15 23
split_gain=22.2504 15.5971 17.5931 14.4071 13.3555 13.0137 11.5555 17.0972 13.0265 12.4054 27.8061 11.6928 10.1615 19.353 12.6633 12.4665 9.69023 9.52458 9.46602 10.7571 10.7839 8.78771 15.1565 8.79235 8.69956 8.17205 8.37404 8.00859 7.95764 9.35404
threshold=0 7.5000000000000009 1164.5000000000002 1 2 3 0.11904761904761905 0.083999999999999964 4 -0.13199999999999992 -0.055555555555555546 27.500000000000004 175.00000000000003 5 0.54195804195804198 -1.1334974761077541 6 0.4481778248325205 0.62004577325104882 -1.0562417107728155 -0.4257834757834757 0.053342816500711203 3.5000000000000004 2.0838513970973174 1106.5000000000002 -0.77928571428571414 0.010984422550042701 0.78888888888888908 -15.499999999999998 7
decision_type=9 2 2 9 9 9 2 2 9 2 2 2 2 9 2 2 9 2 2 2 2 2 2 2 2 2 2 2 2 9
left_child=6 5 3 4 24 -2 7 8 25 -10 -11 -9 28 15 -15 -14 27 -6 19 20 -4 22 -20 -23 -3 -1 -27 -8 -7 -30
right_child=1 2 18 -5 17 12 16 11 9 10 -12 -13 13 14 -16 -17 -18 -19 21 -21 -22 23 -24 -25 -26 26 -28 -29 29 -31
leaf_value=-0.022163918775247295 -0.0098797074556232836 0.0074608354229192013 0.032770579145084064 -0.014235574291362012 0.054331756503706065 -0.0084296234186622392 -0.0062785959394951376 -0.011651612608489778 0.0042139749902539193 0.046479905621835418 0.0026985752630833211 0.065809096499333586 0.04903670987825829 -0.014487678577468587 0.0475159166673048 0.0042213121589712889 0.0081925329277571981 -0.016799025023600072 0.075291642151071078 -0.0054347775729203379 -0.0018767167843029445 0.0034273349832123845 -0.012057092785063662 0.06816605308857597 -0.0061903814712085435 0.0026284347527707527 -0.011085779631088663 0.03274386718255394 -0.001803414152068381 0.0051663687840367341
leaf_weight=17.057149451225996 100.80319913104177 95.651797037571669 14.813327724114059 228.47904635220766 1.73546802997589 57.959007745608687 71.804278830066323 106.95487354695797 167.43980453535914 22.228682952001691 31.638344855979085 1.7831183075904835 6.1488808467984191 118.61612113192677 3.0405307188630095 61.067969396710396 429.46381488442421 71.307200415059924 4.9392011016607276 128.31280119530857 17.800225488841534 27.879601087421182 2.8021088838577271 2.0252273827791205 74.92416756786406 169.40768437460065 52.486640715971589 5.0673978477716437 246.77020063064992 560.87498500011861
leaf_count=292 2447 1618 297 4822 34 819 705 1283 1848 221 261 19 78 1855 18 939 3458 1516 55 2373 324 265 34 18 1190 1563 629 25 3744 7152
internal_value=-0.000185387 -0.0021972 -0.00584828 -0.00899952 -0.00336634 -9.66682e-05 0.00322122 0.000317524 0.00284519 0.00788629 0.0207653 -0.0103814 0.00092348 -0.00537233 -0.0119553 0.00724334 0.00654787 -0.0132896 0.00164365 -0.0015244 0.0138604 0.0151861 0.0436742 0.0078116 0.00138353 -0.0020672 -0.000615511 -0.00327959 0.00230789 0.00307844
internal_weight=2901.28 1825.95 670.67 472.098 243.619 1155.28 1075.33 568.996 460.258 221.307 53.867 108.738 1054.48 188.874 121.657 67.2169 506.335 73.0427 198.572 160.926 32.6136 37.6461 7.74131 29.9048 170.576 238.951 221.894 76.8717 865.604 807.645
internal_count=39902 29598 12546 9180 4358 17052 10304 6116 4814 2330 482 1302 14605 2890 1873 1017 4188 1550 3366 2994 621 372 89 283 2808 2484 2192 730 11715 10896
cat_boundaries=0 4 7 10 13 16 19 22 26
cat_threshold=1090920960 39171 33710592 4 163577920 671155200 2684356676 2097282 826294272 2151678021 1048608 268501012 5242884 151134336 536937472 541067844 134365184 539051008 768 2899968 538969088 536871424 2769024 536952832 4196352 32
is_linear=0
shrinkage=0.03


Tree=78
num_leaves=31
num_cat=1
split_feature=16 17 17 17 16 15 24 3 41 3 16 13 40 15 40 20 17 13 27 14 10 4 2 17 7 24 0 3 13 13
split_gain=15.1414 39.1358 19.3528 11.4576 12.5471 16.6661 13.1039 10.244 14.8856 12.7935 10.2419 9.71764 8.18667 11.4116 12.3664 8.90079 13.5117 15.7204 10.918 8.76934 8.34712 11.9656 8.11234 7.63087 7.96513 7.53909 13.5799 8.11563 9.8259 9.41286
threshold=0.51181688681688697 0.12337662337662338 -0.29761904761904751 0.51617826617826634 0.71469502719502731 -3.4999999999999996 28.500000000000004 0.011029987709301602 1.9096477297636658 -1.115942497270858 0.24848484848484848 0.025999999999999853 1.2642593037469896 -10.499999999999998 2.3110081050956661 0 0.15873015873015878 -0.88099999999999978 0.16064516129032258 -9.4999999999999982 0.037749287749287708 -1.252232808199748 115.50000000000001 0.7223424723424724 0.97500000000000009 132.50000000000003 1300.0000000000002 1.4343812279760813 -0.45999999999999991 -0.6659999999999997
decision_type=2 2 2 2 2 2 2 2 2 2 2 2 2 2 2 9 2 2 2 2 2 2 2 2 2 2 2 2 2 2
left_child=2 -2 10 4 5 6 -3 8 9 -5 25 -10 15 -14 19 16 18 -18 -4 -15 21 -17 -22 24 -9 27 -27 29 -29 -1
right_child=1 3 12 7 -6 -7 -8 23 11 -11 -12 -13 13 14 -16 20 17 -19 -20 -21 22 -23 -24 -25 -26 26 -28 28 -30 -31
leaf_value=0.0088138539653169982 -0.01099263806032038 0.017743209503900428 -0.0033219667708859371 -0.017377247057305711 -0.0050719731916756914 -0.0014407166259504263 -0.0016781402433135232 0.001558594956385433 0.09077816228276242 0.025739502363920735 -0.014239092236569271 0.01675110399880397 -0.033125416103036029 0.10450435946481712 -0.034065069993001636 0.045580213617141506 0.068603700105585072 0.0069812823090058566 0.014533816613336532 0.029455666314634987 0.020804615718984946 0.0099612648321701653 0.0032592786540012329 -0.0253983548554889 0.024876946626734446 -5.8735429474121494e-05 0.10017574156004692 -0.018358247434098099 0.066461166682464129 -0.0076389274831399345
leaf_weight=40.651018591597676 367.10075240768492 92.381791463121772 459.68774289637804 8.7157828137278575 337.8925291467458 290.58344896882772 47.263312874361873 66.84839635156095 4.1804707758128634 21.402549780905247 85.634997865185142 2.581483032554388 3.2260825596749809 1.5137917697429717 2.6322769541293374 9.6388677041977626 3.8419312611222258 123.35604299977422 33.034305961802602 18.85264664888382 24.70175769738853 71.102731086313725 595.11147700808942 7.519808702170848 16.422627553343773 3.707408942282199 1.8105716742575166 1.9862313047051428 3.2250956669449797 135.98798781633377
leaf_count=698 7837 1015 5408 101 5207 3246 533 599 34 204 1950 20 48 16 38 187 28 915 333 263 331 1249 6904 56 96 63 30 24 31 2279
internal_value=-0.000280643 -0.00274298 0.00163925 0.000637783 -0.000745449 0.00265251 0.01117 0.00895987 0.022293 0.0132622 -0.00564402 0.0625172 0.00311572 0.0197134 0.0271253 0.00278609 0.00012351 0.00884255 -0.00212483 0.0350339 0.0050681 0.0142134 0.00395852 0.00354379 0.00615742 -0.00171573 0.0328304 -0.00276398 0.0341333 -0.00385255
internal_weight=2882.6 1262.89 1619.7 895.792 768.121 430.229 139.645 127.671 36.8803 30.1183 273.003 6.76195 1346.7 26.2248 22.9987 1320.47 619.92 127.198 492.722 20.3664 700.555 80.7416 619.813 90.7908 83.271 187.368 5.51798 181.85 5.21133 176.639
internal_count=39743 18948 20795 11111 10001 4794 1548 1110 359 305 5075 54 15720 365 317 15355 6684 943 5741 279 8671 1436 7235 751 695 3125 93 3032 55 2977
cat_boundaries=0 1
cat_threshold=2575
is_linear=0
shrinkage=0.03


Tree=79
num_leaves=31
num_cat=7
split_feature=22 1 22 23 17 16 5 41 42 22 12 5 12 40 21 39 7 42 23 12 26 12 41 40 11 17 6 41 42 22
split_gain=25.415 12.3378 16.9387 17.8737 12.4972 17.0426 13.6674 18.748 11.3789 12.1833 10.5266 10.4358 10.3276 12.0279 9.90662 8.72093 8.73123 13.0227 8.24724 11.6412 12.3413 8.63588 8.10544 7.41429 27.1653 7.33535 7.55182 9.7312 7.17758 10.3805
threshold=0 2.5000000000000004 1 2 0.51617826617826634 0.79086191586191601 0.53649293621368732 1.8732925149916444 1155.5000000000002 3 1.0260000000000002 -1.0250483184973127 -0.84359090909090906 0.99719291568395108 4 0.80789636668851406 0.16843971631205673 1148.5000000000002 5 -0.59899999999999975 0.030776515151515155 -0.84359090909090906 2.0771703552142076 -2.2498499084300065 0.043015726179463455 -0.071428571428571438 0.18561584840654602 1.4589335031223734 1066.5000000000002 6
decision_type=9 2 9 9 2 2 2 2 2 9 2 2 2 2 1 2 2 2 9 2 2 2 2 2 2 2 2 2 2 9
left_child=15 2 3 -2 5 8 7 11 9 -3 -10 -6 13 -5 -14 23 17 -17 19 21 -21 -4 -9 24 -1 -18 -27 -28 -7 -30
right_child=1 4 18 12 6 28 -8 22 10 -11 -12 -13 14 -15 -16 16 25 -19 -20 20 -22 -23 -24 -25 -26 26 27 -29 29 -31
leaf_value=0.17369061891198809 -0.0045552071646412316 -0.0076590948928731235 -0.0054200610020284732 0.027930279365451546 -0.028021363784063828 -0.021264535492266607 -0.0025461722830995531 0.093926135638493793 0.0036626749879141466 -0.00029592868911817083 -0.022254628970257647 0.017795670238244632 0.0062519981736804371 0.11575966507307779 0.018339397309268143 0.0058821965835664358 -0.032327818805376919 0.088976154121528761 -0.005777161803817695 0.035185850608051412 -0.010388873363692697 0.052056127334579413 0.031134365220734008 -0.013280545448526228 -0.031439285711139367 -0.0065108907767944856 0.089656951933708318 0.00091215492645549021 0.0038552763862721123 -0.013004188027057202
leaf_weight=0.87661542557179872 71.252291146665812 246.35230658948421 3.2893305011093608 11.173803001642225 4.9976995550096026 39.99340589158237 43.841295819729567 3.9145803824067107 629.80916317924857 976.58119481056929 14.427382320165632 42.712536860257387 145.77071449905634 1.6048564165830601 104.96651315875351 5.4682489261031177 6.3316873311996522 2.4616187922656536 149.8584119938314 6.9727951660752323 22.942385954782367 8.2628221064805967 3.5083676166832447 189.63474002666771 1.7231606040149925 12.598248485475777 1.9318545684218396 2.6205075830221176 52.452167617157102 72.590630257502198
leaf_count=20 781 4490 51 144 58 723 331 35 7721 11986 230 405 1330 22 928 94 102 36 1848 102 285 99 30 5384 43 189 22 32 830 1392
internal_value=-0.000273673 0.000559323 0.00467578 0.00859744 -0.000454222 -0.000961206 0.0099555 0.0198967 -0.000144429 -0.00184424 0.00308227 0.0129963 0.0121903 0.0389607 0.0113122 -0.0097596 0.00445909 0.0316765 -0.00250454 0.00814692 0.000233934 0.0356905 0.0642484 -0.0125907 0.0377282 -0.00473212 0.00545571 0.0385722 -0.010202 -0.00666375
internal_weight=2880.92 2657.27 526.094 334.768 2131.18 2032.21 98.9745 55.1332 1867.17 1222.93 644.237 47.7102 263.516 12.7787 250.737 223.647 31.4122 7.92987 191.326 41.4673 29.9152 11.5522 7.42295 192.235 2.59978 23.4823 17.1506 4.55236 165.036 125.043
internal_count=39743 33821 5590 3205 28231 27372 859 528 24427 16476 7951 463 2424 166 2258 5922 475 130 2385 537 387 150 65 5447 63 345 243 54 2945 2222
cat_boundaries=0 3 7 10 13 14 17 21
cat_threshold=101712928 16777756 5255172 3223330818 100698369 16777281 4 2637824 555745280 541065280 2147615242 98304 16777280 2 2621568 538969088 541065728 131202 637602048 64 4
is_linear=0
shrinkage=0.03


Tree=80
num_leaves=31
num_cat=10
split_feature=22 37 22 42 19 23 42 23 17 23 10 40 22 9 9 8 20 3 40 23 13 17 9 40 23 4 8 35 13 13
split_gain=24.1319 15.8461 12.9024 12.9584 11.0025 11.0958 10.8089 12.6553 11.6616 10.3221 10.0091 10.7274 10.7833 11.1778 9.66526 18.6489 9.29471 14.0455 8.90186 8.65942 11.2782 8.14901 7.97963 6.99656 6.34124 15.355 6.21207 5.74551 5.58009 8.84931
threshold=0 23.500000000000004 1 1174.5000000000002 2 3 1188.5000000000002 4 0.21046176046176043 5 1.0000000180025095e-35 -0.77334304613773031 6 0.16959918365769933 0.21832561880845708 0.094045883709428818 7 1.0226241465957318 -0.021573141039758745 8 -0.98899999999999988 0.51617826617826634 0.043009625322304713 -0.89382837049366881 9 -2.6642791345074888 0.00015287531690040003 100.00000000000001 -0.39999999999999991 0.66400000000000003
decision_type=9 2 9 2 9 9 2 9 2 9 2 2 9 2 2 2 9 2 2 9 2 2 2 2 9 2 2 2 2 2
left_child=16 2 19 4 5 -4 7 -5 -8 -6 14 12 13 -12 -3 -16 17 28 -19 20 22 -22 -2 -14 25 -13 -26 -18 -1 -30
right_child=1 10 3 6 9 -7 8 -9 -10 -11 11 24 23 -15 15 -17 27 18 -20 -21 21 -23 -24 -25 26 -27 -28 -29 29 -31
leaf_value=0.010327000463131453 0.087041279434588392 -0.01308131971488404 -0.00033560227891540824 -0.0019183258967920879 0.0044768262084699034 -0.012817467175889824 -0.0023100906320053381 0.021402500066923034 0.011709469138798546 -0.0025264990513206901 -0.007376065844796699 0.086177742746721547 -0.014493763677534247 0.026603316751612986 0.10309861036428701 -0.017595551483070081 -0.010096351037044909 0.097646747785567561 -0.0053255706622063678 0.0013897888733520266 0.0060293123908210953 0.025084250269685863 0.0083143221833252429 0.027789395692135899 0.0023656736081076211 -0.0035294656002678661 -0.016020382327497459 -0.02273998945409347 -0.025874191551037328 0.041993946177746856
leaf_weight=18.003126997500658 2.7256706170737734 3.1960409861057988 123.86191594973207 37.300632495433092 271.13966329582036 139.98011470586061 191.06878180988133 50.773348713293672 74.111114446073771 570.73656245321035 13.03234303370118 1.7638535164296616 33.556979972869158 26.289058998227119 2.8496344387531281 1.9342611730098722 145.33167845569551 2.2831474058330063 1.129318993538617 480.77582875080407 383.26151645928621 21.322903778403997 2.0155622325837612 3.9350303262472144 18.783521132543683 65.017979722470045 138.38836232759058 41.606951348483562 11.153120823204519 2.0463502276688805
leaf_count=511 35 65 1775 509 3930 2000 2700 648 809 8376 206 28 449 307 38 26 3798 27 21 4973 3410 131 22 55 288 934 2107 1187 321 57
internal_value=-0.000269824 0.000538393 0.00138021 -0.000367282 -0.00196787 -0.00718403 0.0046323 0.013738 0.00160802 -0.000244891 -0.00584909 -0.00672892 0.00294524 0.012231 0.0273123 0.0542986 -0.0095583 0.00448732 0.0635692 0.00420147 0.00739205 0.00703357 0.0535734 -0.00793849 -0.010047 -0.00100901 -0.0129962 -0.0122549 -0.000536025 -0.0153524
internal_weight=2879.37 2657.82 2349.07 1458.97 1105.72 263.842 353.254 88.074 265.18 841.876 308.747 300.767 76.8134 39.3214 7.97994 4.7839 221.554 34.6151 3.41247 890.101 409.326 404.584 4.74123 37.492 223.954 66.7818 157.172 186.939 31.2026 13.1995
internal_count=39743 33821 29318 20747 16081 3775 4666 1157 3509 12306 4503 4374 1017 513 129 64 5922 937 48 8571 3598 3541 57 504 3357 962 2395 4985 889 378
cat_boundaries=0 3 7 8 12 15 18 22 23 27 31
cat_threshold=101712928 16777756 5255172 1610620929 67111168 52445184 4 12 29368384 555746304 2147485764 32 27410560 134283264 2684355328 138821632 1024 2147484416 538968201 33619969 2147483649 4 128 144703616 134284288 2372 32 655360 673185792 536871172 32
is_linear=0
shrinkage=0.03


Tree=81
num_leaves=31
num_cat=7
split_feature=22 22 37 23 37 2 23 37 21 8 28 3 13 23 13 8 41 42 21 6 37 15 13 41 6 40 4 15 3 41
split_gain=24.7914 13.5502 11.921 13.305 10.5992 11.8044 10.2041 12.3972 11.8907 10.1878 13.9861 11.045 10.0339 13.0135 12.3534 12.0313 10.116 9.8581 11.1306 9.80941 9.06701 8.91901 8.91844 8.91608 8.5809 15.4865 8.064 8.00226 8.59087 7.95384
threshold=0 1 25.500000000000004 2 4.5000000000000009 111.50000000000001 3 19.500000000000004 4 0.013770879803019852 -0.44395121951219513 -0.90155397090700895 -0.25999999999999984 5 -0.23999999999999974 0.77837426920391939 1.1541355961192543 1103.5000000000002 6 0.24621212121212124 36.500000000000007 -6.4999999999999991 -0.29999999999999988 0.74476560197248232 0.096006144393241163 2.0057160088690726 -3.7011311942198128 -8.4999999999999982 -0.4752744741428131 0.7078113896609286
decision_type=9 9 2 9 2 2 9 2 1 2 2 2 2 9 2 2 2 2 1 2 2 2 2 2 2 2 2 2 2 2
left_child=6 -2 3 -3 5 -5 7 8 27 10 11 -9 13 15 17 16 -8 -14 -19 29 -12 -4 -21 -6 25 -16 -15 28 -1 -10
right_child=1 2 21 4 23 -7 12 9 19 -11 20 -13 14 26 24 -17 -18 18 -20 22 -22 -23 -24 -25 -26 -27 -28 -29 -30 -31
leaf_value=-0.027396424810797439 -0.012644595790322089 -0.0049865072415450334 0.0032759063548029798 0.088377313862656071 0.018636071182681541 -0.0047062049906699266 0.0061336655995137329 0.10623989486024524 -0.003481566231087016 -0.013987841174668359 -0.010731145838099197 0.023105327393743085 -0.0031650052721144992 0.04234384611603835 0.0058754043408577993 0.023835903529744358 -0.0026518074609357474 0.065641223022865472 0.002933193968646444 0.018867876280659147 0.044040139172791301 -0.015772359921861611 -0.01867560116527436 0.0032479400714592443 -0.0011582747254753072 0.047199708961263423 -0.0099275539907305657 0.0070429103329111287 0.0014544922931613885 0.02098389321918637
leaf_weight=13.025128727778791 107.57512685842812 403.97722441516817 29.616435460746288 1.234555635601281 37.127514194697142 180.02847408317029 176.58024588227272 1.7320904135704029 13.347043437883256 44.369423285126686 22.910923181101683 8.4790261909365636 5.6039882227778461 2.7032341305166474 243.5036045499146 20.230765916407108 355.29870239831507 7.845577497035265 3.7724388279020769 9.9047958403825778 3.0866787806153289 87.440494699403644 13.396892629563807 388.3736463226378 191.99642497673631 8.4448540247976762 152.73862974345684 214.27747594565153 32.381648644804955 115.03918280079961
leaf_count=174 3031 7319 546 21 557 3477 1837 30 140 519 271 103 57 29 2713 91 3735 65 31 73 37 1569 96 6043 1687 115 1846 2139 293 1218
internal_value=0.000300928 -0.0029051 -0.00187313 -0.000840095 0.00197025 -0.00407223 0.00268721 0.00628141 0.00851682 -0.0043514 0.00745691 0.0372073 0.00113384 -0.00110061 0.00458666 0.00110854 0.000264911 0.0295158 0.0452796 0.0151903 -0.00422819 -0.010953 -0.00271708 0.00459065 0.00361958 0.00726052 -0.0084734 0.00461866 -0.00682152 0.0184405
internal_weight=2896.04 1235.37 1127.8 1010.74 606.764 181.263 1660.67 491.95 411.372 80.5781 36.2087 10.2111 1168.72 707.552 461.167 552.11 531.879 17.222 11.618 151.688 25.9976 117.057 23.3017 425.501 443.945 251.948 155.442 259.684 45.4068 128.386
internal_count=39862 22563 19532 17417 10098 3498 17299 5093 4133 960 441 133 12206 7538 4668 5663 5572 153 96 1527 308 2115 169 6600 4515 2828 1875 2606 467 1358
cat_boundaries=0 4 7 11 15 16 19 20
cat_threshold=539230336 809520387 2149728256 4 1048608 32796 1048576 11272384 134234112 4194880 32 4194496 134218752 4194560 32 2 160063488 16842752 2147483648 2
is_linear=0
shrinkage=0.03


Tree=82
num_leaves=31
num_cat=5
split_feature=22 40 22 5 40 6 22 22 27 28 8 40 25 2 26 6 40 7 40 15 3 7 13 13 12 6 3 5 40 37
split_gain=23.6136 12.2666 14.275 11.6588 13.1685 12.7271 12.394 12.1131 11.8662 9.98629 9.57645 9.91666 9.03156 8.47576 22.9724 8.34497 7.99211 8.56419 8.25486 9.23184 9.97541 8.1621 21.8459 7.98983 15.3359 7.67543 7.59748 7.53592 6.94265 6.64115
threshold=0 -0.33927729300075699 1 -1.057332040227658 1.5612281247564546 0.06030303030303031 2 3 0.10300618921308571 -0.73190909090909084 0.38888324385961953 -0.50868121898289964 4 116.50000000000001 0.021054964539007053 0.22792207792207789 -1.1790878293189719 0.057189542483660101 -1.9766829538224389 -18.499999999999996 -0.28780143599945912 0.078461538461538458 0.070000000000000076 -0.89699999999999969 -0.30399999999999988 0.39444444444444454 0.8217261739514744 1.5178265613026687 -1.7038165256542726 20.500000000000004
decision_type=9 2 9 2 2 2 9 9 2 2 2 2 1 2 2 2 2 2 2 2 2 2 2 2 2 2 2 2 2 2
left_child=16 2 28 6 7 8 13 15 -6 -7 12 -12 -4 14 -3 -5 18 -18 -1 20 -20 22 -19 24 -21 -15 -25 -9 -2 -23
right_child=1 3 10 4 5 9 -8 27 -10 -11 11 -13 -14 25 -16 -17 17 21 19 23 -22 29 -24 26 -26 -27 -28 -29 -30 -31
leaf_value=-0.018763615129007 -0.001654677620175423 0.1026522636630505 0.0034036934691701777 -0.0067024204630411121 0.01185925856115291 0.029906783657871933 -0.014226574272915907 0.0021355645205801059 0.042415194054421325 -0.0041322874131794595 0.006513194964860961 0.039426419626647932 -0.0046239693837754892 -0.0039396203638798399 -0.0048102683587024544 0.0083658610907055148 -0.014795934941079848 0.0019580462144940399 0.003578789438055399 0.0036908165412360906 0.10615807441850278 -0.002605430472521614 0.16704364171752581 -0.005265897787203629 0.13093936448165253 0.035419977953242018 0.020198166951057816 -0.019513300553812018 0.0092854457575004008 -0.013832644613843812
leaf_weight=13.178088195621966 59.839731507003307 2.6824713852256519 229.44731024838984 307.87864694558084 40.510204428806901 9.0789542458951455 94.037717374041677 780.51876797154546 15.938809191808103 53.271712053567171 59.576948452740908 9.5610541403293592 257.53426982648671 70.137157103046775 5.3832165449857712 37.0596784055233 115.48749563656747 3.5814458429813376 1.6901888754218819 2.5333172287791972 1.7229493893682946 175.74901719763875 0.90340816415846337 39.168218970298767 1.2846699226647604 4.7618035934865466 14.430301200598477 14.744712028652428 409.25506190396845 64.938596663996577
leaf_count=236 549 66 3036 5279 626 141 1825 8418 211 630 426 66 3323 1203 113 395 3557 86 37 57 25 3221 17 808 22 35 166 86 3811 1391
internal_value=0.000288926 0.00143218 0.00394457 -0.000351526 0.000662026 0.0101672 -0.00756083 -0.000328333 0.020487 0.000824182 0.000605754 0.0110647 -0.000866696 0.00152549 0.0309294 -0.00494028 -0.00607766 -0.00806022 0.00276267 0.00742611 0.0553607 -0.00488739 0.0352121 0.00457662 0.0465072 -0.00143728 0.00158978 0.00171264 0.00772519 -0.00563458
internal_weight=2895.89 2461.22 1025.21 1436 1259 118.8 177.002 1140.2 56.449 62.3507 556.12 69.138 486.982 82.9646 8.06569 344.938 434.668 360.66 74.0077 60.8296 3.41314 245.172 4.48485 57.4165 3.81799 74.899 53.5985 795.263 469.095 240.688
internal_count=39862 30239 11211 19028 15786 1608 3242 14178 837 771 6851 492 6359 1417 179 5674 9623 8272 1351 1115 62 4715 103 1053 79 1238 974 8504 4360 4612
cat_boundaries=0 3 7 11 14 15
cat_threshold=68166696 16879644 5246980 536871041 302008576 2147508224 4 539099266 33554432 16777217 4 553779331 33570816 2166382593 41
is_linear=0
shrinkage=0.03


Tree=83
num_leaves=31
num_cat=10
split_feature=22 20 22 23 16 2 12 23 40 41 23 35 12 22 1 17 23 23 22 3 37 2 10 17 9 41 1 12 37 17
split_gain=22.3957 15.2475 15.2364 13.9242 15.0116 15.5341 14.1593 12.3551 11.6571 13.3463 14.9675 11.8558 11.4068 11.0931 11.5773 10.4256 15.7921 12.023 10.2005 10.9446 9.29962 9.04688 12.4406 10.3546 8.83753 12.9106 8.8051 8.51899 8.31845 7.97733
threshold=0 1 2 3 0.50360010360010377 127.50000000000001 -0.12199999999999989 4 -0.38866353355307415 1.1270107556206002 5 1.0000000180025095e-35 -0.94799999999999962 6 1.5000000000000002 0.12337662337662338 7 8 9 -1.5722318493025311 12.500000000000002 118.50000000000001 0.15894736842105264 0.50036075036075056 0.14266541696294563 0.64715031021698766 2.5000000000000004 -0.2692105263157894 39.500000000000007 0.37979242979242983
decision_type=9 9 9 9 2 2 2 9 2 2 9 2 2 9 2 2 9 9 9 2 2 2 2 2 2 2 2 2 2 2
left_child=8 7 28 4 6 -6 -4 -2 9 12 29 -12 -1 14 -14 17 26 18 -10 -20 -15 22 23 -9 -5 -26 -17 -13 -3 -11
right_child=1 2 3 24 5 -7 -8 21 15 10 11 27 13 20 -16 16 -18 -19 19 -21 -22 -23 -24 -25 25 -27 -28 -29 -30 -31
leaf_value=0.065018583463821431 -0.014586707793978812 -0.01527666925228382 0.0069054805513082823 -0.0098740003327710026 -0.010139788238978929 0.015541211581663645 0.028484303236276442 0.002767840204715535 -0.0094851750445630045 -0.0050933049391768534 0.0081251572326582894 -0.016885082314372649 0.046004561288574559 0.021453417473972274 -0.013267702807167474 0.0080891779184648922 0.0055283710926199341 -0.0068296020213314485 -0.015238312876580657 0.0079391448514033978 0.0047980986722170119 -0.00678231566417442 0.08776107566148067 0.082194729402219557 0.044394173314653514 -0.0002317800004298598 -0.0074795582293810756 0.0043267570782789663 0.049125773328994961 0.022525708062494185
leaf_weight=3.6209056265652171 161.62279278226197 72.962247405201197 78.652938961982727 105.51485515013337 63.200318638235331 31.8974454626441 41.970681861042976 41.65793882869184 44.918334227055311 203.62268751300871 374.91676114872098 31.582940716296434 3.321508936584002 83.914760876446962 27.69613672979176 40.637364495545626 476.87493966147304 302.08155171759427 20.546662261709571 170.4379977080971 47.110658392310143 136.55183372832835 1.7241916134953488 1.5315194651484478 6.1789742037653914 104.6953881457448 167.26240817271173 37.006628109142184 1.8508005384355772 9.8681802414357644
leaf_count=46 3214 2119 1269 2605 1327 600 651 825 846 2238 3713 376 31 743 309 388 4835 4441 357 2131 504 2231 19 15 82 1550 1911 376 39 71
internal_value=0.000277452 -0.00378951 -0.000429422 0.00181339 0.00705972 -0.00152593 0.0144138 -0.00860138 0.00197642 0.0047472 0.00282843 0.00589429 0.0123567 0.01118 -0.00523335 0.000128424 0.00258377 -0.00299687 0.0021111 0.0051747 0.0143683 -0.00278711 0.00873904 0.00558436 -0.00349756 0.0022552 -0.0042328 -0.0054405 -0.0120701 -0.0036459
internal_weight=2895.43 850.012 506.924 432.111 215.721 95.0978 120.624 343.088 2045.42 822.661 656.997 443.506 165.664 162.043 31.0176 1222.76 684.775 537.985 235.903 190.985 131.025 181.465 44.9136 43.1895 216.389 110.874 207.9 68.5896 74.813 213.491
internal_count=39862 16546 10242 8084 3847 1927 1920 6304 23316 8407 6774 4465 1633 1587 340 14909 7134 7775 3334 2488 1247 3090 859 840 4237 1632 2299 752 2158 2309
cat_boundaries=0 4 5 8 11 15 18 20 23 27 30
cat_threshold=572784771 876629251 2703376960 4 3597 1048608 32796 5246976 164126720 2098176 536871172 9199616 18890752 2151678272 32 144728064 553664512 536872964 2097153 536870912 2908160 2113536 541067776 4349984 151012352 536871680 32 131 0 2164277312
is_linear=0
shrinkage=0.03


Tree=84
num_leaves=31
num_cat=11
split_feature=22 1 21 23 6 4 16 7 23 23 22 23 41 22 13 1 41 5 18 23 23 29 2 13 24 0 41 40 8 17
split_gain=25.6825 16.8984 22.0133 12.7603 13.2566 13.3891 12.0447 14.4049 11.386 11.1052 11.0311 12.2119 11.9841 10.421 11.3558 10.4025 24.2104 10.2416 10.1519 12.6899 11.7127 9.87598 9.84611 9.70358 9.38238 9.04622 13.8172 11.0517 8.94197 9.36906
threshold=0 7.5000000000000009 1 2 0.096006144393241163 2.6474378099460183 0.58982128982129001 0.55777777777777793 3 4 5 6 1.2637047219444284 7 -0.84399999999999975 2.5000000000000004 0.52824983302892481 -1.0000000180025095e-35 8 9 10 1.0000000180025095e-35 133.50000000000003 -0.60599999999999976 30.000000000000004 1100.0000000000002 1.0000000180025095e-35 -0.78692006128443626 0.44466460058595414 0.2264957264957265
decision_type=9 2 1 9 2 2 2 2 9 9 9 9 2 9 2 2 2 2 1 9 9 2 2 2 2 2 2 2 2 2
left_child=6 2 10 21 5 -5 8 -8 -1 28 11 -2 -13 14 22 16 24 -16 19 -12 -20 -4 -11 -18 -10 27 -27 -15 29 -3
right_child=1 9 3 4 -6 -7 7 -9 15 13 18 12 -14 25 17 -17 23 -19 20 -21 -22 -23 -24 -25 -26 26 -28 -29 -30 -31
leaf_value=0.0049831599059553221 -0.0035966894640162704 -0.013089655154215995 0.012788069780674816 0.0061442857088803036 -0.0054766977989505897 0.054119667725245013 -0.014972998860548823 0.016360002200504903 0.15454514586601792 0.017810954598869565 0.010220492087474038 0.016910491071282764 0.0024791481145375071 0.041503155666426927 -0.0045338874460251416 -0.0097596356463850002 0.023628670585339961 0.0060752503440476783 0.0099189180281294941 -0.0036084797511080876 -0.0078242428322679441 -0.010133869301158374 0.08835479954216556 -0.00904345172348665 0.03895629910148244 0.15346646589547286 -0.0071569101622061893 -0.0026668998211702281 0.013712128377027261 1.423460053345046e-05
leaf_weight=107.78727644309402 109.35321947559714 162.58292280137539 321.30246428586543 179.15676336735487 113.68322257138789 5.3930697720497838 165.878088388592 14.347507597878574 1.2662409339100116 20.819664692506198 93.762970266863704 93.790683872997761 115.64376302622259 8.0126632526516932 133.59323167055845 188.34545350261033 11.816020309925078 211.61743543855846 30.484287047758698 133.76074860244989 291.78541677817702 17.857060635462403 1.9472380429506291 26.595923705026507 1.2618041727691887 0.4830930158495893 212.9120377432555 14.016167962923644 16.515205428004265 70.356970824301243
leaf_count=2028 1107 2739 3252 2225 1123 64 4274 177 16 269 1078 822 1047 113 2003 4060 231 1997 433 1674 3470 225 22 487 26 7 3496 242 114 882
internal_value=-0.000113202 0.00122047 0.00313649 0.00737054 0.00249828 0.00754626 -0.00610029 -0.0124786 -0.00287091 -0.00214852 2.94007e-05 0.00439027 0.00853441 0.000111372 0.00323511 -0.00649709 0.00692537 0.00196962 -0.00253295 0.00228083 -0.00589787 0.0112495 0.0238445 0.00100692 0.0968522 -0.00470403 -0.00679328 0.0133993 -0.00732572 -0.00913177
internal_weight=2876.13 2358.83 1505.97 637.393 298.233 184.55 517.298 180.226 337.073 852.857 868.581 318.788 209.434 603.402 367.978 229.285 40.94 345.211 549.793 227.524 322.27 339.16 22.7669 38.4119 2.52805 235.424 213.395 22.0288 249.455 232.94
internal_count=39703 28404 16520 6889 3412 2289 11299 4451 6848 11884 9631 2976 1869 8149 4291 4820 760 4000 6655 2752 3903 3477 291 718 42 3858 3503 355 3735 3621
cat_boundaries=0 3 4 8 11 15 19 23 27 28 31 34
cat_threshold=118621736 16844316 5246981 2 151134400 136332288 4 32 163586048 536936448 2684354564 8798336 17408 580 32 8320 33025 2147615296 4 17178816 536888320 536872960 32 8322 104859651 25088 4 41 135012480 134235136 2147483652 16512 536871936 536872960
is_linear=0
shrinkage=0.03


Tree=85
num_leaves=31
num_cat=11
split_feature=22 1 21 23 22 23 27 8 22 16 23 18 27 17 29 22 31 40 17 22 14 23 10 40 32 24 0 41 31 24
split_gain=24.899 18.1296 20.9299 12.6597 13.1475 11.6516 11.2099 10.8886 12.6303 10.7343 12.9224 11.281 9.32897 11.7551 8.94872 8.937 8.70821 8.62807 11.4672 9.0427 9.84013 9.09017 12.5579 10.4123 8.46905 8.44863 9.74591 8.41839 8.39385 13.7362
threshold=0 7.5000000000000009 1 2 3 4 0.029857397504456304 0.18413760249009448 5 0.78717948717948738 6 7 0.069366479550922219 -0.28571428571428559 1.0000000180025095e-35 8 4.5000000000000009 -0.43642714982236219 -0.066983941983941989 9 -1.4999999999999998 10 0.020620748299319706 -0.54191295446395682 1.0000000180025095e-35 24.500000000000004 1100.0000000000002 1.9031235396674873 2.5000000000000004 30.000000000000004
decision_type=9 2 1 9 9 9 2 2 9 2 9 1 2 2 2 9 2 2 2 9 2 9 2 2 2 2 2 2 2 2
left_child=17 2 9 4 6 12 -4 8 -7 10 16 -12 28 -14 15 -5 -2 19 -19 20 -1 23 -23 -22 -16 -9 -27 -15 29 -3
right_child=1 5 3 14 -6 7 -8 25 -10 -11 11 -13 13 27 24 -17 -18 18 -20 -21 21 22 -24 -25 -26 26 -28 -29 -30 -31
leaf_value=-0.0069676568724550293 -0.0011129404421506288 -0.0023618510775354901 0.041834011740182968 0.0026813642058282736 -0.0045673214555927502 -0.012183693460809723 0.0064481493099119401 -0.0057383526892722837 -0.0023517153090705841 -0.0093493970374460469 0.011479885305117956 0.0012590296766709127 -0.024462559993181664 0.010668522199354696 -0.015988557326812747 0.014322570494597897 -0.01351191138093836 -0.021487203076338973 -0.0067607712609345687 -0.011331064178549843 -0.0092559494710940868 0.053620609270604039 0.013075505575836475 0.056316466773275481 0.034794391612904665 0.033881814495095135 0.0044128982163585328 0.038934702408929621 -0.0070422744354572565 0.033853050700518215
leaf_weight=45.1990678422153 277.23735332302749 29.469690511003137 8.5918550137430412 98.581676423549652 140.06722413562238 202.43779370561242 129.48336476460099 71.526069093495607 301.12798988632858 98.799142120406032 131.46053698286414 339.65206640958786 7.6512769795954219 71.7305231038481 18.634633516892794 273.45045540109277 62.46681846678257 64.474976995959878 181.70373423583806 45.874354787170887 26.977111691609029 9.8028932604938728 23.019789839163423 2.3710046727210274 3.5127076134085646 11.388300999999045 89.309273943305016 10.927426557987927 83.780176239088178 13.859181301668285
leaf_count=943 3183 398 95 1119 1855 4025 1320 721 4158 1347 1409 3662 144 904 237 2721 718 1957 4255 993 447 205 391 42 47 97 847 130 1119 214
internal_value=-0.000110195 0.00101993 0.00295333 0.00696708 0.00176633 -0.00239286 0.0080659 -0.00430225 -0.00659291 -1.33398e-05 0.00112427 0.00429042 0.00357541 0.0111123 0.01033 0.0116949 -0.00329591 -0.00696451 -0.0106177 -0.00155038 0.00336993 0.0114276 0.0193036 -0.00295242 -0.00793406 0.00214562 0.00774566 0.0144053 -0.00149817 0.00922185
internal_weight=2874.57 2475.15 1581.94 672.322 278.142 893.208 138.075 675.789 503.566 909.616 810.817 471.113 217.418 90.3092 394.179 372.032 339.704 399.423 246.179 153.244 107.37 62.1708 32.8227 29.3481 22.1473 172.224 100.698 82.6579 127.109 43.3289
internal_count=39703 30470 17713 7394 3270 12757 1415 9848 8183 10319 8972 5071 2909 1178 4124 3840 3901 9233 6212 3021 2028 1085 596 489 284 1665 944 1034 1731 612
cat_boundaries=0 3 4 7 11 14 17 21 22 25 28 31
cat_threshold=118621736 16844316 5246980 2 15482880 536936448 2151680832 3223322625 37748738 16785472 4 20971520 536936448 4194560 2147483651 37797888 16908353 19800128 555745280 536870912 32 5 8322 37748992 24640 132104 66568 4194308 134766720 150995968 4194624
is_linear=0
shrinkage=0.03


Tree=86
num_leaves=31
num_cat=3
split_feature=40 17 41 17 16 16 23 1 23 41 16 24 41 13 10 27 23 16 9 26 31 27 1 35 26 28 24 17 42 13
split_gain=16.6063 19.0516 15.6416 15.2593 13.0208 12.8293 12.2888 12.2614 11.613 11.5552 16.992 10.823 14.0104 13.9634 10.1616 12.5183 11.7028 10.0888 10.0219 9.11927 8.90962 10.5436 9.40724 8.89248 8.74295 15.1401 8.61866 8.24516 8.16254 8.04829
threshold=-0.38866353355307415 -0.2666305916305915 0.56634603486280777 -0.066983941983941989 0.62251359751359769 0.25263625263625261 0 1.5000000000000002 1 1.2113137857091136 0.39627039627039629 100.00000000000001 1.5935920944900031 -0.068000000000000241 0.043015726179463455 0.056349206349206309 2 0.74128464128464144 0.19205437573461573 0.19782608695652179 1.5000000000000002 0.14854215918045702 6.5000000000000009 1.0000000180025095e-35 0.028174603174603106 -0.71647286821705414 9.0000000000000018 0.41706349206349214 1012.5000000000001 -0.45599999999999968
decision_type=2 2 2 2 2 2 9 2 9 2 2 2 2 2 2 2 9 2 2 2 2 2 2 2 2 2 2 2 2 2
left_child=1 5 7 4 14 11 9 -3 26 10 -4 -1 13 -13 -2 28 -17 24 -19 -9 21 -8 -22 -11 29 -26 -5 -28 -16 -10
right_child=3 2 6 8 -6 -7 20 19 17 23 -12 12 -14 -15 15 16 -18 18 -20 -21 22 -23 -24 -25 25 -27 27 -29 -30 -31
leaf_value=-0.0027610219840098877 -0.014258109335310735 0.10441069116403119 0.024892670921234723 0.024991934354671168 -0.023573598504804904 -0.01689333670747787 0.0075401962419330837 0.0084151495949094657 -0.00022532278089806357 0.0069219009494669564 0.0013960843875858271 0.084551881365552931 -0.0093526511021031628 -0.015044309662013523 0.055696828907559053 -0.0052732188352442458 0.011440560473827452 -0.015491515365295765 -0.0023860381343701271 0.073760517870270992 0.0030510160309700921 0.052294330775336732 -0.0066012466990246731 -0.0058002398882283281 0.027597030855630353 -0.00016381887260233491 2.8563535029109613e-05 0.0085021101095952394 -0.018987831350534369 -0.015512897421820233
leaf_weight=170.85686862282455 82.574040900915861 2.0897819921374312 71.116395782679319 14.356109699234365 42.291790843009949 59.617452768608928 39.608789870515466 7.715067243203519 61.258316319435835 313.10168462991714 45.372569542378187 4.6022766437381506 5.1783765200525522 1.7481480538845042 1.3646353222429741 71.894422190263867 61.70249661244452 105.64133896492422 104.42724587768316 2.5598280727863312 203.94720808416605 5.3813503999263039 163.91159944050014 58.721334120258689 18.655408164486289 338.48148767650127 589.17896405793726 125.33583393879235 37.776831939816475 62.732712266966701
leaf_count=2757 2006 14 651 201 1248 1288 490 93 1147 3215 540 72 84 31 27 1103 959 2436 1286 16 2012 53 2064 657 274 4192 7892 1102 683 1110
internal_value=-0.000108301 0.0026724 0.00465506 -0.00197896 -0.00815561 -0.00481183 0.00419523 0.0381679 -0.000684518 0.00734536 0.0157407 -0.000862676 0.0272708 0.057135 -0.00560166 -0.00146363 0.00290777 -0.00344168 -0.00897665 0.0246949 0.000284493 0.0128933 -0.00124987 0.00491272 -0.00109656 0.0012863 0.00195059 0.00151494 -0.016384 -0.00796
internal_weight=2873.2 1155.53 913.526 1717.67 297.604 242.003 901.161 12.3647 1420.07 488.312 116.489 182.386 11.5288 6.35042 255.312 172.738 133.597 691.197 210.069 10.2749 412.849 44.9901 367.859 371.823 481.128 357.137 728.871 714.515 39.1415 123.991
internal_count=39703 14037 9805 25666 6026 4232 9682 123 19640 5063 1191 2944 187 103 4778 2772 2062 10445 3722 109 4619 543 4076 3872 6723 4466 9195 8994 710 2257
cat_boundaries=0 3 6 9
cat_threshold=164364352 134218752 2684356868 155328640 690029568 4 134619264 18939904 2147486020
is_linear=0
shrinkage=0.03


Tree=87
num_leaves=31
num_cat=7
split_feature=22 16 17 37 42 11 8 17 21 17 41 33 20 28 37 4 17 14 17 22 27 18 4 35 40 13 35 42 42 20
split_gain=19.2148 13.4974 15.4929 13.6443 13.5726 17.5428 11.7752 11.469 11.4487 10.7895 10.4111 10.4096 9.40936 12.8882 12.7346 14.404 11.3056 11.7573 10.9059 9.27309 12.2887 14.9511 9.02672 8.53513 9.40641 8.46632 8.14103 7.88898 8.86 7.60699
threshold=0 0.41796906796906802 -0.11904761904761894 16.500000000000004 1174.5000000000002 0.21807065217391303 0.012524514579377753 0.095268620268620263 1 0.11111111111111106 0.47755193355083381 2 3 3.8050000000000002 23.500000000000004 0.26785099389884132 0.28571428571428581 -1.0000000180025095e-35 0.51617826617826634 4 0.064172958133150257 5 -0.13193213102693599 100.00000000000001 0.3231480352513833 0.2180909090909092 -499.99999999999994 1028.5000000000002 1228.5000000000002 6
decision_type=9 2 2 2 2 2 2 2 1 2 2 1 9 2 2 2 2 2 2 9 2 1 2 2 2 2 2 2 2 9
left_child=12 7 26 4 10 -6 29 19 -9 -10 -4 -11 13 18 15 22 17 -15 -1 -2 -21 -22 25 24 -20 -14 -3 -17 -29 -5
right_child=1 2 3 6 5 -7 -8 8 9 11 -12 -13 14 16 -16 27 -18 -19 23 20 21 -23 -24 -25 -26 -27 -28 28 -30 -31
leaf_value=0.0045543966432093543 -0.0085561648612309769 0.078127416543337699 0.017463219077953909 0.0099908945312210153 0.0064485020114892558 0.10213432300445542 -0.01522544537592216 0.0032632691351489403 0.077866000667514187 0.06241685292359038 -0.00363414335315767 0.012647271128373244 -0.0012228539906572655 -0.032287900018982192 -0.0153825278820945 -0.019174949173665759 0.12090112215413401 0.075669713075203066 0.044902576857959682 -0.0041935602475629535 0.011657076551389412 -0.0015489230675784344 -0.0087978757400641126 0.058533154270610573 0.00078576365641870019 0.015288098481331577 -0.016721708353161072 0.011934125238751113 -0.012293427071765698 -0.0063732487969333541
leaf_weight=619.57021439634264 86.458373311907053 0.82196655496954818 21.908018877729774 27.644378807395697 137.84829211607575 1.7462732214480627 127.42359058372676 58.133345490321517 3.1709666624665251 4.4125798344612122 538.48288600891829 26.477306213229898 155.37382236681879 1.7418013270944357 43.203787056729198 8.8889927901327592 1.5425961464643476 1.8964279964566222 6.55947974324227 197.5951938573271 151.66604524105787 149.67171411402524 118.91011142916977 5.3174142446368924 12.911505516618488 34.081798708066344 88.861459139734507 155.36079692654312 14.886617079377173 70.905965689569712
leaf_count=7802 1329 23 290 442 2000 22 1971 454 31 37 8420 236 1626 34 613 94 18 21 50 2983 1979 1978 1375 46 115 340 2362 1509 148 1208
internal_value=0.000297278 -0.00174855 -0.00394664 -0.00279352 -0.000724401 0.00764549 -0.00920289 0.00152039 0.0113554 0.0251666 -0.00280936 0.0197568 0.00321985 0.00562735 0.000223686 0.00161134 0.0528419 0.023985 0.00533507 -2.85396e-05 0.00158883 0.00543322 -0.00231903 0.0248474 0.015648 0.00174736 -0.0158524 0.00837709 0.00981564 -0.00141585
internal_weight=2873.47 1693.23 1015.64 925.959 699.985 139.595 225.974 677.586 92.1942 34.0609 560.391 30.8899 1180.25 649.539 530.706 487.502 5.18083 3.63823 644.359 585.391 498.933 301.338 308.366 24.7884 19.471 189.456 89.6834 179.136 170.247 98.5503
internal_count=39556 25765 16738 14353 10732 2022 3621 9027 758 304 8710 273 13791 8086 5705 5092 73 55 8013 8269 6940 3957 3341 211 165 1966 2385 1751 1657 1650
cat_boundaries=0 4 5 6 7 10 11 12
cat_threshold=2164925056 322994434 50348032 4 2 4 162 1076888608 20 131072 97 128
is_linear=0
shrinkage=0.03


Tree=88
num_leaves=31
num_cat=1
split_feature=40 17 16 17 41 11 17 12 20 17 1 5 8 17 26 41 1 11 42 11 28 16 10 8 37 27 28 35 9 42
split_gain=15.8262 17.8574 13.6428 15.8431 13.1401 12.017 11.6189 11.5539 11.3451 18.8066 11.0236 10.6099 12.2583 10.0359 12.4323 9.61481 9.69793 9.50808 8.75069 15.3435 12.3166 8.71693 8.26401 8.74262 8.25006 10.7614 8.12314 7.97627 7.89936 7.04726
threshold=-0.38866353355307415 -0.10714285714285703 0.65455192955192976 0.063564213564213559 1.1270107556206002 0.15849282296650716 -0.16666666666666652 -0.093999999999999931 0 0.54200244200244208 10.500000000000002 0.27853025126625758 0.32098782601135972 -0.14285714285714282 0.13976744186046514 0.54972853182099923 2.5000000000000004 0.21807065217391303 1175.5000000000002 0.21807065217391303 2.6456845238095243 0.57584175084175093 0.31000000000000005 0.3420042699816217 10.500000000000002 0.080540540540540509 0.718090909090909 -99.999999999999986 0.91554567471520609 1204.5000000000002
decision_type=2 2 2 2 2 2 2 2 9 2 2 2 2 2 2 2 2 2 2 2 2 2 2 2 2 2 2 2 2 2
left_child=4 21 10 -4 6 -5 11 -7 9 22 18 12 27 14 -8 16 -15 24 20 -20 -3 29 23 -6 25 -10 -17 -1 -26 -2
right_child=1 2 3 5 8 7 13 -9 17 -11 -12 -13 -14 15 -16 26 -18 -19 19 -21 -22 -23 -24 -25 28 -27 -28 -29 -30 -31
leaf_value=0.023536508551132138 -0.0088312211922571271 0.0013527587889682591 -0.016926506337702631 -0.0033054175648392753 0.0047119388760530085 0.001006655930150995 0.019531643548018448 0.030373033404960535 -0.004756734983455079 0.090281660879010905 -0.0057554116523262843 -0.026972028860335184 0.062401714388830527 0.07770135055044837 0.12225670579301898 0.0085081855446418487 0.01793488912429898 0.031962595605964379 0.0088678449908223145 0.096482917522525413 0.040597889231215163 -0.022184132453259134 0.047869541304543489 -0.012063270344397975 -0.009296353896303693 0.0078903628141077271 0.034794795717630611 -0.005005201577981299 0.026680410818279463 0.0082412593701075825
leaf_weight=11.206544419750569 170.51263532042503 532.84217335470021 71.37446727976203 522.93584669940174 479.66790865175426 32.669282265007496 2.8323409147560588 19.111738603562117 143.13258366845548 2.2871840819716445 131.51071213372052 11.643224749714134 3.1091183349490157 3.92772378772497 1.69479663670063 130.94415791891515 6.4660414140671492 7.1770560927689067 158.66776545159519 1.8195416927337635 7.2956948447972527 39.012606961652637 3.8470303975045672 29.691498626023531 159.59332380630076 104.95262219384313 11.510314159095286 41.243929805234075 5.6885364875197402 24.943824082612991
leaf_count=197 3250 6657 1882 7590 6515 399 39 207 1538 15 1985 121 34 25 14 1238 61 57 1838 20 108 1156 28 242 2057 996 117 695 38 437
internal_value=0.00028772 -0.00154511 -0.000325105 -0.00359589 0.00299239 -0.00194035 0.00950927 0.0118454 0.00142883 0.00436282 0.00221442 -0.000932972 0.00452385 0.0139683 0.0579882 0.0126645 0.0405202 -0.00221858 0.00371039 0.00986119 0.00188285 -0.00923673 0.00406492 0.00373408 -0.00286572 0.000593629 0.0106321 0.00109301 -0.00805813 -0.00665246
internal_weight=2873.31 1712.7 1478.23 646.091 1160.62 574.717 224.578 51.781 936.038 515.494 832.136 67.2028 55.5596 157.375 4.52714 152.848 10.3938 420.544 700.625 160.487 540.138 234.469 513.206 509.359 413.367 248.085 142.454 52.4505 165.282 195.456
internal_count=39556 25529 20686 10078 14027 8196 2541 606 11486 6800 10608 1047 926 1494 53 1441 86 4686 8623 1858 6765 4843 6785 6757 4629 2534 1355 892 2095 3687
cat_boundaries=0 1
cat_threshold=162
is_linear=0
shrinkage=0.03


Tree=89
num_leaves=31
num_cat=7
split_feature=22 40 22 11 17 6 23 40 3 41 40 15 31 28 41 23 22 41 23 3 37 7 22 42 42 7 3 11 0 28
split_gain=18.2104 14.9224 12.2862 12.5836 18.8376 14.1066 11.7964 11.7377 14.2386 11.368 12.3348 15.1292 12.353 14.8115 10.7673 13.4666 13.1057 11.9342 11.7929 15.0886 11.7882 11.4684 12.9243 11.1789 11.1418 10.6923 10.4091 10.3716 10.0076 9.94933
threshold=0 -0.38866353355307415 1 0.14142857142857143 0.20238095238095238 0.13245614035087719 2 1.4600509239401729 -1.7080414042810002 0.56634603486280777 0.53037960839355336 1.0000000180025095e-35 2.5000000000000004 -0.52469512195121937 1.1270107556206002 3 4 0.52824983302892481 5 -3.375682707713485 28.500000000000004 0.3647450110864745 6 1163.5000000000002 1094.5000000000002 0.059714795008912656 0.7659355385559089 0.097167584579071611 1625.0000000000002 3.8050000000000002
decision_type=9 2 9 2 2 2 9 2 2 2 2 2 2 2 2 9 9 2 9 2 2 2 9 2 2 2 2 2 2 2
left_child=9 14 3 29 -5 -6 -4 28 -9 10 11 25 13 -13 15 16 17 -2 19 24 -18 22 -20 -17 -16 27 -23 -1 -8 -3
right_child=1 2 6 4 5 -7 7 8 -10 -11 -12 12 -14 -15 18 23 20 -19 21 -21 -22 26 -24 -25 -26 -27 -28 -29 -30 -31
leaf_value=0.0073516255209514899 0.068867077437870641 0.00098787104775009183 -0.0077338013056647758 -0.00072254553814029361 0.052418475325126182 0.0096699662694422102 -0.0044811560879725537 -0.023174037197307214 0.016307852617622996 -0.0066513443084345392 -0.022813264633531394 0.16066339422530651 0.0028355972940038989 0.030999261195958885 -0.020375278193435587 0.0088995845271091067 0.035950054646761265 -0.0038544700931278752 0.0013654874720696922 -0.0022407671516842032 -0.023904153028883872 -0.0064523043858412546 0.015974184677013559 -0.011975208649399752 0.057974011702597673 -0.033312907778745966 0.0085448552836948008 0.070873506807719353 0.0048339654173209078 0.051725009913412411
leaf_weight=8.4235569816082769 2.1720237024128428 516.63934598118067 287.23172338120639 29.312779303640127 15.800716627389194 12.399206690490244 380.53095359914005 9.4849473182111961 61.679605031386018 409.77490185201168 6.368544738739728 1.8482294157147405 1.5858112834393976 1.3885378893464797 2.1933649592101556 72.654456472024322 51.267456777393818 31.28069525398314 103.25507009774446 365.84499148279428 3.1429871767759314 93.949518926441669 136.46494682691991 33.843470580875874 6.3999329190701246 3.7766353655606499 74.826624695211649 3.1891813278198233 142.73471889272332 3.5020189564675084
leaf_count=199 18 6082 4878 314 132 84 5044 183 869 8945 143 29 23 23 30 801 474 301 1608 3861 40 923 1592 353 74 58 537 56 1839 43
internal_value=0.000277997 0.00129276 -0.000623191 0.00275415 0.0161176 0.0336224 -0.00283506 -0.000379178 0.0110456 -0.00529671 0.0135942 0.0250658 0.0714313 0.105039 0.00416693 0.010487 0.0183618 0.000667632 0.002598 -0.00128352 0.027448 0.00603948 0.0104051 0.00207138 0.037976 0.0105361 0.000196662 0.0247965 -0.00194021 0.00132948
internal_weight=2872.97 2436.61 1459.32 577.654 57.5127 28.1999 881.662 594.43 71.1646 436.355 26.5805 20.212 4.82258 3.23677 977.296 194.361 87.8632 33.4527 782.934 374.438 54.4104 408.496 239.72 106.498 8.5933 15.3894 168.776 11.6127 523.266 520.141
internal_count=39556 30080 19468 6655 530 216 12813 7935 1052 9476 531 388 75 52 10612 1987 833 319 8625 3965 514 4660 3200 1154 104 313 1460 255 6883 6125
cat_boundaries=0 3 7 11 14 16 20 23
cat_threshold=1141900320 1073808924 7483973 2164400640 272662530 570425344 4 31719424 2113536 2688551488 32 144703488 153157632 2308 2228747 536872960 138944640 687947776 2052 32 2147885570 603996416 16777216
is_linear=0
shrinkage=0.03


Tree=90
num_leaves=31
num_cat=10
split_feature=22 22 5 1 23 18 13 42 26 8 23 42 5 42 23 20 7 14 23 20 13 28 15 24 22 28 28 40 8 12
split_gain=23.7629 12.7717 13.8519 9.77612 11.7707 11.6837 12.7896 10.6514 10.5242 9.6717 10.8032 10.7355 10.9932 9.22125 9.09641 10.0696 9.65392 7.517 6.67504 7.37916 10.5632 6.82571 6.56019 8.68531 7.97292 6.46862 8.05432 6.64768 20.1316 5.32492
threshold=0 1 -1.1928792570916769 5.5000000000000009 2 3 -0.32549999999999979 1053.5000000000002 0.28062500000000007 0.48144984144088476 4 1054.5000000000002 0.56057317560770825 1168.5000000000002 5 6 0.089572192513368967 9.5000000000000018 7 8 0.82900000000000007 1.2426216216216217 2.5000000000000004 98.500000000000014 9 -0.58774999999999988 -0.51530100334448148 -1.6197395706551496 0.00010053433631285002 1.9630000000000003
decision_type=9 9 2 2 9 1 2 2 2 2 9 2 2 2 9 9 2 2 9 9 2 2 2 2 9 2 2 2 2 2
left_child=25 9 18 4 8 6 -5 -6 -4 14 11 -11 -13 -7 15 16 -2 -17 19 20 -3 -21 24 -24 -16 -1 -27 28 -28 -20
right_child=1 2 3 5 7 13 -8 -9 -10 10 -12 12 -14 -15 22 17 -18 -19 29 21 -22 -23 23 -25 -26 26 27 -29 -30 -31
leaf_value=-0.019934272280592458 -0.0015938298823087891 0.008318703972948439 -0.0039625706557005896 0.023708853500879774 -0.0093529700681521787 -0.0081294296893685541 -0.0059625816906430989 0.0092836275544741949 0.062261049902465102 -0.031280450286336796 0.00068676740575120934 0.041730954819751406 0.01443419795771239 0.001442762041645336 0.010240464851637892 0.00046601438207781248 0.010810281621581113 -0.028251257206223252 -0.020896815526173548 -0.015303876224183473 0.10315754089405495 0.024993855773097012 -0.0045109913520707777 0.01293726834847941 0.00025992766352750862 0.073725606762412341 0.12355430681559412 -0.011190243839252618 -0.019977099428340833 0.042565358014430364
leaf_weight=69.594136528670788 72.910682894289494 22.315793635323647 194.28340626694262 29.001187317073345 31.688631877303123 318.78841599263251 23.807405991479754 213.9326190892607 2.1840436197817317 3.5184234678745261 80.080543451011181 18.900887042284012 44.637658983469009 126.52359290793538 73.507607899606228 202.57751778885722 250.42439430393279 8.5497600417584163 64.574113823473454 38.568889819085598 1.1095337141305197 4.1943255253136149 373.11477719806135 27.573222935199738 542.74311855249107 1.1402871124446381 1.3524290584027761 35.724867511540651 2.5149360094219446 1.2122807595878828
leaf_count=2239 1011 482 3107 563 481 6179 420 2782 26 21 455 108 224 2130 1097 1998 2398 93 1622 966 22 87 3936 308 5715 32 34 1045 52 31
internal_value=-0.000130418 0.000435287 -0.00211674 -0.000858943 0.00238822 -0.00374085 0.00868721 0.00661012 -0.00307012 0.00204919 0.00941206 0.0171692 0.0225542 -0.00529093 0.00136409 0.00448849 0.00777281 -0.000665397 -0.0112379 -0.00243246 0.00897808 -0.00919999 -0.000318973 -0.00331029 0.00162082 -0.0131821 -0.00488171 -0.00714566 0.0302163 -0.0171243
internal_weight=2881.05 2770.72 1072.18 940.209 442.089 498.121 52.8086 245.621 196.467 1698.54 147.138 67.057 63.5385 445.312 1551.4 534.462 323.335 211.127 131.975 66.1885 23.4253 42.7632 1016.94 400.688 616.251 110.327 40.7325 39.5922 3.86737 65.7864
internal_count=39664 36262 18898 15688 6396 9292 983 3263 3133 17364 808 353 332 8309 16556 5500 3409 2091 3210 1557 504 1053 11056 4244 6812 3402 1163 1131 86 1653
cat_boundaries=0 3 7 11 12 15 18 19 23 24 27
cat_threshold=68158496 28 5242880 1629880963 1379928323 2114048 4 15220864 553664512 2151680256 32 1 151666688 134217728 2048 142606528 1024 4194628 166 144728064 2098176 2147484484 32 2182 1610744320 258 2097664
is_linear=0
shrinkage=0.03


Tree=91
num_leaves=31
num_cat=8
split_feature=22 22 18 23 16 37 17 8 17 23 27 1 15 35 17 37 27 8 2 18 15 28 28 16 6 40 23 37 22 17
split_gain=22.6495 12.0968 13.5641 14.7569 12.2026 12.3921 13.2931 11.9753 11.8715 11.1299 10.7626 14.9124 10.592 13.1722 9.12157 8.77001 8.73432 8.25334 7.60007 7.59661 7.54299 6.30866 11.8271 10.2436 24.0711 24.5528 5.80994 7.18327 5.49739 8.0243
threshold=0 1 2 3 0.70844017094017109 28.500000000000004 0.13095238095238096 0.48144984144088476 0.51617826617826634 4 0.12973352033660587 3.5000000000000004 12.500000000000002 175.00000000000003 -0.27365689865689852 48.500000000000007 0.020204081632653054 0.44398719707361695 130.50000000000003 5 24.500000000000004 -0.58774999999999988 -0.53973684210526296 0.15151515151515157 0.081356867071152708 -1.342682237155864 6 10.500000000000002 7 -0.085858585858585842
decision_type=9 9 1 9 2 2 2 2 2 9 2 2 2 2 2 2 2 2 2 1 2 2 2 2 2 2 9 2 9 2
left_child=21 7 3 10 5 6 -4 9 15 28 -3 -12 13 -5 16 -6 -11 -10 -7 -16 26 -1 -23 24 25 -24 -9 -28 29 -2
right_child=1 2 4 12 8 18 -8 20 17 14 11 -13 -14 -15 19 -17 -18 -19 -20 -21 -22 22 23 -25 -26 -27 27 -29 -30 -31
leaf_value=-0.019702800867976381 0.031122716165708973 -0.01165339068736688 -0.0022271578533050885 0.023713975493089234 -0.01142125022215003 -0.017929731079081034 0.0053293332431968831 -0.0016916393468648838 0.012797800904192509 0.022374157886486685 -0.022154032753878592 0.043755056700349064 -0.0095244453381447616 -0.0091560984873091198 0.0077664747995515905 0.071400237994278679 -0.010315296659049435 -0.023004306192652379 0.0050907140153206012 0.0016833177162785206 -0.02878818702283896 0.10352273514784255 0.22010946981122997 -0.014045627041668082 -0.0174414611256755 0.026611434221120958 0.013889962684052692 0.036227631347170768 -0.013438603186941353 -0.0083742187045092696
leaf_weight=68.318796435371041 7.4873510040342834 49.700261721387506 758.4057991784066 72.602755110710859 216.99990131519735 57.922438651323318 289.49929773248732 25.49537892639637 33.772831361740828 8.171064602211116 4.9636881593614808 8.1829548142850381 13.860161038115619 12.925848223268984 250.13239835202694 1.1568196658045042 73.768760036677122 6.9953444451093665 16.608096370473504 705.66829026117921 3.9571949839591971 0.88784785754978557 0.95266304910182986 32.997868919745088 4.1699501369148493 1.551135204732417 68.809241838753223 15.962156988680361 55.407260747626424 12.128118095919488
leaf_count=2239 112 822 12352 1081 4444 997 3230 147 379 128 65 124 208 245 2460 21 1003 60 255 6892 21 24 21 993 86 39 344 93 612 167
internal_value=-0.00012658 0.000422542 -0.00134173 0.00662025 -0.0023177 -0.000980224 -0.000139565 0.00263497 -0.00820515 0.00170689 -0.0045451 0.0188702 0.0134506 0.0187464 0.00252628 -0.0109821 -0.00705549 0.00665458 -0.0127999 0.00337414 0.011907 -0.0129494 -0.00476646 -0.00718997 0.0267073 0.100235 0.0133674 0.0161866 -0.00879199 0.004439
internal_weight=2879.46 2770.58 1543.6 162.236 1381.36 1122.44 1047.91 1226.99 258.925 1112.76 62.8469 13.1466 99.3888 85.5286 1037.74 218.157 81.9398 40.7682 74.5305 955.801 114.224 108.878 40.5595 39.6716 6.67375 2.5038 110.267 84.7714 75.0227 19.6155
internal_count=39664 36262 24283 2545 21738 16834 15582 11979 4904 11374 1011 189 1534 1326 10483 4465 1131 439 1252 9352 605 3402 1163 1139 146 60 584 437 891 279
cat_boundaries=0 3 7 8 12 15 16 19 22
cat_threshold=68158496 28 5242880 1629618306 1375734018 16896 4 1 6307904 687865856 541067328 32 19136544 536870912 536871424 36 8396864 2097152 4194560 538968064 33554688 512
is_linear=0
shrinkage=0.03


Tree=92
num_leaves=31
num_cat=7
split_feature=5 23 37 9 23 40 23 16 24 11 1 41 42 23 23 15 31 18 9 5 5 26 3 1 24 14 5 20 11 14
split_gain=12.6146 13.1071 11.8611 11.3599 14.0691 14.5483 11.2214 10.1817 20.2177 14.2332 10.1233 10.5967 9.84896 14.057 13.5285 9.8321 9.75695 9.39456 10.9592 9.71664 8.67087 8.55497 11.4518 8.45099 12.5865 7.9161 10.7741 7.7373 14.9825 7.6876
threshold=-1.0250483184973127 0 25.500000000000004 0.031076270723513554 1 2.0057160088690726 2 0.076923076923076969 72.000000000000014 0.079473684210526321 2.5000000000000004 0.27445411590987739 1155.5000000000002 3 4 20.500000000000004 3.5000000000000004 5 0.23778305901627217 -0.52535769945392596 -0.2367561605648997 0.12158167036215817 0.16703084891206213 1.5000000000000002 24.500000000000004 10.500000000000002 -0.36359221420545768 6 0.13921188630490958 -10.499999999999998
decision_type=2 9 2 2 9 2 9 2 2 2 2 2 2 9 9 2 2 1 2 2 2 2 2 2 2 2 2 9 2 2
left_child=1 7 3 4 5 20 25 8 9 16 11 -5 13 -12 -14 -13 -1 18 -8 -20 -2 22 -9 24 -23 27 -27 28 -4 -25
right_child=2 -3 6 10 -6 -7 17 21 -10 -11 12 15 14 -15 -16 -17 -18 -19 19 -21 -22 23 -24 29 -26 26 -28 -29 -30 -31
leaf_value=0.098111962233201649 -0.0078798061594430886 -0.0098665023885383934 0.068038967315213139 0.052124457531488991 -0.0050795161337151493 0.081353582601534774 -0.014743349515990177 -0.0066945664062508367 0.11398919497847433 -0.02185264859048297 0.0044120010866598369 0.0074622679728979279 -0.0031564745423254899 -0.0032962499394382332 0.0078026743127926502 -0.017793114149339411 0.0078683678966404748 -0.014695674811198923 0.065898246720600698 0.0069648441279088263 0.010960444963159352 -0.013301163996846641 0.071191307394411124 0.054083354683354221 0.071280473475255499 -0.01515711443723195 0.083322099423160267 -0.0029316582212419373 -0.033097925113930483 0.0013153763529080292
leaf_weight=2.0643349643796665 30.709702497348189 214.34801434911788 5.9265335742384195 4.6248412467539302 410.51700590364635 2.3313511740416279 24.055748280137777 104.7630918007344 2.0446600355207911 5.4748283661901951 323.163608931005 334.04919240064919 138.75889877788723 580.67303168028593 347.10744170099497 14.474465519189833 2.2573264390230179 108.93764812871814 2.734233619645237 31.820875966921449 77.387521367520094 2.482692200690507 1.7270325180143107 2.6544630378484717 4.3714804649353027 1.6329683512449262 2.5788473580032578 53.629943531006575 1.6953948754817245 38.877142613753676
leaf_count=34 612 4363 81 39 7959 36 450 2552 30 93 3726 2942 1566 6617 3562 134 46 1750 41 401 1122 25 31 28 39 23 36 773 23 530
internal_value=-0.00012476 -0.00520887 0.000651181 0.00131456 -0.00257252 0.00660872 -0.00579377 0.00129366 0.0281837 0.0102749 0.00247642 0.00701203 0.00132385 -0.000527847 0.00476847 0.00641339 0.0509752 -0.00957892 0.000687156 0.0116281 0.00560805 -0.000678704 -0.00543143 0.00978136 0.0406436 0.00464732 0.0451406 0.00262163 0.0196983 0.004688
internal_weight=2877.87 381.065 2496.81 2263.8 520.946 110.429 233.012 166.717 11.8411 9.79649 1742.85 353.148 1389.7 903.837 485.866 348.524 4.32166 167.549 58.6109 34.5551 108.097 154.876 106.49 48.3858 6.85417 65.4637 4.21182 61.2519 7.62193 41.5316
internal_count=39664 7771 31893 28315 9729 1770 3578 3408 203 173 18586 3115 15471 10343 5128 3076 80 2642 892 442 1734 3205 2583 622 64 936 59 877 104 558
cat_boundaries=0 4 7 10 14 18 19 20
cat_threshold=147071104 18875392 2147484164 32 138543104 2097152 536871168 134348864 673185792 536870980 8913024 536952832 2684354628 32 393344 2180096 2684355072 32 9 130
is_linear=0
shrinkage=0.03


Tree=93
num_leaves=31
num_cat=9
split_feature=20 22 22 23 23 16 22 9 27 9 17 23 42 15 5 0 3 21 41 8 17 16 22 27 14 0 16 41 3 4
split_gain=17.8713 19.8329 16.8174 18.4841 13.5247 12.2934 11.9468 11.8513 12.1703 12.4195 10.3361 10.855 10.3342 14.8657 10.1756 15.3293 13.9903 10.2858 10.0212 13.5489 13.5708 9.33592 8.98938 8.52649 8.4423 8.78675 8.18742 10.6792 8.74851 8.0755
threshold=0 1 2 3 4 0.79086191586191601 5 0.67998893574263197 0.16496598639455778 0.58028472811223197 -0.27365689865689852 6 1129.5000000000002 29.500000000000004 -0.31873698333169342 1625.0000000000002 -0.64401946612611305 7 0.77209848269423598 0.0017092195314085503 0.043650793650793655 0.4656695156695157 8 0.082316326530612216 -10.499999999999998 1100.0000000000002 0.16363636363636366 1.5082986097674353 0.11036399122552441 0.46971329770150055
decision_type=9 9 9 9 9 2 9 2 2 2 2 9 2 2 2 2 2 1 2 2 2 2 9 2 2 2 2 2 2 2
left_child=2 5 3 -1 6 10 -4 8 29 -10 -2 -12 23 -14 15 -6 17 -16 19 -5 -21 -17 24 -8 -9 -26 27 -20 -28 -3
right_child=1 7 4 18 14 -7 12 22 9 -11 11 -13 13 -15 16 21 -18 -19 26 20 -22 -23 -24 -25 25 -27 28 -29 -30 -31
leaf_value=-0.010145645834005075 -0.010847731935968337 -0.013896635970017963 0.002157215744819801 -0.0018637190848690326 -0.013157814350400001 -0.011999734604592884 0.00031572798075335312 -0.016987320966704241 0.0017729201215372957 0.060803009602592918 0.0082528933955811207 -0.0001997753061564126 0.015516408192493595 0.097781335602955821 0.057194733024067752 0.022482758228072601 0.0017856777199668598 0.00547482286223578 0.03081160477260729 -0.0032064470596182984 0.062918539775140114 -0.002700754633615294 -0.0072311694886148577 0.013045145122020185 0.06602867552887999 0.013877104053983355 -0.0077068408676845791 -0.002485617426036868 0.0044444387134450593 -0.0048155194493165647
leaf_weight=181.16722631640732 54.603945286944509 265.04300674237311 305.6665400378406 12.8609133400023 101.42138974927366 65.398673130199313 103.47516094334424 7.3427297472953788 25.569894222542647 3.6678828112781039 201.29723198525608 394.9070008546114 152.19843116030097 2.0029747672379008 7.2404014989733696 20.456240786239505 370.79710911214352 6.6292925942689163 16.896595261991024 4.1117750369012347 8.7111418079584819 37.60058231279254 39.634808607399464 87.324848961085081 3.1593711487948886 36.48773518204689 113.17205265164375 17.802806911990047 100.83939187601209 132.03677842952311
leaf_count=3988 889 4950 3434 266 1925 853 1465 55 388 27 1896 3926 1838 22 92 323 4139 75 246 73 119 662 360 998 25 268 2588 275 1476 2142
internal_value=-0.000126117 -0.00285159 0.00190944 -0.00295608 0.00377372 0.00039359 0.0066754 -0.00730363 -0.00950156 0.00917825 0.00164502 0.00278918 0.0105049 0.016585 0.000246163 -0.00612072 0.00289219 0.0324742 0.00198061 0.0198934 0.041715 0.00617262 0.00267017 0.00614169 0.0103566 0.0180329 0.000210428 0.0137282 -0.00198132 -0.010877
internal_weight=2879.52 1229.15 1650.37 455.562 1194.81 716.207 650.668 512.942 426.318 29.2378 650.808 596.204 345.001 154.201 544.145 159.478 384.667 13.8697 274.395 25.6838 12.8229 58.0568 86.6246 190.8 46.9898 39.6471 248.711 34.6994 214.011 397.08
internal_count=39783 15779 24004 9031 14973 7564 7757 8215 7507 415 6711 5822 4323 1860 7216 2910 4306 167 5043 458 192 985 708 2463 348 293 4585 521 4064 7092
cat_boundaries=0 1 5 8 12 16 19 23 24 26
cat_threshold=1506 620757154 1883245827 2742026753 4 68158634 1610646814 2171604993 19423232 673185792 541067776 32 159391808 136315904 536871748 32 539361792 71309312 25088 4866176 153093120 4196356 32 2 2228232 67125248
is_linear=0
shrinkage=0.03


Tree=94
num_leaves=31
num_cat=11
split_feature=20 22 1 22 23 37 23 22 22 17 16 40 28 2 28 40 15 12 17 23 16 18 23 12 11 8 31 16 16 23
split_gain=16.8222 19.0379 18.2726 22.6188 16.9003 16.7292 13.0065 17.5124 10.0233 11.6279 11.8115 9.51061 9.92774 9.34084 10.5887 9.338 8.92936 13.7017 8.6378 12.429 12.0205 11.8287 9.41758 8.89476 8.45139 8.20827 7.96141 7.6774 13.9945 12.7079
threshold=0 1 8.5000000000000018 2 3 20.500000000000004 4 5 6 -0.12854090354090347 0.19313325563325567 2.0057160088690726 -0.24948979591836731 115.50000000000001 -0.52469512195121937 -1.3792758694081109 -21.499999999999996 -0.28585714285714259 0.063564213564213559 7 0.79086191586191601 8 9 -0.73899999999999977 0.040408163265306107 0.36946962425624325 5.5000000000000009 0.38461538461538469 0.30788655788655789 10
decision_type=9 9 2 9 9 2 9 9 9 2 2 2 2 2 2 2 2 2 2 9 2 1 9 2 2 2 2 2 2 9
left_child=2 -2 6 4 11 18 7 16 27 10 -10 24 -13 14 -9 -11 17 -1 19 25 22 -21 -20 -22 -4 -3 -15 28 -8 -29
right_child=1 5 3 -5 -6 -7 8 13 9 15 -12 12 -14 26 -16 -17 -18 -19 20 21 23 -23 -24 -25 -26 -27 -28 29 -30 -31
leaf_value=-0.011440154610900826 -0.010071721189257503 -0.011495107672859375 0.02116700180406737 -0.009855831173775649 -0.0051982374007128289 -0.011050783898549896 0.0055578491431245427 0.064885183910339483 0.0025106300948948544 0.021703198567009974 -0.020100807748323887 0.016133110858479859 0.10221546950150041 0.011774360996811294 0.014572062590704031 -0.00045004799312753905 -0.0073736972390361982 0.12907958701411401 0.0002435185966478182 0.0097937251670947873 0.02120470272138604 -0.0041113263368646666 0.0094014719976899339 -0.011918946355505744 0.0044188029680555024 0.0093438471083539566 -0.0068019732896203566 0.0091004479034585938 0.029906804176096442 -0.0037464309528331711
leaf_weight=1.4311218895018103 246.30541515350342 147.58959944918752 35.768236748874187 220.68732811696827 124.47811895795166 126.39344737865031 86.368222514167428 6.1378623750060788 33.57011353969574 18.272814944386482 54.622067160904408 3.0281074997037649 2.0035813357681027 286.94304470159113 9.7363226581364852 272.5326666906476 71.119384484365582 1.1080436538904894 195.64852611534297 90.89264659024775 8.2524241823703033 113.73846717737615 214.7025604005903 62.972447177395225 112.10651918128133 19.227708719670773 22.383844960480928 117.78054889850318 28.174217984080315 144.12255430221558
leaf_count=26 4702 2075 588 4313 1878 1803 881 120 491 188 1182 55 35 3519 143 3927 1157 17 1697 1147 139 1439 1888 764 1634 125 265 1346 311 1928
internal_value=-0.000124444 -0.00277461 0.00184705 -0.00294442 0.00280837 -0.000856281 0.00393053 0.00823924 0.00152635 -0.00190166 -0.0114938 0.00924538 0.0504105 0.0112364 0.034026 0.000941955 -0.00475456 0.04988 0.00064421 -0.00279315 0.00329551 0.00223353 0.00527016 -0.0080811 0.00846989 -0.0085789 0.0104301 0.0049375 0.011547 0.00223537
internal_weight=2878.1 1225.72 1652.37 498.072 277.385 979.418 1154.3 398.86 755.443 378.998 88.1922 152.906 5.03169 325.201 15.8742 290.805 73.6586 2.53917 853.024 371.448 481.576 204.631 410.351 71.2249 147.875 166.817 309.327 376.446 114.542 261.903
internal_count=39783 15779 24004 8503 4190 11077 15501 5247 10254 5788 1673 2312 90 4047 263 4115 1200 43 9274 4786 4488 2586 3585 903 2222 2200 3784 4466 1192 3274
cat_boundaries=0 1 4 8 12 16 19 23 26 27 31 34
cat_threshold=1506 3222668800 50446364 8196 2151032448 50415874 4203012 4 159391744 18875392 2688549696 32 655552 2098176 324 32 272000 1090552068 2151678465 3223592961 50364417 2164417089 4 162275456 536952832 2147486208 112 15212608 134235136 541065984 32 142614528 16384 2147484160
is_linear=0
shrinkage=0.03


Tree=95
num_leaves=31
num_cat=7
split_feature=20 22 1 22 22 35 16 27 40 9 27 9 17 17 2 40 4 17 21 5 8 21 1 12 24 15 17 22 13 16
split_gain=15.8211 18.2438 17.2139 21.1664 11.7277 12.5338 11.2654 11.2436 12.6798 11.1291 11.6106 11.1633 9.74449 9.5713 10.2705 9.4868 11.1569 9.42827 9.02031 9.8509 9.4874 8.99105 8.80414 11.7444 13.7177 10.6318 8.55881 8.42537 8.21211 8.13302
threshold=0 1 8.5000000000000018 2 3 300.00000000000006 0.79086191586191601 0.094494047619047616 1.6239322463620212 0.67998893574263197 0.16496598639455778 0.58028472811223197 0.64381914381914396 -0.27365689865689852 128.50000000000003 -0.36327176186655802 4.6633622427592591 -0.28571428571428559 4 1.0789787268656175 0.22609817173387556 5 5.5000000000000009 -0.79999999999999982 31.500000000000004 14.500000000000002 0.44449994449994451 6 -0.5239999999999998 0.50009712509712523
decision_type=9 9 2 9 9 2 2 2 2 2 2 2 2 2 2 2 2 2 1 2 2 1 2 2 2 2 2 9 2 2
left_child=2 6 4 7 12 18 13 29 26 10 -3 -12 15 -2 28 17 -17 -1 19 -6 -20 -10 -8 24 -24 -25 -9 -11 -15 -4
right_child=1 9 3 -5 5 -7 22 8 21 27 11 -13 -14 14 -16 16 -18 -19 20 -21 -22 -23 23 25 -26 -27 -28 -29 -30 -31
leaf_value=-0.0076420200300820335 -0.010513197819069654 -0.010518824180491968 0.0059546266430587696 -0.0086314698961345512 0.0026820122896298645 -0.013503439694713107 -0.022806990105098828 0.0082733489201314552 0.11802230461235946 0.010044578363056169 0.0019173331203207195 0.057060668057744693 0.05051680017530831 0.010971381536560749 -0.0038165597588526844 -0.0053890446661161344 0.073701080766698623 0.0083815281457667173 0.012590278951429702 0.025344788576968973 -0.0016816658128974713 0.012960902565670973 0.018927379558718423 -0.012357957154724954 0.16618663664974306 0.047915873137109141 0.050375932273967271 -0.0070015962703787781 0.0022045212476375629 -0.0068700671636778184
leaf_weight=43.898720689117908 53.882778391242027 391.26744456216693 95.014141814783216 258.24897109530866 370.31234520487487 28.324154714122415 31.746297907084227 52.176743077114224 1.781531922519207 47.259797710925341 25.471735153347257 3.7965300679206839 3.3610258325934401 142.82112380862236 159.91673339344561 226.22281070612371 1.6167236063629378 133.71717883646488 282.65444135665894 18.106056846678257 49.219966843724251 1.2457253523170939 2.3018313460052009 26.663034245371822 0.75640824437141407 2.9225568417459717 4.7402725741267195 39.298654701560736 294.35868719965219 83.716586798429489
leaf_count=856 889 7092 1347 4933 4641 422 374 741 33 348 388 27 25 1545 1396 4037 17 1560 3436 112 395 18 47 377 18 37 35 360 2881 1396
internal_value=-0.00012258 -0.00269817 0.00178613 -0.00287342 0.00380206 0.00599186 0.000406447 0.00356897 0.0149619 -0.00700109 -0.00915547 0.00907025 -0.000345982 0.00159614 0.0026889 -0.000776142 -0.00482783 0.00442122 0.00684167 0.00373843 0.0104736 0.0747892 -0.0115581 -0.00061853 0.0553497 -0.00640392 0.0117798 0.00265695 0.00506854 -5.23963e-05
internal_weight=2876.82 1222.46 1654.36 496.924 1157.43 748.617 715.369 238.675 59.9443 507.094 420.536 29.2683 408.816 650.979 597.097 405.455 227.84 177.616 720.293 388.418 331.874 3.02726 64.3901 32.6438 3.05824 29.5856 56.917 86.5585 437.18 178.731
internal_count=39783 15779 24004 8503 15501 9006 7564 3570 827 8215 7507 415 6495 6711 5822 6470 4054 2416 8584 4753 3831 51 853 479 65 414 776 708 4426 2743
cat_boundaries=0 1 5 9 12 13 14 16
cat_threshold=1506 620757154 1883245827 2742026753 4 2147886720 50415874 8708 4 68167328 1879136542 24117249 2 2 2228232 67125248
is_linear=0
shrinkage=0.03


Tree=96
num_leaves=31
num_cat=9
split_feature=22 40 37 23 24 21 11 23 27 42 14 15 23 23 22 12 14 11 40 41 22 14 17 22 41 24 15 39 42 14
split_gain=19.1947 13.8546 10.5526 11.6128 13.4723 14.5128 14.0475 9.62361 9.75732 8.1804 10.117 8.02342 11.8011 11.4979 11.7184 21.4527 10.5421 8.66057 12.1548 10.6219 8.96145 9.33431 8.65396 7.6563 12.2978 7.911 7.63614 7.59006 7.19171 7.08224
threshold=0 -1.3792758694081109 15.500000000000002 1 17.500000000000004 2 0.17902930402930403 3 0.042109929078014162 1212.5000000000002 3.5000000000000004 2.5000000000000004 4 5 6 -0.86148780487804866 -8.4999999999999982 0.15849282296650716 0.34913916197261569 0.96235002316862428 7 1.5000000000000002 -0.095238095238095136 8 0.7078113896609286 28.500000000000004 -1.4999999999999998 -4.4999357161218878 1156.5000000000002 -9.4999999999999982
decision_type=9 2 2 9 2 1 2 9 2 2 2 2 9 9 9 2 2 2 2 2 9 2 2 9 2 2 2 2 2 2
left_child=11 2 3 28 5 -5 -6 -3 9 -9 -11 12 -1 -13 -15 22 -17 20 26 -20 27 -22 -16 24 -10 -25 -19 -14 -2 -4
right_child=1 7 29 4 6 -7 -8 8 23 10 -12 13 17 14 15 16 -18 18 19 -21 21 -23 -24 25 -26 -27 -28 -29 -30 -31
leaf_value=0.0061928566963808393 0.0055245126702923699 -0.0094532532526793688 0.04405075725438206 0.093551156161492649 0.010870024009845308 0.020205439755757677 0.090402289420449561 -0.012793061859091376 0.047311430655412275 0.0013427723434547762 0.075476713359039257 -0.0046438039031338535 0.036621412620490026 -0.0066247876315747613 0.0032394492275532763 0.021488649957203988 0.0025633845391599677 -0.0063259559440360554 0.075806166292696153 0.0188430947927525 -0.00066953858188626954 0.012370035635957212 0.084300944883447776 0.0046848523082765655 -0.019540434667123855 -0.0043742204885161293 0.016876350593332749 -0.0049552861157954433 -0.027334878410802073 -0.010126636461534831
leaf_weight=541.77546902745962 16.400623789057139 292.95455972291529 2.3171643838286391 4.6964556165039539 32.839563304558396 5.0266414135694486 2.1282744519412509 108.16179404594004 2.6658966019749633 11.468245802447198 1.9365154448896635 373.48052037507296 4.0019074454903594 88.455909145995975 1.6370312608778474 29.238547656685114 281.8207613825798 30.388746729120609 4.0104799978435031 11.101456305012105 154.01163726486266 72.745347106829286 4.2954140063375226 221.43896882794797 34.86393360607326 142.64347113482654 22.013692654669288 315.19327755458653 9.4477562196552736 34.564679827541113
leaf_count=6078 272 6730 30 71 552 77 23 2245 72 215 33 4056 38 1194 23 249 2803 275 38 123 1823 680 53 3659 969 2598 221 3753 132 565
internal_value=-0.000271898 -0.00380593 0.00628082 0.0130799 0.0199355 0.0556329 0.0157107 -0.00518021 -0.00255793 -0.0100534 0.0120525 0.00142788 0.00302185 -0.000917845 0.0025656 0.00525433 0.0043423 0.000118541 0.0102567 0.0339602 -0.00113301 0.00336525 0.0619324 -0.000352764 -0.0116796 0.00110525 0.00342108 -0.00429933 -0.00467658 -0.00672285
internal_weight=2857.72 923.555 107.421 70.5393 44.6909 9.7231 34.9678 816.133 523.179 121.567 13.4048 1934.17 1155.24 778.928 405.448 316.992 311.059 613.467 67.5144 15.1119 545.952 226.757 5.93245 401.612 37.5298 364.082 52.4024 319.195 25.8484 36.8818
internal_count=39650 18243 1722 1127 723 148 575 16521 9791 2493 248 21407 13029 8378 4322 3128 3052 6951 657 161 6294 2503 76 7298 1041 6257 496 3791 404 595
cat_boundaries=0 4 7 8 12 16 20 23 26 29
cat_threshold=3810664962 339806467 2181169728 4 27418816 134217728 768 2 19668992 538984448 2147483712 32 2514944 16859136 2147484416 32 2506816 555827200 2147483904 32 1073873408 67174657 576 2686459906 4261889 131072 1311744 16815636 5246976
is_linear=0
shrinkage=0.03


Tree=97
num_leaves=31
num_cat=3
split_feature=16 17 16 20 42 41 40 17 31 18 10 4 1 11 11 25 15 17 6 31 9 17 10 16 31 42 10 5 16 15
split_gain=10.4455 17.4851 24.2702 9.47084 9.43971 9.13274 13.1555 11.4384 12.594 10.9495 9.24059 8.73714 8.37803 9.10611 7.98022 10.8476 10.6634 13.1128 9.42525 7.6792 6.89206 11.875 7.6039 6.29944 25.656 13.9616 8.6806 8.67143 8.01271 6.24793
threshold=0.15384615384615388 0.095238095238095163 0.60615773115773131 0 1041.5000000000002 1.9510577620592144 -1.1608656322316746 -0.66630591630591607 4.5000000000000009 1 0.059411764705882351 1.8501641813316645 5.5000000000000009 0.059411764705882351 0.097167584579071611 2 -10.499999999999998 0.14682539682539689 0.067424242424242359 2.5000000000000004 0.22722531996150827 -0.3333333333333332 0.020204081632653054 0.68302623302623322 6.5000000000000009 1018.5000000000001 0.098780487804878067 0.59548810947606523 0.37541625041625043 -2.4999999999999996
decision_type=2 2 2 9 2 2 2 2 2 1 2 2 2 2 2 1 2 2 2 2 2 2 2 2 2 2 2 2 2 2
left_child=4 2 3 20 -1 6 7 -6 -9 10 -8 -11 13 -5 15 16 17 -3 -18 -14 21 -2 -22 25 27 28 -27 -25 -16 -7
right_child=1 14 -4 12 5 29 9 8 -10 11 -12 -13 19 -15 23 -17 18 -19 -20 -21 22 -23 -24 24 -26 26 -28 -29 -30 -31
leaf_value=-0.018468466026497165 -0.0083437968923397998 -0.03319813369088824 -0.013953905701923305 -0.013334344657634969 -0.023463904978256289 -0.020999668588598929 -0.0073844886597278624 0.021109686243199432 0.0021264307360577433 -0.0092043238535213096 0.01920697296727622 0.020875854520042855 -0.0013956291138032175 0.0025012509475039264 0.085376899162653036 -0.0024593401295921334 0.013157519030270716 0.044781629014558282 -0.0055826293791625559 -0.013810650241107012 0.012599595794578866 0.0050855828778142431 -0.0055792741202143501 0.0017515118005363578 0.088204679423681306 -0.00084226572954147793 0.0088459305803271111 -0.013346053150104583 0.025394616747365224 0.0011254226469533284
leaf_weight=15.539954418316482 71.619794748723507 2.3137039709836236 173.05029636994004 41.973401129245758 7.1820615101605645 17.21701036952436 16.240179385989904 102.82324141450226 45.314582452178001 81.028689734637737 42.646698087453842 9.7347023449838144 66.530077919363976 147.63576099835336 2.4177949316799632 563.78596667572856 52.356457315385342 12.040692294016479 44.84078891761601 137.535957923159 23.048536596819758 343.40161987394094 203.95532828383148 184.06040341220796 2.9356476441025725 132.23882157169282 224.6134145706892 42.06353422626853 11.721693038940428 34.5154760312289
leaf_count=203 1663 38 4481 677 153 222 244 1059 475 961 438 99 1156 1913 17 7006 732 151 543 2374 337 5963 2146 2502 38 1564 1629 360 111 395
internal_value=-0.000266592 -0.00096886 -0.00355421 -0.00181658 0.00441995 0.0054171 0.00739417 0.0135102 0.0153028 0.0010464 0.0101498 -0.00538483 -0.00540713 -0.00100424 0.00148141 -0.000755462 0.00741202 0.0322125 0.00451198 -0.00976308 0.000462092 0.00276809 -0.00373351 0.00399893 8.70501e-05 0.00641423 0.00525577 -0.00105693 0.0356513 -0.006238
internal_weight=2856.38 2484.14 1208.75 1035.7 372.243 356.703 304.97 155.32 148.138 149.65 58.8869 90.7634 393.675 189.609 1275.39 675.338 111.552 14.3544 97.1972 204.066 642.025 415.021 227.004 600.051 229.06 370.992 356.852 226.124 14.1395 51.7325
internal_count=39650 35401 20710 16229 4249 4046 3429 1687 1534 1742 682 1060 6120 2590 14691 8470 1464 189 1275 3530 10109 7626 2483 6221 2900 3321 3193 2862 128 617
cat_boundaries=0 1 2 3
cat_threshold=1442 96 24
is_linear=0
shrinkage=0.03


Tree=98
num_leaves=31
num_cat=8
split_feature=22 16 27 23 40 40 42 23 31 26 42 3 2 9 15 23 23 22 12 12 42 11 40 24 22 6 14 18 12 42
split_gain=17.8596 12.7803 16.2513 16.3091 11.9628 9.56914 11.8582 10.157 9.45784 10.5666 9.26032 8.30603 8.08192 12.5522 7.5455 10.9631 10.8818 11.7116 20.331 10.5178 9.88404 7.97455 11.1311 10.1687 8.43291 10.2371 8.71236 7.49333 7.38814 7.2852
threshold=0 0.35171772671772678 0.079473684210526321 1 1.0654424206248045 -1.9766829538224389 1109.5000000000002 2 4.5000000000000009 0.060915275200989459 992.50000000000011 1.1977973215956379 127.50000000000001 0.59451378422063805 2.5000000000000004 3 4 5 -0.86148780487804866 0.33078947368421058 1100.5000000000002 0.15849282296650716 0.34913916197261569 58.000000000000007 6 0.8377192982456142 1.5000000000000002 7 0.25800000000000006 1205.5000000000002
decision_type=9 2 2 9 2 2 2 9 2 2 2 2 2 2 2 9 9 9 2 2 2 2 2 2 9 2 2 1 2 2
left_child=14 2 10 8 11 6 -3 -7 9 -4 -2 -5 29 -14 15 -1 -16 18 20 -20 -18 24 -23 -24 25 -17 -26 28 -12 -9
right_child=1 5 3 4 -6 7 -8 12 -10 -11 27 -13 13 -15 16 21 17 -19 19 -21 -22 22 23 -25 26 -27 -28 -29 -30 -31
leaf_value=0.0059650663578922252 0.068142049358755646 0.12213818653635072 0.015038537172395727 0.015663534910924742 0.093608234907591514 -0.010658254954561502 2.9832241590750194e-05 -0.0074473166732901344 -0.023559292287642197 -0.015440916987168133 -0.0017011243675368582 -0.0081094490020279988 0.00054611449146805147 0.033562807861795586 -0.0046884922862855116 -0.0049656710014315368 0.11930006392333285 -0.0066152300653343921 0.0022681753241361089 0.019913923825998957 0.035086216973852558 0.0032218729612779502 0.022534968416952683 0.09356423551408366 -0.00064698211896749389 0.039546046729832134 0.011921225771483267 -0.01212103145363291 0.032590095727702453 0.0099415663190256139
leaf_weight=544.20800751075149 1.4578537140041579 1.1631292402744287 23.248084766790271 104.76010510325432 1.6659972872585047 275.25929410383105 1.8609573692083357 213.55810709483922 19.843666084110737 18.290709979832172 32.770699139684439 15.13864967599511 82.304069118574262 11.856088325381277 355.9606390632689 313.20421432331204 1.7609616573899973 92.943008661270142 289.17054588161409 33.972701616585255 4.3597647249698639 52.594197031110525 13.365080237388609 2.0988459736108771 153.87626601569355 4.7202666848897925 73.279845055192709 85.199019053950906 6.8339606001973143 24.134611502289772
leaf_count=6078 22 22 421 1578 28 6403 35 4581 350 249 558 137 1601 121 3861 3769 22 1264 2773 402 56 496 136 25 1823 22 680 1526 109 502
internal_value=-0.000260147 -0.00367967 0.00124896 0.0069626 0.0127245 -0.00623775 0.0469954 -0.00650291 -0.00560797 0.00161757 -0.00702983 0.0126619 -0.00265503 0.00470338 0.00137599 0.00291903 -0.000901253 0.0023472 0.00499749 0.00412331 0.0593149 0.00011625 0.0098006 0.0321754 -0.00109079 -0.00417353 0.0032638 -0.00790792 0.00336606 -0.0056817
internal_weight=2854.86 919.345 309.209 182.947 121.565 610.136 3.02409 607.112 61.3825 41.5388 126.262 119.899 331.853 94.1602 1935.51 1157.35 778.168 422.207 329.264 323.143 6.12073 613.139 68.0581 15.4639 545.081 317.924 227.156 124.804 39.6047 237.693
internal_count=39650 18243 4978 2763 1743 13265 57 13208 1020 670 2215 1715 6805 1722 21407 13029 8378 4517 3253 3175 78 6951 657 161 6294 3791 2503 2193 667 5083
cat_boundaries=0 4 8 12 16 20 24 27 28
cat_threshold=3810664962 339806467 2181169728 4 6299840 153108480 0 32 19800064 536952832 2147484224 32 2514944 16859136 2147484416 32 2506816 553730048 2147483904 32 2686459906 4196352 2147614720 4 2686459906 4261889 131072 84
is_linear=0
shrinkage=0.03


Tree=99
num_leaves=31
num_cat=7
split_feature=22 20 5 37 14 28 28 42 13 22 40 42 15 37 22 4 24 5 6 28 22 40 5 4 7 17 20 24 37 22
split_gain=18.3626 10.4367 12.5323 10.8516 9.96281 13.155 12.8279 12.3716 11.3459 9.44277 11.4077 10.5455 9.13031 8.93205 13.9629 11.4543 11.0558 8.6412 8.31926 18.1464 10.0467 8.1671 7.92504 10.3255 11.0497 11.2005 8.89165 8.32449 8.74701 7.5584
threshold=0 1 -0.28510079407020922 14.500000000000002 2.5000000000000004 -0.095916666666666539 -0.12989361702127658 1248.5000000000002 -0.14999999999999972 2 -2.1310721566131687 1174.5000000000002 14.500000000000002 4.5000000000000009 3 -5.3781644102011983 132.50000000000003 -0.8439623221875201 0.048199767711962806 -0.70444664031620541 4 -1.4914865108805633 0.75101720487402501 1.4774500739174061 0.43534002229654406 0.3492063492063493 5 6.5000000000000009 3.5000000000000004 6
decision_type=9 9 2 2 2 2 2 2 2 9 2 2 2 2 9 2 2 2 2 2 9 2 2 2 2 2 9 2 2 9
left_child=1 4 13 9 5 6 -1 21 -8 10 -4 -11 22 15 -15 -3 -16 -6 19 -5 -20 -7 26 24 25 -24 27 -2 -29 -28
right_child=12 2 3 18 17 7 8 -9 -10 11 -12 -13 -14 14 16 -17 -18 -19 20 -21 -22 -23 23 -25 -26 -27 29 28 -30 -31
leaf_value=0.013270453690796259 0.070430900519181716 0.084775392718813722 0.043307409952236246 0.039491436287291466 -0.018189172440837974 0.024753675021351819 0.028470901091702132 0.058251283722930439 0.11717404501726719 -0.001382400636215348 0.0061878784020476564 0.0077177730717363007 -0.016679813933994432 -0.011313824922439672 0.0012661130091799746 -0.009633586409161201 0.032591969771191234 0.0029993715248969001 0.0036566199778894463 -0.0010343032997487008 -0.0078886071505614927 -0.0045987530262094527 0.043737276590984524 -0.024713642907451806 -0.00098490804293429332 -0.015942992902197146 -0.0025964072523962023 0.035497638268829956 0.00028049805436873983 -0.01128593088624431
leaf_weight=144.6283529791981 1.7468244694173325 1.1643957793712605 7.5757597684860221 12.764109246432779 22.235776202753186 9.555097805336116 3.7777015883475542 3.236863810569047 1.9769406672567118 448.71779642626643 453.76746601052582 153.91923168674111 52.4811892490834 77.227667804807425 283.81545193120837 172.88569333031774 10.515392392873762 78.398799268528819 93.627891562879086 45.012199535965919 212.29975940287113 79.634399594739079 14.333781659603121 6.9988515824079505 18.830063838511705 3.526503510773181 235.01013777032495 7.1148347575217477 58.843861976638436 160.89039592258632
leaf_count=1932 35 7 52 169 363 109 41 38 23 4676 4107 1394 1144 1492 4028 3021 135 878 1073 513 2442 1005 175 90 172 48 4618 182 1393 4564
internal_value=0.000143883 0.00132494 0.000471309 0.00195166 0.00607745 0.00954387 0.0150182 0.000636792 0.0589438 0.00348085 0.00665321 0.000926496 -0.00468412 -0.00339367 -0.000766552 -0.00900199 0.0023069 -0.00168236 -0.00252181 0.00791876 -0.00449357 -0.00145415 -0.00353546 0.00867914 0.015049 0.0319534 -0.00468654 0.00504592 0.0040793 -0.0063188
internal_weight=2876.51 2316.74 1973.29 1427.68 343.444 242.809 150.383 92.4264 5.75464 1063.98 461.343 602.637 559.776 545.609 371.559 174.05 294.331 100.635 363.704 57.7763 305.928 89.1895 507.295 43.6892 36.6903 17.8603 463.606 67.7055 65.9587 395.901
internal_count=39919 27498 23109 14426 4389 3148 1996 1152 64 10229 4159 6070 12421 8683 5655 3028 4163 1241 4197 682 3515 1114 11277 485 395 223 10792 1610 1575 9182
cat_boundaries=0 4 5 9 12 15 16 19
cat_threshold=3793887747 843074817 2147623425 4 1218 2147622913 805306624 2147623424 4 131073 536871168 139265 2097666 2304 8705 384 84672648 83952130 587206656
is_linear=0
shrinkage=0.03


Tree=100
num_leaves=31
num_cat=10
split_feature=22 23 16 20 22 27 41 15 23 26 22 40 15 23 35 30 13 30 39 2 27 17 1 13 40 12 22 39 40 2
split_gain=17.3784 11.2076 11.3488 10.8921 12.459 12.1201 12.3208 12.4509 11.3792 12.101 10.4058 14.4405 9.94309 9.65802 13.1445 11.1994 11.118 9.54323 9.40802 12.9741 9.60741 9.28612 9.44763 9.76477 9.06379 9.02382 7.97958 11.9664 7.71663 7.45921
threshold=0 1 0.16363636363636366 2 3 0.17974358974358975 1.6102733144146983 5.5000000000000009 4 0.11696306429548561 5 1.0131284992897676 14.500000000000002 6 -374.99999999999994 7 0.2180909090909092 8 -1.2342406606948708 130.50000000000003 0.17974358974358975 -0.291590354090354 9.5000000000000018 -0.35799999999999971 -0.21866053022127604 -0.34342857142857131 9 -3.9402355413132155 -1.266703004129669 115.50000000000001
decision_type=9 9 2 9 9 2 2 2 9 2 9 2 2 9 2 1 2 1 2 2 2 2 2 2 2 2 9 2 2 2
left_child=1 12 18 8 5 -5 7 -7 9 10 11 -2 21 14 15 -6 -15 -12 19 29 28 -1 23 -23 -18 -24 -11 -28 -20 -3
right_child=3 2 -4 4 13 6 -8 -9 -10 26 17 -13 -14 16 -16 -17 24 -19 20 -21 -22 22 25 -25 -26 -27 27 -29 -30 -31
leaf_value=-0.01561973461679091 0.02209964626148243 -0.031411814005310602 -0.012434598788360042 -0.0074614593436037593 0.11798347392838408 0.011519047753103388 -0.023105720804871308 0.069739187175975825 -0.00024124850263943277 0.0046329350472042521 -0.00059895313054902477 -0.010740557487092761 -0.020826415155041779 0.00077204707407775932 -0.0086714600462460371 0.0027745315477364523 0.019883122387586487 0.01067480040831072 0.0096134253857759026 0.14390568408858873 0.074409359397384051 0.017280270513810019 -0.019969313269756692 0.00021905814018383327 0.0025687585263735042 0.010489913343544254 0.077456245154054817 -0.0054612269141594682 -0.021851185944198204 0.036646625148909331
leaf_weight=22.605655835941434 98.353559624403715 1.8974797967821322 212.82780866324902 314.73882115632296 1.3718012124300003 10.41436497308314 5.2966869566589585 4.8434606324881306 592.76941105723381 257.34621491841972 125.95747841149569 13.733419355005024 18.329130025580525 497.21542531624436 113.94773625023663 1.7010430693626395 55.256449462845922 145.80070384778082 13.563463481143119 0.84874809160828668 1.3802773989737023 62.215950144454837 22.876389151439071 58.654989404603839 53.611150834709406 14.179720668122171 1.5852458029985417 132.02792694605887 14.529621334746482 6.1367384549230337
leaf_count=579 1339 52 5684 4420 15 120 62 51 8230 2088 1757 248 384 4954 1307 29 451 2027 241 14 18 1246 556 1125 553 334 17 1585 289 144
internal_value=0.00013536 -0.00521327 -0.00935506 0.00114437 -0.00113658 -0.00582998 0.0163156 0.0300005 0.00290508 0.0052846 0.00913656 0.0165953 0.000215698 0.00108953 -0.00646764 0.0542069 0.00262994 0.00525611 0.00529338 0.0323571 -0.00286335 0.00236401 0.0049382 0.00900098 0.0113568 -0.00831393 0.00163789 -0.00416569 -0.00665993 0.0205729
internal_weight=2876.02 450.046 251.184 2425.97 1058.4 335.293 20.5545 15.2578 1367.57 774.805 383.845 112.087 198.862 723.104 117.021 3.07284 606.083 271.758 38.3563 8.88297 29.4734 180.533 157.927 120.871 108.868 37.0561 390.959 133.613 28.0931 8.03422
internal_count=39919 10666 6442 29253 11962 4653 233 171 17291 9061 5371 1587 4224 7309 1351 44 5958 3784 758 210 548 3840 3261 2371 1004 890 3690 1602 530 196
cat_boundaries=0 3 6 7 10 13 17 20 21 22 26
cat_threshold=68420776 1090621982 560992324 4202688 536953856 2147484416 1250 3758236161 100679681 147456 164110336 151061504 536871236 139777 100663296 0 4 28065920 0 512 4 4 139266 18433 131073 4
is_linear=0
shrinkage=0.03


Tree=101
num_leaves=31
num_cat=6
split_feature=23 1 21 18 17 13 1 23 42 13 40 12 37 12 24 40 11 37 23 3 6 27 16 23 40 42 40 3 16 12
split_gain=12.0766 9.48616 17.3256 9.42567 9.41495 11.0111 9.25164 13.6915 8.88313 9.39172 9.76262 9.11118 10.2516 12.0334 9.09197 8.98188 8.69091 8.47616 9.45349 8.54994 8.37171 9.0164 8.75303 7.9053 7.86788 7.84403 7.61046 7.07381 6.99282 6.94978
threshold=0 3.5000000000000004 1 2 -0.063381063381063293 0.69300000000000006 1.5000000000000002 3 1079.5000000000002 -0.98899999999999988 -0.93598404061942475 -0.50968749999999974 23.500000000000004 -0.48599999999999999 76.500000000000014 2.9385702306234505 0.035098522167487656 4.5000000000000009 4 -0.31093506355977735 0.37171052631578955 0.083166666666666667 0.50776353276353292 5 -1.3240769718527723 1102.5000000000002 -1.6757650301313849 -1.9804897488509285 0.21818181818181817 0.16048780487804884
decision_type=9 2 1 1 2 2 2 9 2 2 2 2 2 2 2 2 2 2 9 2 2 2 2 9 2 2 2 2 2 2
left_child=20 2 3 6 -5 -6 16 -8 9 10 -3 23 15 -14 -12 -13 -2 19 -19 -11 28 22 -22 24 -10 -25 -4 -28 29 -1
right_child=1 8 26 4 5 -7 7 -9 11 17 14 12 13 -15 -16 -17 -18 18 -20 -21 21 -23 -24 25 -26 -27 27 -29 -30 -31
leaf_value=0.0075718273390414231 0.049835943628214571 0.1170350905532639 -0.0087835431408066558 -0.018261180149538928 -0.0041258736310755334 0.030690290485525476 -0.0098193734628626503 0.0067182568544011537 0.0077301913549654789 -0.022900510323854345 -0.022438025797422722 0.0034724037648566856 0.050340537026445059 -0.0084715142902136008 0.047334865327310148 0.046045803598512361 0.0091662141090845181 -0.007445365158309224 0.0033464745633930452 -0.0059364071905778654 0.0030858124558542231 -0.0068873455325066191 0.059486738495529372 0.014044441346710797 -0.010741024748821177 -0.0014255239471824231 -0.0098655644884064597 0.011656801071808654 -0.0071586211065726713 -0.01689511204985629
leaf_weight=58.2130630556494 5.0126648172736159 0.98058201372623433 19.574368271976709 40.941957846283913 118.14848502352834 8.7831687033176404 70.096478804945946 93.099836405366659 24.306799763813615 38.996809631586075 3.0697347559034815 809.47895925119519 3.2375032678246489 95.288698799908161 3.7150028068572283 4.4846899881958953 83.552332000806928 128.2752276994288 147.29957041330636 85.066068544983864 4.4468580372631568 8.9770839028060418 5.5888751745223999 34.728858809918165 142.00759168341756 195.87591843493283 14.483933832496403 269.06844149343669 346.05829096585512 12.734121967107056
leaf_count=908 71 12 184 569 1169 89 813 1084 334 868 66 9691 48 1458 60 65 928 1898 2121 1181 40 65 50 579 2508 3015 212 2848 6795 190
internal_value=0.000130543 0.000956369 0.00384348 -0.000104216 -0.00542833 -0.00171673 0.00352162 -0.00057505 -0.000253507 -0.00412224 0.0285542 0.00095019 0.00260066 -0.00653899 0.0157663 0.00370697 0.0114681 -0.00475717 -0.00182568 -0.0112688 -0.00441082 0.0149561 0.0344953 -0.00284413 -0.00758538 0.000866656 0.00930849 0.0105574 -0.00539961 0.00318032
internal_weight=2875.59 2439.57 722.762 419.635 167.874 126.932 251.761 163.196 1716.81 407.403 7.76532 1309.41 912.49 98.5262 6.78474 813.964 88.565 399.638 275.575 124.063 436.018 19.0128 10.0357 396.919 166.314 230.605 303.127 283.552 417.005 70.9472
internal_count=39919 31871 7967 4723 1827 1258 2896 1897 23904 6206 138 17698 11262 1506 126 9756 999 6068 4019 2049 8048 155 90 6436 2842 3594 3244 3060 7893 1098
cat_boundaries=0 4 5 6 9 12 15
cat_threshold=2375808 0 2560 32 2 113 16916480 150995968 536871232 159916032 136314880 4194308 25690176 2114560 4194372
is_linear=0
shrinkage=0.03


Tree=102
num_leaves=31
num_cat=1
split_feature=20 37 5 16 1 24 40 40 16 27 17 1 7 17 16 11 27 14 8 10 0 7 8 5 5 15 16 12 1 42
split_gain=12.4943 16.074 13.5192 16.208 10.7892 10.6065 12.7744 22.9635 11.2651 10.4248 10.3221 22.0582 12.7351 9.67036 13.9773 10.7654 11.0078 9.29016 9.7995 8.81624 8.25647 8.01928 8.02755 7.73955 14.8542 9.65754 7.41346 14.6014 12.471 7.36003
threshold=0 21.500000000000004 -1.0250483184973127 0.11655011655011656 3.5000000000000004 17.500000000000004 1.6568994391589698 1.7686136673218027 0.58587801087801095 0.085410334346504566 -0.46123321123321115 4.5000000000000009 0.43019480519480519 0.063564213564213559 0.24848484848484848 0.06030303030303031 0.16064516129032258 3.5000000000000004 0.55555600385819381 0.13976744186046514 2300.0000000000005 0.14142857142857143 0.22222225153074485 -1.1928792570916769 -1.1760154354105554 16.500000000000004 0.030303030303030356 -0.42999999999999988 4.5000000000000009 1129.5000000000002
decision_type=9 2 2 2 2 2 2 2 2 2 2 2 2 2 2 2 2 2 2 2 2 2 2 2 2 2 2 2 2 2
left_child=2 13 3 10 23 6 21 9 -9 -8 19 -12 -13 14 17 20 -17 -2 -19 -1 -16 -4 -23 25 -25 -5 27 28 -3 -7
right_child=1 26 5 4 -6 29 7 8 -10 -11 11 12 -14 -15 15 16 -18 18 -20 -21 -22 22 -24 24 -26 -27 -28 -29 -30 -31
leaf_value=-0.0098051876151384592 -0.0017350690300923723 0.13359845095705114 -0.0014510261439726537 -0.0076732782674809137 -0.012898747963788496 -0.00037031595067837572 0.050394132276272381 0.066538370205326255 0.00062852926624814372 0.15325248790326151 -0.010500690916171132 0.1262292652354173 0.021922288690944515 0.0019376607801556672 -0.016732489959570895 -0.0055883202897054974 0.025684396789288275 0.017770444561377427 -0.016293800709636156 0.083358893983154422 0.05980586421513711 0.011915354235373809 -0.005345659778975065 0.12980349574760336 0.014089554379194064 0.041859967262625176 -0.012537560056514834 -0.017921673864675278 0.0086286186366271913 0.0045339414027874168
leaf_weight=8.1756000164896268 167.32731488160789 1.4325025081634524 81.577959802001715 35.486539432778955 124.01682004984468 642.31786462292075 1.7959437817335158 3.0065181609243146 10.431752735748885 1.7518443278968332 3.4370134361088258 3.0159548651427031 1.6189497597515581 591.56612319685519 104.20275194756687 157.01242397911847 10.828677039593456 47.55044655315578 9.0466690361499769 1.0292635746300209 1.2840976826846588 182.85566588118672 27.956294674426317 1.1076023764908303 10.130105478689073 3.9354111496359101 144.38791554607451 3.9601497258990994 1.4422349613159893 482.1317954454571
leaf_count=176 1912 17 1398 714 3066 8979 29 46 170 21 34 47 20 6109 2156 2697 144 472 52 13 17 2226 256 20 180 73 2385 54 24 6187
internal_value=0.00034883 -0.00191192 0.0020722 -0.00539187 -0.00813346 0.00308591 0.00800501 0.033297 0.0153744 0.101184 0.0223269 0.0470894 0.0897953 -0.000654438 -0.00373818 -0.00829071 -0.00357068 0.00181875 0.0123255 0.000612174 -0.0158008 0.0065357 0.00962633 0.00353215 0.0254945 -0.00272848 -0.0110924 0.0194374 0.070902 0.00173249
internal_weight=2865.82 1240.04 1625.78 191.953 174.676 1433.83 309.376 16.9861 13.4383 3.54779 17.2768 8.07192 4.6349 1088.82 497.252 273.328 167.841 223.924 56.5971 9.20486 105.487 292.39 210.812 50.6597 11.2377 39.422 151.223 6.83489 2.87474 1124.45
internal_count=39694 16039 23655 4343 4053 19312 4146 266 216 50 290 101 67 13559 7450 5014 2841 2436 524 189 2173 3880 2482 987 200 787 2480 95 41 15166
cat_boundaries=0 1
cat_threshold=1504
is_linear=0
shrinkage=0.03


Tree=103
num_leaves=31
num_cat=6
split_feature=16 17 37 5 24 23 23 23 6 17 16 2 23 15 23 35 6 17 24 17 1 24 4 16 13 13 14 28 23 16
split_gain=10.8533 20.5963 12.5816 11.3367 10.5728 13.3046 13.1694 9.94641 10.1411 12.9386 10.3412 9.92778 9.92527 9.31492 8.93694 12.0744 8.85086 8.65702 8.92348 8.42047 8.40975 12.3587 10.3687 8.36666 7.86266 9.3922 7.72819 10.1354 9.00516 13.8504
threshold=0.19813519813519817 -0.31305916305916298 23.500000000000004 -0.64000159666860512 20.500000000000004 0 1 2 0.091966173361522172 -0.52774170274170251 0.14819994819994817 111.50000000000001 3 1.0000000180025095e-35 4 225.00000000000003 0.58578431372549034 -0.17936507936507931 37.000000000000007 -0.30555555555555541 5.5000000000000009 58.000000000000007 3.0442554792022056 0.42194055944055947 -0.38162499999999977 -0.48399999999999971 1.0000000180025095e-35 -0.26999999999999991 5 0.060606060606060656
decision_type=2 2 2 2 2 9 9 9 2 2 2 2 9 2 9 2 2 2 2 2 2 2 2 2 2 2 2 2 9 2
left_child=7 14 3 12 6 -6 -5 26 9 -9 17 -11 19 20 15 -2 -14 -10 -19 -3 21 -4 -22 -15 25 -12 -1 -28 29 -29
right_child=1 2 13 4 5 -7 -8 8 10 11 24 -13 16 23 -16 -17 -18 18 -20 -21 22 -23 -24 -25 -26 -27 27 28 -30 -31
leaf_value=-0.0045244343500640861 0.0020821828345959584 0.075453983446132175 0.01242908212245432 -0.0014127483925651513 0.0049677297413798505 -0.0015907324388698839 0.0099506975439964899 -0.010948217314998164 -0.013456079956498388 0.092121565938146466 0.022795423518134423 0.018278289644921404 -0.0090586416549427711 0.0020877523733083925 -0.017018219025892407 0.10393398686215233 0.027120411538634485 0.014697250280069287 -0.017285170392383951 0.0014412168551153444 -0.0097015730313516433 -0.029327013823453242 0.071961581019498219 -0.016593137210358228 0.0042237235566600804 0.087509585687830682 0.014444061231770798 0.038980585788173955 -0.010961156367990018 -0.0046493435584660297
leaf_weight=140.24682248942554 19.471553994342688 1.3954624906182278 53.519659036770463 141.76037619076669 405.7443656232208 833.98700384236872 262.00365487113595 14.36927732080221 37.388095390051603 1.666932901367544 11.309994904324411 96.400511672720313 215.76395708229393 28.117463244125247 81.023693945258856 1.1070994734764088 6.2623755261301985 30.585812516510487 10.563141103833912 160.80076030083001 65.585966581478715 7.2426509745419017 1.4298123084008683 92.767172629013658 17.994809934869409 2.4568819515407112 61.287704600021243 10.662416309118273 36.08778565376997 16.971880760043859
leaf_count=1695 460 32 743 1838 4869 10222 3038 314 501 27 113 1132 4461 410 1990 28 36 250 88 3170 1167 102 23 1558 171 27 649 84 334 162
internal_value=0.000337014 -0.000499298 9.05517e-05 0.000871584 0.00195618 0.000582988 0.00617248 0.00441236 0.00889828 0.0156379 0.00283472 0.0195335 -0.00376773 -0.00627837 -0.0137148 0.0050888 -0.00769176 -0.00300693 0.0064872 0.00195731 -0.000630786 0.0074519 -0.00795925 -0.012248 0.0172794 0.0343445 0.00029881 0.00573385 -0.00264361 0.00894713
internal_weight=2865.98 2377.98 2276.38 2027.72 1643.5 1239.73 403.764 487.992 222.735 112.437 110.299 98.0674 384.223 248.663 101.602 20.5787 222.026 78.537 41.149 162.196 127.778 60.7623 67.0158 120.885 31.7617 13.7669 265.257 125.01 63.7221 27.6343
internal_count=39694 34147 31669 27666 19967 15091 4876 5547 2623 1473 1150 1159 7699 4003 2478 488 4497 839 338 3202 2035 845 1190 1968 311 140 2924 1229 580 246
cat_boundaries=0 3 6 10 14 17 21
cat_threshold=13107328 136314880 2147483904 15351808 136315904 2151680000 145367104 2179072 2147484160 32 157294784 2097152 536873028 32 8404992 150995968 4 8388672 65536 2147484160 32
is_linear=0
shrinkage=0.03


Tree=104
num_leaves=31
num_cat=4
split_feature=40 17 41 23 23 37 42 5 37 40 23 4 16 23 3 15 37 7 42 27 5 16 17 15 17 28 26 26 41 16
split_gain=11.6741 12.4095 10.6253 14.5668 11.6616 11.7475 10.5499 10.162 10.6861 11.6339 14.4772 12.7738 10.0419 10.8994 10.3583 10.9428 10.0184 9.83451 9.7502 14.1289 11.58 9.53252 9.49352 9.60404 9.48842 8.74756 7.93627 10.8589 14.2699 10.3006
threshold=-0.38866353355307415 -0.291590354090354 1.2113137857091136 0 1 2.5000000000000004 1198.5000000000002 -1.090059088517495 23.500000000000004 1.4058154646200105 2 -0.47998797017961198 0.24848484848484848 3 1.396262998003013 6.5000000000000009 12.500000000000002 0.54006410256410264 1150.5000000000002 0.13976744186046514 0.42973863014074598 0.076923076923076969 0.49049145299145308 -22.499999999999996 0.16666666666666669 0.030000000000000051 0.085410334346504566 0.049390243902439006 1.8575373322618605 0.51284965034965047
decision_type=2 2 2 9 9 2 2 2 2 2 9 2 2 9 2 2 2 2 2 2 2 2 2 2 2 2 2 2 2 2
left_child=1 12 3 18 22 25 17 24 9 -9 -11 -12 13 -1 15 -15 -7 -5 20 -20 -3 -8 23 -4 -2 -6 27 29 -29 -26
right_child=7 2 4 6 5 16 21 8 -10 10 11 -13 -14 14 -16 -17 -18 -19 19 -21 -22 -23 -24 -25 26 -27 -28 28 -30 -31
leaf_value=-0.010267998103774925 -0.012423241830215497 0.021966799683571351 0.04497790252446817 0.0016214219713664927 -0.021331615840152373 0.0046554800362731972 0.032690890274114287 -0.00048492327445781472 -0.0072927224454389407 -0.0030978016054048077 0.0022267226911509628 0.025952577084001609 -0.015877356318875539 0.0099655647019184796 0.052911490190972472 -0.011860593952010182 -0.005636337850108801 0.021882952897046417 0.023189558467601019 0.072008148554712936 -0.0054195927494735778 -0.023494171222656204 0.051048242024004785 0.0055231884550255165 0.071994336153058586 0.0051409838189057392 -0.0071249769979549972 0.0236529922115956 0.12552030374304582 -0.0048861613647097953
leaf_weight=53.834392098709941 130.09841951914132 37.953249394893646 5.665340853855013 95.382854804396629 39.887771017849445 234.93339715525508 3.1446863412857082 1164.7572021316737 178.42198741436005 63.809036858379841 32.589499464258552 54.705019891262054 48.975440189242363 73.130903216078877 4.0166761800646773 28.821328217163682 133.49424304068089 27.856756616383791 32.218491122126579 6.3945562709122887 21.922048304229975 20.017800247296691 4.3334602005779734 279.09977906383574 1.7029831595718921 15.638497190549968 44.362106865271926 7.5205826647579652 1.4814286250621078 19.855054004117846
leaf_count=892 3537 433 72 1148 367 2277 23 15824 2936 965 499 811 1164 1216 36 478 1603 174 290 48 160 222 30 3220 20 137 512 147 21 432
internal_value=0.000324078 0.00263478 0.00407919 0.00947052 0.00222759 -0.000988963 0.0025367 -0.00126242 -0.000403097 0.00053109 0.00836286 0.015338 -0.0039926 -0.000350246 0.00516933 0.00379543 0.000926394 0.00620128 0.0177208 0.0312742 0.0119399 -0.0158661 0.00674544 0.00630813 -0.00752558 -0.0138758 0.000978947 0.0127429 0.0404169 0.00118703
internal_weight=2866.02 1166.72 957.943 244.89 713.052 423.954 146.402 1699.3 1494.28 1315.86 151.104 87.2945 208.779 159.803 105.969 101.952 368.428 123.24 98.4883 38.613 59.8753 23.1625 289.099 284.765 205.021 55.5263 74.9222 30.56 9.00201 21.558
internal_count=39694 13990 10204 2498 7706 4384 1567 25704 21035 18099 2275 1310 3786 2622 1730 1694 3880 1322 931 338 593 245 3322 3292 4669 504 1132 620 168 452
cat_boundaries=0 3 7 10 14
cat_threshold=134217920 150994944 2308 23461952 536887296 2688549440 32 14680128 136314880 2688551488 2629696 66560 2147483652 32
is_linear=0
shrinkage=0.03


Tree=105
num_leaves=31
num_cat=7
split_feature=1 23 20 23 31 24 35 1 24 6 41 24 23 35 41 3 19 15 28 40 42 16 15 35 40 16 23 6 23 42
split_gain=12.546 11.4596 10.9208 15.8553 10.1025 10.0537 9.96642 16.1684 12.4665 10.0343 9.91515 9.69908 9.43475 9.63222 8.8231 11.2352 9.08124 8.69758 8.66246 9.93519 8.69914 8.58808 9.48314 8.46128 8.28503 8.2613 8.03197 7.87068 7.53128 7.06875
threshold=7.5000000000000009 0 1 2 2.5000000000000004 31.500000000000004 1.0000000180025095e-35 3.5000000000000004 206.50000000000003 0.22792207792207789 2.3597190467043729 35.500000000000007 3 100.00000000000001 0.59785165581414168 1.0226241465957318 4 26.500000000000004 0.22921747967479669 2.0057160088690726 1177.5000000000002 0.81827894327894335 -5.4999999999999991 -1.0000000180025095e-35 -0.42515883684309674 0.51526806526806546 5 0.36038961038961043 6 1149.5000000000002
decision_type=2 9 9 9 2 2 2 2 2 2 2 2 9 2 2 2 9 2 2 2 2 2 2 2 2 2 9 2 9 2
left_child=2 4 3 6 10 21 7 8 -1 -9 18 -8 13 14 15 -4 -16 23 20 -20 -2 28 -23 26 -25 -13 -14 29 -5 -3
right_child=1 27 12 5 -6 -7 11 9 -10 -11 -12 25 17 -15 16 -17 -18 -19 19 -21 -22 22 -24 24 -26 -27 -28 -29 -30 -31
leaf_value=0.040477299975052311 0.0039916553402377679 -0.010286562732117933 0.0099896341138951596 -0.0079409084204809469 -0.0030362794829217284 -0.009244537959646271 -0.0062222587598661739 0.0057880228618832604 -0.035177170304732212 0.071815328093177047 0.065985138629596804 0.00055771025693866435 0.0063920317150353489 -0.0097361174611854118 -0.0039319107504167125 0.083180783163072106 0.0053201202219932643 -0.020485369754190835 -0.011464179084594709 0.068482264847368829 0.021096299470058186 0.082700995212832515 0.015097359967970837 0.0074803463895741235 0.0010831465466439102 0.074561761371263774 -0.0094022528434981895 0.0083421982941313932 0.0091205448309471127 -0.0025398971300240633
leaf_weight=35.021668376401067 117.3995367474854 292.79520901385695 28.500898860394958 28.539405815303326 359.33726064488292 62.173870489001274 25.179594893008474 40.497915191575885 2.0765038765966883 2.183161173015832 2.4082209579646578 2.6847044192254534 35.560626620426774 137.13222030643374 389.51209100335836 2.0214560925960532 116.68669318780303 15.095654750242828 35.459701020270586 1.4564709980040778 34.660980101674795 2.5684834197163582 6.8423930481076223 304.25422776117921 454.20678575057536 2.7464976739138365 83.722912339493632 30.147731773555279 52.760015120729804 166.1811871509999
leaf_count=385 1800 5649 390 401 5311 932 328 506 23 20 35 39 513 2099 5384 17 1588 168 541 23 474 38 113 2829 5443 37 1040 217 675 2828
internal_value=-0.000466694 -0.00309807 0.00102854 0.00655989 -6.96933e-05 4.49223e-05 0.0148296 0.0217566 0.0362427 0.00916536 0.00549662 0.00162057 5.67928e-05 -0.00260163 -0.000827241 0.014837 -0.00177175 0.00206978 0.00472578 -0.00831001 0.00789052 0.00641698 0.0335482 0.00248127 0.00364936 0.0379807 -0.00494604 -0.00637605 0.00327638 -0.00748173
internal_weight=2869.81 1039.85 1829.97 263.274 550.722 152.884 110.39 79.7792 37.0982 42.6811 191.385 30.6108 1566.69 673.853 536.721 30.5224 506.199 892.84 188.977 36.9162 152.061 90.7103 9.41088 877.745 758.461 5.4312 119.284 489.124 81.2994 458.976
internal_count=39846 16878 22968 3497 8184 2159 1338 934 408 526 2873 404 19471 9478 7379 407 6972 9993 2838 564 2274 1227 151 9825 8272 76 1553 8694 1076 8477
cat_boundaries=0 3 4 7 11 12 15 17
cat_threshold=163586048 673251328 4196608 386 9052160 2114560 2684355396 32268288 18890752 2684356608 32 586 128 1024 4194628 21233792 536936448
is_linear=0
shrinkage=0.03


Tree=106
num_leaves=31
num_cat=4
split_feature=22 31 16 2 8 22 31 1 40 41 3 35 12 24 6 27 1 42 15 5 31 27 27 21 18 14 10 13 27 5
split_gain=17.1571 12.3835 20.3191 10.4941 10.6234 9.90604 9.78792 16.6352 10.246 14.0965 12.2077 7.98039 8.24141 11.2385 18.4182 11.6848 7.92619 10.5031 7.72736 12.7378 17.7413 9.07236 7.8704 7.5686 7.23981 8.98509 10.2471 6.83742 6.49354 6.33632
threshold=0 4.5000000000000009 0.15384615384615388 116.50000000000001 0.50114106696670413 1 1.5000000000000002 4.5000000000000009 -1.1608656322316746 1.7533527269299862 -1.2136487244772323 425.00000000000006 -0.98799999999999988 38.500000000000007 0.12220009955201593 0.031754032258064509 7.5000000000000009 1129.5000000000002 -5.4999999999999991 -1.7939025118283982 1.5000000000000002 1.0000000180025095e-35 0.11834733893557421 2 3 6.5000000000000009 0.079473684210526321 -0.099999999999999936 0.40833333333333338 0.99924638978279245
decision_type=9 2 2 2 2 9 2 2 2 2 2 2 2 2 2 2 2 2 2 2 2 2 2 1 1 2 2 2 2 2
left_child=3 2 6 4 18 -4 7 -2 9 -8 -10 12 13 14 -5 -15 23 -18 21 20 -20 -1 -21 -14 25 -3 -27 -23 -7 -6
right_child=1 24 5 11 29 28 8 -9 10 -11 -12 -13 16 15 -16 -17 17 -19 19 22 -22 27 -24 -25 -26 26 -28 -29 -30 -31
leaf_value=0.080008590042443636 0.099115383824172953 -0.0023069653167179403 -0.014810018230417391 0.012835904679783704 0.058773408886333062 -0.0029066240144266162 0.031197143515751605 -0.0078296337557127935 0.035431390859472021 -0.0050092238813631241 -0.010703796036574313 -0.014966271794482646 -0.00011148257753817074 0.045929486076498174 0.080021634689130053 -0.021054938767094956 -0.0058255503911767087 0.0017185813727639378 0.15321552537960859 0.0024515554577961406 0.025441462594918533 -0.00059355023662770038 0.023087547181695998 0.0047573091114780164 -0.013953926698409337 0.097875014730344267 -0.0026415792248916737 -0.03364923668217773 0.067729234970827765 0.011976025512483633
leaf_weight=1.0460641533136392 2.9075785279273978 27.604028396308426 61.582063526846468 13.800998657941824 5.9229964539408666 526.40903971437365 28.173921415582299 2.3809750359505415 6.2204380165785542 14.741973884403704 30.334898786619306 29.60169352311641 678.65346682630479 3.0549144316464654 5.0037092939019194 10.068246424198149 340.68827878404409 324.08341423422098 1.2843454144895066 58.829826265573502 4.1003854973241687 19.801304272376008 23.19068899564445 498.37177265901119 132.94655054528266 1.83116309903562 1.8199935927987096 7.8700874187052205 1.1739261504262675 4.6469504684209824
leaf_count=18 29 504 1645 256 37 9938 378 33 123 208 416 476 7162 52 77 188 4808 4112 22 898 88 302 309 5055 2488 31 21 131 17 24
internal_value=-0.000454052 -0.00403747 -0.00228564 0.00104018 0.00940566 -0.00426145 0.0114482 0.0509674 0.00881829 0.0187599 -0.0028532 0.000488812 0.000732976 0.0158444 0.0307132 -0.00546177 0.000471017 -0.0021477 0.00678473 0.0112206 0.0559176 -0.00671652 0.00828623 0.00195004 -0.0114733 0.00268417 0.0477705 -0.009995 -0.00269831 0.0381995
internal_weight=2868.15 838.127 673.925 2030.02 126.693 589.165 84.7598 5.28855 79.4712 42.9159 36.5553 1903.33 1873.72 31.9279 18.8047 13.1232 1841.8 664.772 116.123 87.4052 5.38473 28.7175 82.0205 1177.03 164.202 31.2552 3.65116 27.6714 527.583 10.5699
internal_count=39846 15831 12787 24015 1829 11600 1187 62 1125 586 539 22186 21710 573 333 240 21137 8920 1768 1317 110 451 1207 12217 3044 556 52 433 9955 61
cat_boundaries=0 4 7 8 9
cat_threshold=3777111049 373333257 131649 4 1048576 20 2147483648 2 64
is_linear=0
shrinkage=0.03


Tree=107
num_leaves=31
num_cat=9
split_feature=22 31 16 23 23 42 42 17 20 2 6 23 6 12 1 5 5 40 20 23 9 42 3 42 23 14 22 42 42 13
split_gain=16.262 11.8692 19.0425 12.341 12.1402 13.4728 17.9344 10.6444 10.6253 9.78853 10.0572 10.5089 13.1577 17.7062 9.01325 8.87765 10.0538 8.52222 8.36487 12.5696 11.5886 9.98387 9.95547 9.34785 12.6371 13.4922 11.9954 14.7572 10.5877 8.07493
threshold=0 4.5000000000000009 0.15384615384615388 1 2 1215.5000000000002 1232.5000000000002 -0.26190476190476181 3 116.50000000000001 0.14142857142857143 4 0.051956815114709808 -0.68024390243902422 7.5000000000000009 -0.18134152551607277 -1.3462731944479127 -1.3240769718527723 5 6 0.77769310233873579 992.50000000000011 4.3991634492948464 1129.5000000000002 7 -6.4999999999999991 8 1134.5000000000002 1120.5000000000002 -0.80399999999999983
decision_type=9 2 2 9 9 2 2 2 9 2 2 9 2 2 2 2 2 2 9 9 2 2 2 2 9 2 9 2 2 2
left_child=9 2 4 -4 5 14 -7 -5 -9 10 11 12 13 -1 -2 16 -6 -17 23 -20 21 -21 -22 24 25 -11 27 -25 -26 -28
right_child=1 -3 3 7 15 6 -8 8 -10 18 -12 -13 -14 -15 -16 17 -18 -19 19 20 22 -23 -24 26 28 -27 29 -29 -30 -31
leaf_value=0.10825581021717909 0.03885648611348029 -0.011258473804596852 -0.011686283681177426 -0.016996793732170661 -0.015589615149133573 0.15816865746121309 0.02022088863910668 0.011371491079550176 -0.0021126827123999115 0.059562582058184065 0.021039846475375251 -0.004632470450764834 -0.0099140229695179171 0.023339559555413919 -0.0025312828318520548 0.0063702503696273591 0.025870692122695844 -0.02363549354774196 -0.0092772809726490019 0.047720964904487621 0.0096417262087657007 -0.0023043423464097264 -0.026333008799202789 0.037571579496521769 0.0034135908917016212 -0.010245848228857768 0.021846673837757926 -0.005089154535469818 -0.012992921418899239 0.0069078929853263029
leaf_weight=2.5472331233322647 14.815918054431682 162.7348215309903 137.3787137735635 37.061961445957422 7.2813240289688137 1.7138135060667985 1.6793570127338169 51.276208254508674 361.41069188900292 2.5421577431261531 42.196011256426573 57.364310119301081 8.6790628060698491 16.691115496680144 6.9604421854019156 16.825973147526383 18.998455232009292 17.255283704027534 152.66592604666948 3.6147954836487761 131.58718013763428 535.49574294034392 7.3077190369367591 7.758618587628006 440.21712324768305 125.73416852205992 36.545152237638831 122.86488962732255 38.496306799352169 299.00772237405181
leaf_count=56 189 3044 3260 965 141 19 27 955 6420 37 410 1012 123 228 117 176 318 200 1692 47 766 6469 35 81 5776 1415 465 1365 479 3559
internal_value=-0.000444846 -0.00394115 -0.00222947 -0.00415602 0.0109954 0.0245413 0.0898952 -0.0015613 -0.000212924 0.00100747 0.00906045 0.00313324 0.0152772 0.0345828 0.0256276 0.00109917 0.0143833 -0.00882161 0.000473552 -0.00177747 2.15541e-05 -0.00196892 0.00774898 0.00221188 -0.000221246 -0.00822148 0.00542741 -0.00237354 0.00205139 0.00828789
internal_weight=2866.71 835.393 672.658 587.128 85.5306 25.1695 3.39317 449.749 412.687 2031.32 127.478 85.2817 27.9174 19.2383 21.7764 60.361 26.2798 34.0813 1903.84 830.671 678.005 539.111 138.895 1073.17 606.99 128.276 466.176 130.624 478.713 335.553
internal_count=39846 15831 12787 11600 1187 352 46 8340 7375 24015 1829 1419 407 284 306 835 459 376 22186 9009 7317 6516 801 13177 7707 1452 5470 1446 6255 4024
cat_boundaries=0 4 8 11 12 15 16 19 22 25
cat_threshold=3777111049 373333257 131649 4 19152896 2113536 68 32 17317888 2163712 4194368 130 136314880 136380416 2147486464 480 144719872 17408 2560 134610944 65536 2048 536870912 4229376 1
is_linear=0
shrinkage=0.03


Tree=108
num_leaves=31
num_cat=6
split_feature=22 10 22 6 3 16 10 3 22 27 9 15 40 16 13 12 12 32 20 37 22 22 15 24 27 41 37 16 41 10
split_gain=10.7509 11.6199 16.9519 14.261 14.1209 11.7709 13.4813 10.0732 9.98099 12.5146 9.45994 8.63115 23.2516 7.79208 7.64158 7.3013 12.6986 7.15464 6.80146 14.1119 11.2452 7.50974 7.13243 6.80568 6.47915 6.44315 7.04442 6.35499 8.93712 5.10098
threshold=0 0.037749287749287708 1 0.23205128205128203 -1.8509658094159491 0.5893365893365895 0.028174603174603106 -0.72055020792517388 2 0.20483682983682983 0.21399812544441835 -18.499999999999996 -1.342682237155864 0.81827894327894335 -0.38999999999999979 -0.63539130434782598 -0.60983870967741916 1.0000000180025095e-35 3 15.500000000000002 4 5 -11.499999999999998 16.000000000000004 0.27466150870406197 1.1541355961192543 6.5000000000000009 0.49195249195249208 1.2813555456086305 0.098780487804878067
decision_type=9 2 9 2 2 2 2 2 9 2 2 2 2 2 2 2 2 2 9 2 9 9 2 2 2 2 2 2 2 2
left_child=11 2 24 5 -5 6 -4 -6 9 29 14 12 -1 25 -11 -13 -17 -7 21 22 -21 -10 -20 -23 -2 26 -14 28 -18 -3
right_child=1 8 3 4 7 17 -8 -9 18 10 -12 15 13 -15 -16 16 27 -19 19 20 -22 23 -24 -25 -26 -27 -28 -29 -30 -31
leaf_value=0.14705032530195031 -0.0026434919249410634 -0.012587280220373653 0.016352580297528712 0.12436815013897461 -0.032594453694875312 -0.01339937841683473 0.11745102576629698 0.043647604719338699 -0.0033519960463835718 0.030602797043885684 -0.0031158013256293218 -0.015482333167591521 -0.031849614654406812 0.094896580025463612 0.14932593375122949 0.093737068377631863 0.021470686340198157 0.012841487245981616 -0.0078731176757873989 0.0012657221359094807 -0.01224547657167873 0.0080320295381338756 0.0011014264423289128 0.0014662282206840125 0.068259002363675089 -0.031375743499216555 0.091122899246274702 -0.011678777429140235 -0.0055439499215819308 0.0051012563282618406
leaf_weight=1.1691094450652597 126.5468478128314 115.13098725862801 72.217914316803217 1.6982127949595458 1.8425121158361424 22.451597427949309 1.2069340236484993 10.158133316785094 229.21063776314259 0.96068548411130905 1.9012521356344221 80.715869262814522 0.73464040923863538 0.71387234702706326 0.99151029065251284 1.1942886374890793 16.127900321036577 16.026586403138936 89.755732091143727 86.036939557641745 165.11596073769033 172.1099059060216 711.34757728874683 814.36430529132485 1.1706749964505423 3.9448420088738203 0.97655266337096691 55.283122281543911 34.810257960110903 16.815864263102412
leaf_count=22 2426 2619 1326 20 30 506 26 101 3250 21 23 2412 21 24 19 29 326 394 938 949 2369 1989 7341 9916 15 116 25 1454 713 308
internal_value=-0.000436164 7.66132e-05 0.00618816 0.0134379 0.0433997 0.0109709 0.0180144 0.0319418 -0.000567137 -0.00817467 0.0445144 -0.00704326 0.0240718 0.00150081 0.0909017 -0.00866452 -0.00354138 -0.00246977 -7.52346e-05 -0.00183193 -0.00805415 0.00144785 9.59172e-05 0.00258555 -0.00184883 -0.0102871 0.038329 -0.00463512 0.00300935 -0.010333
internal_weight=2852.73 2657.06 253.319 125.602 13.6989 111.903 73.4248 12.0006 2403.74 135.8 3.85345 195.67 7.53902 6.36991 1.9522 188.131 107.416 38.4782 2267.94 1052.26 251.153 1215.68 801.103 986.474 127.718 5.65604 1.71119 106.221 50.9382 131.947
internal_count=39728 34586 4844 2403 151 2252 1352 131 29742 2990 63 5142 208 186 40 4934 2522 900 26752 11597 3318 15155 8279 11905 2441 162 46 2493 1039 2927
cat_boundaries=0 3 7 10 11 15 18
cat_threshold=68157984 16842772 4100 1073874048 905988609 2165319168 4 1032 1073778696 6291520 160 2684354690 268437760 512 4 2097154 1280 1
is_linear=0
shrinkage=0.03


Tree=109
num_leaves=31
num_cat=9
split_feature=22 10 22 23 6 23 26 26 22 17 28 10 40 23 5 23 3 22 40 11 3 12 17 5 41 23 12 24 26 11
split_gain=10.1932 10.8761 15.9638 13.0929 12.1648 14.578 11.5278 9.56291 9.46831 9.32575 10.7575 10.2215 8.53085 8.49515 9.14716 8.19024 10.0993 8.81437 7.87743 16.0141 8.74761 7.58013 7.5772 8.34488 7.56721 6.01235 10.0303 8.85267 8.07991 9.15226
threshold=0 0.037749287749287708 1 2 0.23205128205128203 3 0.043961352657004807 0.082482993197278864 4 0.47356578606578609 0.91076254826254832 0.098780487804878067 -1.2864313048309377 5 0.99924638978279245 6 4.3991634492948464 7 1.4058154646200105 0.17902930402930403 1.7565240835057507 -0.64342857142857135 -0.37695360195360189 -2.1511009209087093 1.277711945455702 8 -0.60328205128205115 21.500000000000004 0.084219858156028365 0.19782608695652179
decision_type=9 2 9 9 2 9 2 2 9 2 2 2 2 9 2 9 2 9 2 2 2 2 2 2 2 9 2 2 2 2
left_child=21 2 3 22 5 6 -4 24 9 13 11 -11 -7 14 -3 16 17 -10 20 -20 -17 -1 -2 -24 -6 28 27 -27 29 -23
right_child=1 8 4 -5 7 12 -8 -9 15 10 -12 -13 -14 -15 -16 18 -18 -19 19 -21 -22 25 23 -25 -26 26 -28 -29 -30 -31
leaf_value=-0.014284054943134734 -0.022872615831575894 0.00037926807043888816 0.035634708151388403 -0.011179281226801318 0.024209740253303601 0.027992299474137301 0.0089830956084896423 0.0049402942427772172 -0.00091450507682215489 -0.018576084664064157 0.090583417703663113 0.075834792116790797 -0.0065923083979403342 -0.014662034169782567 0.081300876419921883 -0.0036729469338522462 -0.020414910561864227 0.0039684633889745802 0.0047983120329317544 0.086342986228304136 0.012085797421672994 0.0093141191281628476 0.071107237533856019 0.0090542706110167941 0.080855994708560475 -0.0037625702216892245 -0.011744159052241503 0.12119790878627416 -0.016648177812807082 0.094356485296303028
leaf_weight=80.466044169850647 6.538502510637044 36.937107620760798 30.507563990540802 59.917400012724102 3.4684325121343118 7.4053699206560841 28.023154990747571 4.4231428951025 614.59448214247823 4.247661978006362 1.6960704587399957 1.3633430469781158 48.193561437539756 89.209370352327824 1.3014837242662896 817.91851389594376 18.79419743642211 713.39995621703565 67.787300184369087 2.2390607688575974 32.980477053672075 41.542837223038077 2.0176124200224868 58.603928105905652 5.4692462999373674 1.0693539492785924 57.608943751081824 0.97586538270115841 11.537367701530455 1.1710433866828669
leaf_count=2456 132 769 668 1140 38 134 495 44 7439 71 24 16 1104 2096 14 10204 113 7706 1036 25 229 1043 41 980 68 24 1338 20 240 21
internal_value=-0.000425998 7.18591e-05 0.00596853 -0.00187555 0.0129208 0.0107636 0.0195367 0.0410186 -0.000552659 -0.00799054 0.0243763 0.00436355 -0.00168316 -0.0104732 0.00248392 -7.5108e-05 0.00141209 0.00173163 -0.00224184 0.00740567 -0.00306214 -0.00688132 0.00679795 0.0111195 0.0588734 -0.00225595 -0.00807302 0.0558616 0.0047525 0.0116456
internal_weight=2851.41 2657.04 254.568 127.077 127.49 114.13 58.5307 13.3608 2402.47 134.755 7.30708 5.61101 55.5989 127.448 38.2386 2267.71 1346.79 1327.99 920.925 70.0264 850.899 194.371 67.16 60.6215 8.93768 113.905 59.6542 2.04522 54.2512 42.7139
internal_count=39728 34586 4844 2293 2551 2401 1163 150 29742 2990 111 87 1238 2879 783 26752 15258 15145 11494 1061 10433 5142 1153 1021 106 2686 1382 44 1304 1064
cat_boundaries=0 3 6 9 12 15 18 21 24 27
cat_threshold=68157984 16842772 4100 1073873024 910182913 2165319168 161480832 18940928 2147483972 159408128 538984448 2688549632 1032 1073778696 6291520 17170496 0 768 8519744 153158656 2684357444 538968066 33573889 2147508225 19546240 690044928 536870912
is_linear=0
shrinkage=0.03


Tree=110
num_leaves=31
num_cat=6
split_feature=16 22 17 12 16 22 22 18 22 17 24 15 24 28 22 28 17 11 37 17 24 2 12 5 7 9 9 16 1 27
split_gain=10.1237 19.8362 15.48 16.6462 19.3488 15.4007 11.6862 11.5454 13.0065 10.9423 11.2224 10.6752 14.2683 10.9699 9.79517 9.44511 9.39765 9.31996 9.10415 9.04345 12.4232 15.8458 11.4216 16.2352 11.5128 10.4028 10.3602 13.626 8.91151 8.77652
threshold=0.50776353276353292 0 0.3388278388278389 -0.89549999999999985 0.6736985236985239 1 2 3 4 0.027777777777777752 16.000000000000004 1.5000000000000002 84.500000000000014 -0.071240601503759382 5 0.33366666666666672 -0.055555555555555546 0.15849282296650716 19.500000000000004 -0.34060384060384047 90.500000000000014 130.50000000000003 -0.98799999999999988 0.13738265268902758 0.31866537717601556 0.11852368607264221 0.16450048928620298 0.10402421652421652 3.5000000000000004 0.11483516483516476
decision_type=2 9 2 2 2 9 9 1 9 2 2 2 2 2 9 2 2 2 2 2 2 2 2 2 2 2 2 2 2 2
left_child=5 -2 11 4 -4 7 17 8 9 10 -1 14 -13 -14 16 -16 -3 -5 -6 20 25 28 23 -21 -25 -7 27 -24 -22 -27
right_child=1 2 3 6 18 19 -8 -9 -10 -11 -12 12 13 -15 15 -17 -18 -19 -20 22 21 -23 26 24 -26 29 -28 -29 -30 -31
leaf_value=0.032893767082070764 -0.014691757549366862 -0.014182114072318392 -0.034133954826583143 0.0031869262113252694 0.076398511582763381 -0.01419411885322285 -0.0065277177095666794 -0.0069678617827638907 -0.0074033342364121105 -0.0050580871950257188 0.0077149167046794767 -0.0099417204237143997 0.026340997331429489 -0.010892554637022656 -0.0018157768272709133 -0.017935172347019423 0.0087200287357374565 0.018610540759475862 0.0067853735744251116 0.0062853878510924516 0.053146105117735695 0.094407523664797946 0.050070334990071901 0.020752761725281291 0.084714805397229614 -0.003591373666462329 0.0018233680645747975 0.0078815824781052323 -0.010392074234586266 0.028018241242037525
leaf_weight=18.911206321790814 98.841907608322799 18.49843193218112 2.5638571456074706 277.04132614471018 6.8387944158166629 72.563707983121276 95.857425650581717 287.50661074090749 84.00395536608994 49.69140730984509 101.11126767657697 296.65973228402436 18.230184786953036 11.687204364687203 212.61338001023978 38.664832813665271 125.69928282871842 40.402312662452459 2.2461745589971542 18.670688267797235 2.7784537896513921 2.3560851998627177 7.108818855136632 4.9548756964504701 5.1808569766581059 29.922380361706018 678.20494690723717 223.82664827257395 6.9713560733944178 10.743985140696166
leaf_count=248 2825 464 30 2543 102 1591 1172 4088 1388 452 1416 4890 346 181 3767 683 1784 307 37 389 46 39 83 64 50 488 6316 3633 153 153
internal_value=-0.000416934 -0.00244592 -0.00125165 0.00328042 0.0386477 0.00115851 0.00228359 -0.00293555 0.00172472 0.00640341 0.0116822 -0.00393624 -0.00795037 0.0117957 -0.00062144 -0.00413168 0.00540705 0.00499267 0.0591873 0.00323957 -0.00429855 0.0245871 0.00428142 0.0228795 0.0534468 -0.00738684 0.00369213 0.00918027 0.00771473 0.00475983
internal_weight=2850.35 1245.84 1147 424.95 11.6488 1604.51 413.301 541.224 253.718 169.714 120.022 722.053 326.577 29.9174 395.476 251.278 144.198 317.444 9.08497 1063.28 125.336 12.1059 937.947 28.8064 10.1357 113.23 909.14 230.935 9.74981 40.6664
internal_count=39728 19131 16306 4191 169 20597 4022 7592 3504 2116 1664 12115 5417 527 6698 4450 2248 2850 139 13005 2470 238 10535 503 114 2232 10032 3716 199 641
cat_boundaries=0 3 6 10 11 14 18
cat_threshold=131072 1090584604 2147483652 87295520 37863445 5255232 2149589131 574621696 8256 4 73 512 37765121 8256 1074004992 369148163 17825856 4
is_linear=0
shrinkage=0.03


Tree=111
num_leaves=31
num_cat=6
split_feature=17 22 20 23 22 23 12 5 4 27 24 23 5 40 40 40 28 24 15 4 16 31 40 15 5 37 4 28 2 5
split_gain=13.7257 14.0699 16.1265 16.0698 12.5777 12.166 10.886 10.8267 10.0454 15.2715 11.1582 9.84949 13.3448 10.8756 11.9896 10.192 10.1392 13.8335 10.9294 9.76248 17.1534 9.68667 8.68651 8.62503 8.51858 8.51131 11.9123 9.58961 8.43047 9.34316
threshold=0.50036075036075056 0 1 2 3 4 0.91700000000000015 0.5717008874535775 -0.048545213630825194 0.19782608695652179 12.000000000000002 5 0.63207458001117234 -1.4655483074067788 -1.8316288936220908 0.43932793308412349 0.049999999999999954 9.0000000000000018 -5.4999999999999991 -1.9711725041079193 0.36711621711621717 1.5000000000000002 -1.9766829538224389 33.500000000000007 -0.15721029527448574 5.5000000000000009 0.09528030353690127 -0.51530100334448148 117.50000000000001 0.48185043711642167
decision_type=2 9 9 9 9 9 2 2 2 2 2 9 2 2 2 2 2 2 2 2 2 2 2 2 2 2 2 2 2 2
left_child=1 11 3 8 7 -4 -6 28 9 -3 -10 16 -13 14 -14 -15 17 18 -1 20 -5 24 -23 -19 -18 26 27 -9 -2 -30
right_child=4 2 5 19 6 -7 -8 25 10 -11 -12 12 13 15 -16 -17 21 23 -20 -21 -22 22 -24 -25 -26 -27 -28 -29 29 -31
leaf_value=0.076742469676407368 0.061323895649866532 -0.0011089664391040921 -0.0010874658900016285 0.0822502998173366 -0.0077881288585251182 -0.0069445416110570021 0.068183429869897852 0.042994090732599279 0.069237788934267297 0.091212646344166648 0.018063285056917497 0.0019776658802675238 0.0066752808086546983 0.005294391671721143 0.05359965579544123 0.030677720001218729 0.037979616548863136 -0.00051860387269634463 0.0046394698893963606 -0.0076467037168427088 -0.0025093303210374381 0.032058382885552558 -0.015478295511737078 0.054361574387723051 -0.0093126513468212522 -0.01081725389737092 0.051057889465391297 -0.015230203729095674 0.016341464072573232 0.058964577560767201
leaf_weight=3.7917635440826416 5.0724306069314471 40.881210199557245 680.44216489605606 3.1056429576128703 45.821986451745033 614.98024053685367 1.7628034204244603 3.5197464153170595 4.0968032591044894 1.6787838097661723 59.931612908840179 573.48944233357906 8.7595033943653124 99.70122005045414 11.124162599444388 16.608111418783665 6.6264778692275286 405.46285707131028 3.7764515895396462 83.724480248056352 6.975433693267405 3.6054405551403752 85.547140030190349 2.593831254169344 7.101599929854272 18.6261304654181 6.4005137681961051 9.2011068798601627 44.895298942923546 5.1606026813387862
leaf_count=57 37 751 9506 48 511 10445 21 21 66 21 949 7468 58 687 72 135 99 5288 56 1456 132 42 1170 31 85 132 34 53 376 35
internal_value=-0.000254141 -0.000725704 -0.00266919 0.0050939 0.00889105 -0.00389991 -0.00411 0.0144399 0.0126428 0.00253267 0.0213376 0.00164958 0.00392708 0.0124241 0.0329277 0.00891894 -0.00148298 0.000575616 0.0407639 -0.00387532 0.0236023 -0.00994359 -0.0135559 -0.000169755 0.0135151 0.00361631 0.0176761 0.000879938 0.0244703 0.0207358
internal_weight=2864.46 2724 1495.82 200.394 140.461 1295.42 47.5848 92.8758 106.588 42.56 64.0284 1228.19 709.682 136.193 19.8837 116.309 518.506 415.625 7.56822 93.8056 10.0811 102.881 89.1526 408.057 13.7281 37.7475 19.1214 12.7209 55.1283 50.0559
internal_count=39842 38622 23374 3423 1220 19951 532 688 1787 772 1015 15248 8420 952 130 822 6828 5432 113 1636 180 1396 1212 5319 184 240 108 74 448 411
cat_boundaries=0 4 5 9 13 16 20
cat_threshold=587204227 889292033 2684502528 4 448 8912960 153108480 2688549636 32 2236424 541083648 64 4 155459776 671089664 536871684 157819072 536887296 536873472 32
is_linear=0
shrinkage=0.03


Tree=112
num_leaves=31
num_cat=5
split_feature=22 17 22 13 5 22 1 2 2 2 13 37 21 2 22 5 0 31 42 28 17 2 28 26 37 6 4 13 24 15
split_gain=13.1642 13.0523 9.96727 11.6845 10.6371 9.63937 11.2819 8.89842 8.575 10.8424 8.57487 7.86654 7.69358 11.1549 9.35657 5.59699 5.30994 13.9689 7.27793 7.98042 6.96053 6.03864 5.71354 7.99024 5.12797 11.0653 5.2748 5.10447 7.9023 6.86292
threshold=0 0.50036075036075056 1 1.0312173913043483 0.58284201694849669 2 1.5000000000000002 117.50000000000001 131.50000000000003 116.50000000000001 1.5690000000000004 5.5000000000000009 3 118.50000000000001 4 -2.1511009209087093 1100.0000000000002 2.5000000000000004 1162.5000000000002 -0.434 0.071428571428571355 119.50000000000001 -0.10392307692307688 0.041241496598639411 24.500000000000004 0.054804804804804756 0.37457229112815627 -0.92499999999999993 17.500000000000004 1.5000000000000002
decision_type=9 2 9 2 2 9 2 2 2 2 2 2 1 2 9 2 2 2 2 2 2 2 2 2 2 2 2 2 2 2
left_child=16 5 3 4 7 15 12 -3 9 -8 -10 -6 14 -14 -7 -2 17 18 19 -1 22 -22 -19 -24 26 -26 -17 28 29 -18
right_child=1 2 -4 -5 11 6 8 -9 10 -11 -12 -13 13 -15 -16 24 27 20 -20 -21 21 -23 23 -25 25 -27 -28 -29 -30 -31
leaf_value=-0.031276130319478859 -0.014094440985959415 0.062861492083939055 -0.003076938143860973 -0.037969799538845259 0.018850470236843525 -0.0070957034504575515 0.0045619658072934719 0.021823464626046705 0.0025373013624550643 -0.0044103273971552231 0.053484484578558381 -0.0094250426029488781 0.039083342381837818 0.0077188146336711174 0.010676324967124187 0.0013710761435124224 0.14321492617884632 -0.03114679266902725 0.16988953016732916 0.12171556733383326 0.1044825455487772 -0.0030091208537334426 0.087658011257992594 -0.016655905109385864 0.016343694191714025 -0.0085716027328310695 0.0062645783784469056 -0.015899006119626389 -0.0060405716930091715 0.010445353157177224
leaf_weight=0.64162827748805273 19.001752631738782 5.2612689658999434 45.618166184052825 3.5554535575211039 17.655982315540314 56.730910129845142 135.63592200353742 49.453010847792029 189.42698695324361 1140.2023841300979 3.0206500235944977 17.765722464770079 12.356747688725589 58.618821484968066 34.401697980239987 559.25379194319248 0.68176023848354705 6.8052984578534934 0.59238831885159005 0.58811824582517047 0.87716441228985687 1.0142146013677118 1.0024478696286689 1.9395193848758934 19.741239601746202 85.62340228818357 307.11693841405213 83.126138189807534 4.761872791685164 0.72090096399188042
leaf_count=23 290 37 499 27 99 629 2178 398 2644 17564 39 127 147 675 538 6110 18 236 14 17 23 22 23 45 252 1193 3140 2649 163 23
internal_value=-0.000248592 0.000162102 0.00911075 0.0138907 0.0174775 -0.000312888 -0.00172626 0.0257696 -0.00256606 -0.00345647 0.00333697 0.00466891 0.00577364 0.0131793 5.9716e-06 0.00201015 -0.0102958 0.00626691 0.0835043 0.0418912 -0.0058253 0.0468423 -0.016045 0.0188881 0.00234575 -0.00390344 0.00310576 -0.0139457 0.0123941 0.0749777
internal_weight=2863.19 2760.44 139.31 93.6914 90.136 2621.13 1630.39 54.7143 1468.29 1275.84 192.448 35.4217 162.108 70.9756 91.1326 990.737 102.751 13.4608 1.82213 1.22975 11.6386 1.89138 9.74727 2.94197 971.735 105.365 866.371 89.2907 6.16453 1.40266
internal_count=39842 36586 1187 688 661 35399 24414 435 22425 19742 2683 226 1989 822 1167 10985 3256 403 54 40 349 45 304 68 10695 1445 9250 2853 204 41
cat_boundaries=0 3 7 11 12 15
cat_threshold=68419616 1073741852 7344128 2236424 541083648 64 4 587203075 335578369 2147631616 4 2 2097280 574621696 5
is_linear=0
shrinkage=0.03


Tree=113
num_leaves=31
num_cat=6
split_feature=22 17 41 12 22 1 23 12 23 31 7 24 23 28 16 26 17 16 14 8 23 0 31 17 6 17 4 28 3 41
split_gain=13.0314 12.3063 11.3707 11.3748 9.3159 12.6419 11.0953 11.3784 10.9801 9.85473 16.0872 9.59434 8.76041 8.6587 8.47751 11.9731 11.8553 8.16711 7.83638 7.55667 7.21694 6.81721 11.0736 6.67415 6.59167 6.37808 6.18162 5.87087 7.45381 13.5169
threshold=0 0.51617826617826634 1.9031235396674873 0.7290000000000002 1 1.5000000000000002 2 -0.8693749999999999 3 1.0000000180025095e-35 0.49390243902439029 9.0000000000000018 4 -0.39399999999999996 0.48436285936285933 0.11834733893557421 -0.055555555555555546 0.88484848484848488 -13.499999999999998 0.22232277351560889 5 1100.0000000000002 2.5000000000000004 0.071428571428571355 0.065942028985507203 0.13095238095238096 -4.3518564901218877 0.056980519480519458 -0.0096760707222338493 1.4137172866919892
decision_type=9 2 2 2 9 2 9 2 9 2 2 2 9 2 2 2 2 2 2 2 9 2 2 2 2 2 2 2 2 2
left_child=20 4 3 12 5 6 7 -2 9 10 -6 -11 -3 -4 15 -7 -16 25 -8 -5 27 22 -22 -24 -14 -10 -23 28 -1 -30
right_child=1 2 13 19 8 14 18 -9 17 11 -12 -13 24 -15 16 -17 -18 -19 -20 -21 21 26 23 -25 -26 -27 -28 -29 29 -31
leaf_value=-0.001830629725698031 0.04458790637111297 -0.0066166715310052174 0.063474782884077721 0.087953627299292236 0.011364793754320467 0.0030295023113330586 0.078162721920302103 -0.0065305456099405959 0.0022425972923810424 0.028860359553156082 0.11676576827326934 -0.0030472138629018034 0.025534278422181568 0.016960822364955129 -0.016958269331892182 -0.0054570377642216986 -0.0038737097219709474 -0.01667520972390182 0.013765426975976169 0.011972056581201235 0.078148302869800249 0.053443867948101451 -0.01671342837379907 0.05452602038925014 0.0050687235864515989 0.0081778802214615247 -0.020322108932209641 -0.014669677363623396 0.084587172341619526 -0.0025768621376168269
leaf_weight=7.1817360538989314 4.1830938905477515 40.521269343793392 5.4738538675010231 2.4523696191608897 20.466656062752012 372.3540581073612 1.7409407161176194 62.061367006972432 396.12917237170041 8.6294729728251678 1.3919000141322602 494.44820464961231 20.054240703582764 10.532236218452452 69.816996451467276 250.12348686158657 580.47554167732596 16.506743168458343 73.540707904845476 2.2670308090746403 1.631556088104843 1.0374143086373795 8.1834877021610719 1.3837040923535813 48.225329471752048 276.81736736558378 70.771525150164962 6.9897922547534099 3.3292900826781997 3.0847980938851833
leaf_count=271 64 362 43 25 280 5658 14 703 4875 129 15 6444 176 73 1906 2343 9223 281 916 18 42 23 256 35 385 2621 2323 178 80 80
internal_value=-0.000242134 0.000168225 0.00919621 0.00585856 -0.000275981 -0.00192364 0.00656852 -0.00286944 0.0016452 -0.00161237 0.0180765 -0.00249989 0.00388075 0.0328679 -0.00288305 -0.000380553 -0.0052785 0.00411305 0.0134659 0.0514548 -0.0101998 -0.0141559 0.00590933 -0.00641006 0.00966423 0.00468408 -0.0192564 0.00516521 0.0191617 0.0426664
internal_weight=2861.81 2758.21 129.526 113.52 2628.69 1414.3 141.526 66.2445 1214.39 524.936 21.8586 503.078 108.801 16.0061 1272.77 622.478 650.293 689.453 75.2816 4.7194 103.593 83.0077 11.1987 9.56719 68.2796 672.947 71.8089 20.5856 13.5958 6.41409
internal_count=39842 36554 1082 966 35472 20827 1697 767 14645 6868 295 6573 923 116 19130 8001 11129 7777 930 43 3288 2679 333 291 561 7496 2346 609 431 160
cat_boundaries=0 3 6 9 13 16 19
cat_threshold=68419616 1073745948 7344128 3223462920 54544898 50339909 162005056 553713664 768 153362624 553664512 536873472 32 8781952 136331264 2151680256 134348928 134234112 2147483648
is_linear=0
shrinkage=0.03


Tree=114
num_leaves=31
num_cat=8
split_feature=27 22 3 23 7 23 22 16 16 23 23 28 15 16 16 17 1 12 40 41 23 40 23 15 6 13 3 16 13 27
split_gain=9.24691 14.4782 11.9526 14.6026 16.015 11.3547 10.858 10.8123 9.90071 13.0713 12.6827 10.6472 10.5675 10.4684 9.90597 9.56964 10.7802 14.9762 12.3077 9.54049 9.23459 9.02213 9.83351 15.3595 8.59342 11.7288 16.2515 11.005 8.75605 8.53332
threshold=0.080540540540540509 0 0.8217261739514744 1 0.21807065217391303 2 3 0.73091491841491851 0.57115384615384623 4 5 -0.32806249999999987 -1.0000000180025095e-35 0.11655011655011656 0.5641219891219893 0.091269841269841265 10.500000000000002 -0.89549999999999985 -0.63754905519673721 0.98881020121219676 6 0.058176730527081354 7 5.5000000000000009 0.11237373737373736 -0.60099999999999965 -3.9402355413132155 0.4762071262071263 1.1770000000000003 0.050641025641025607
decision_type=2 9 2 9 2 9 9 2 2 9 9 2 2 2 2 2 2 2 2 2 9 2 9 2 2 2 2 2 2 2
left_child=6 5 -3 4 7 24 8 -4 10 29 12 14 13 -1 -12 21 17 18 -17 -14 -19 22 23 -8 25 27 -27 -2 -26 -10
right_child=1 2 3 -5 -6 -7 15 -9 9 -11 11 -13 19 -15 -16 16 -18 20 -20 -21 -22 -23 -24 -25 28 26 -28 -29 -30 -31
leaf_value=-0.018044488282701294 0.038458642919856546 -0.0037149555807796655 0.055856251381550835 -0.0047045152367196415 0.0093051668137762687 0.00087011237593760053 -0.0027126811430594282 -0.011467324133132588 0.015851809359718732 -0.0074602921853514767 0.0055777202360083999 -0.0024536208302751491 -0.023207910425927028 0.037576371223462808 0.062945424386806503 0.090416597779054239 -0.011237484428024228 0.0096971804199188268 0.019135998745002575 0.013699260667227358 -0.0029977116113477677 -0.015374385464716518 -0.0072726553343553562 0.030212899839680809 0.0018596889489678489 0.090282469401609014 0.0072657874673813707 0.012247436103879652 0.054094481854302337 -0.0015863400340890479
leaf_weight=3.4788925070315626 26.855122949928045 453.98816952761263 12.451253809034823 58.425294227898121 54.806450627744198 313.98418670985848 47.203430046327412 2.5943002086132756 42.983499359339476 215.30196867603809 219.4344882266596 288.19638612866402 7.7683540824800721 24.441566070541739 2.7428331244736901 2.6546339765191087 63.001837881281972 63.083091720938683 12.19620391912758 33.432427480816841 166.0230737645179 93.344452357850969 253.72467714641243 17.470601600594819 125.461491253227 2.1535895820707074 146.01662866119295 31.125267634168267 2.9562789723277083 61.236031198874116
leaf_count=36 306 6686 118 459 403 4176 828 29 634 3010 2843 3150 94 292 33 36 1087 865 243 412 2183 2515 4572 305 1167 29 1888 470 28 875
internal_value=8.11539e-05 0.00204074 -0.00140602 0.00665594 0.0147237 0.00507858 -0.00140977 0.0442477 0.000798927 -0.00343199 0.00314555 0.00132495 0.0143244 0.030646 0.00628594 -0.0041263 -0.000174418 0.00268262 0.0318776 0.00674046 0.000790173 -0.00717268 -0.0047682 0.0053538 0.00888825 0.0129487 0.0084724 0.0243878 0.00306218 0.00511493
internal_weight=2848.54 1230.82 582.265 128.277 69.852 648.553 1617.72 15.0456 899.016 319.521 579.495 510.374 69.1212 27.9205 222.177 718.702 306.959 243.957 14.8508 41.2008 229.106 411.743 318.399 64.674 334.568 206.151 148.17 57.9804 128.418 104.22
internal_count=39772 15759 7695 1009 550 8064 24013 147 11379 4519 6860 6026 834 328 2876 12634 4414 3327 279 506 3048 8220 5705 1133 3888 2693 1917 776 1195 1509
cat_boundaries=0 4 8 11 15 18 21 24 28
cat_threshold=3825607171 536985864 4325441 4 25698432 2162688 2151678720 32 134627328 153093120 536871748 539239072 322982147 2720006660 4 4726976 538968064 68 16384 536870912 536871680 131264 16777216 2147486208 8396800 81920 0 32
is_linear=0
shrinkage=0.03


Tree=115
num_leaves=31
num_cat=6
split_feature=20 22 22 14 27 15 41 16 12 2 9 30 15 40 41 2 9 28 42 5 14 26 16 33 15 1 14 22 2 11
split_gain=11.9978 15.176 12.4901 12.925 9.5767 12.4633 15.9223 9.51487 9.09598 8.16499 9.13098 11.6619 7.97912 12.0685 8.2735 7.93805 7.95558 7.71014 7.69768 9.70805 9.22141 8.38007 13.5959 17.4515 9.77488 7.16077 11.1316 11.7713 10.2279 14.2407
threshold=0 1 2 -2.4999999999999996 0.17974358974358975 1.0000000180025095e-35 1.3157080489267921 0.79086191586191601 -0.73899999999999977 131.50000000000003 0.60445907134250731 3 16.500000000000004 1.2857824761429895 1.9696552106729659 119.50000000000001 0.69822874546007829 0.040212765957446758 1129.5000000000002 -0.2367561605648997 -11.499999999999998 0.059411764705882351 0.50009712509712523 4 -3.4999999999999996 10.500000000000002 -1.0000000180025095e-35 5 116.50000000000001 0.079473684210526321
decision_type=9 9 9 2 2 2 2 2 2 2 2 1 2 2 2 2 2 2 2 2 2 2 2 1 2 2 2 9 2 2
left_child=2 4 18 15 -2 -6 -7 9 17 -3 -11 -12 14 -14 -10 16 -4 -9 19 20 -1 22 23 -20 -24 28 -27 -28 29 -5
right_child=1 7 3 25 5 6 -8 8 12 10 11 -13 13 -15 -16 -17 -18 -19 21 -21 -22 -23 24 -25 -26 26 27 -29 -30 -31
leaf_value=0.059909260961726142 -0.010049855815765434 0.0017869651963266055 -0.0034625722910093196 -0.00011698260952094472 -0.011836572473980227 0.091085193319693919 0.0045551210209482393 0.026702242076802281 -0.0193732977854181 -0.014096224183949898 0.020075830861108923 -0.010904323563616754 -0.015501114066883639 0.077343169354563063 0.018197726285997109 -0.012148033297868448 0.02439885904322665 -0.033174500204287936 0.072438803768463733 0.0061455280367995434 -0.0061978933391178643 0.0059063380918577234 0.027186192134869988 0.020186909669495025 -0.011913830927342226 -0.017781840391222561 0.0089636078356496538 -0.0095300956209548159 0.0017651990403710282 0.034477616188679942
leaf_weight=1.9336875602602948 254.72209564875811 727.89774882700294 85.140283029526472 21.810540338046849 8.3218002077192086 3.2961036115884772 4.5639011282473803 9.5275776125490648 64.361109897494316 65.52310161665082 20.539546113461256 23.387640040367842 3.109139919281005 2.1186762638390064 5.7459834758192292 114.93416950199753 10.34442016109824 2.4288986530154935 6.791939876973629 200.02284305170178 106.10692296177149 183.27404842339456 8.5601950343698281 37.595804296433926 17.55606933683157 41.455189461819828 57.630546700209379 47.208348854444921 691.38088478334248 21.040040330961347
leaf_count=35 4672 8463 1723 405 131 40 61 188 903 813 132 142 42 27 85 2215 78 45 99 2189 1923 1860 180 578 355 863 858 898 9445 324
internal_value=7.62327e-05 -0.002203 0.00172779 -0.000155766 -0.00832102 0.0137509 0.0408416 -0.000340667 -0.00976984 0.000638231 -0.00700141 0.00358143 -0.0136279 0.0221259 -0.016294 -0.00683701 -0.000444179 0.0145386 0.00532391 0.00223153 -0.00501472 0.00928757 0.018077 0.0281822 0.000902084 0.00143908 -0.00462177 0.000581966 0.00264669 0.0168693
internal_weight=2848.33 1195.54 1652.79 1090.94 270.904 16.1818 7.86 924.639 87.2914 837.348 109.45 43.9272 75.3349 5.22782 70.1071 210.419 95.4847 11.9565 561.842 308.063 108.041 253.778 70.504 44.3877 26.1163 880.526 146.294 104.839 734.231 42.8506
internal_count=39772 15744 24028 16809 4904 232 101 10840 1290 9550 1087 274 1057 69 988 4016 1801 233 7219 4147 1958 3072 1212 677 535 12793 2619 1756 10174 729
cat_boundaries=0 1 4 8 9 10 13
cat_threshold=1506 3222675969 385877020 24580 3758498304 50397184 131076 4 4 2 2097288 67127305 4202496
is_linear=0
shrinkage=0.03


Tree=116
num_leaves=31
num_cat=6
split_feature=20 37 16 12 17 23 23 23 27 40 16 12 15 4 41 5 5 23 17 16 24 10 16 7 40 23 14 9 7 4
split_gain=11.2945 10.0753 10.9523 16.1578 10.5426 9.56701 9.49979 9.16973 10.0471 9.34315 9.07881 13.1843 9.02217 8.62068 7.95366 7.6254 7.14212 13.1655 12.4473 14.0191 11.2831 10.1285 9.52512 12.7529 9.90633 8.16 20.0261 7.03956 8.51048 7.96094
threshold=0 23.500000000000004 0.030303030303030356 -0.40599999999999992 0.055555555555555559 1 2 3 0.13423423423423422 -0.97796336309932386 0.79086191586191601 -0.88793939393939392 4.5000000000000009 1.561732097384934 1.1323681814929283 1.1857131092603421 -0.016290627135674595 4 0.27676397676397679 0.20716783216783211 69.500000000000014 0.084219858156028365 0.54290986790986806 0.078461538461538458 -1.9211901036910721 5 9.5000000000000018 0.48149578224994127 0.33666666666666673 0.33077497957747259
decision_type=9 2 2 2 2 9 9 9 2 2 2 2 2 2 2 2 2 9 2 2 2 2 2 2 2 9 2 2 2 2
left_child=5 4 3 -3 7 16 -6 9 14 -2 13 -12 -10 -8 -9 -7 17 -1 19 -19 -20 22 24 -24 -18 -23 -27 -4 29 -29
right_child=1 2 27 -5 6 15 10 8 12 -11 11 -13 -14 -15 -16 -17 21 18 20 -21 -22 25 23 -25 -26 26 -28 28 -30 -31
leaf_value=-0.004707176294149587 -0.00040926310847378463 0.078794813820143556 -0.017700132354780629 -0.022235954335643023 -0.0060029813121816877 -0.001636468434974425 0.0067453860804768048 0.0061182087058349677 0.0032282023640750842 -0.01296447052986259 0.041554285470054582 -0.0095786542674152434 0.032716038671525331 -0.0063743542740580094 -0.0069030914285406093 0.017668750313777397 -0.021376937379687599 0.021005938047049689 0.028082853049455726 -0.0013569359582440766 -0.021222148238837429 -0.0041458591594910393 -0.023711658754892666 0.0073244753912646253 0.016056359911306869 0.0037642187894522897 0.04726103744587503 0.0014350980174033484 -0.010284370837872783 0.06527262058064541
leaf_weight=205.13488154392689 79.102855929173529 2.9252313878387213 76.705295464023948 2.7773344349116078 116.65006472915411 654.34430558700114 353.93475101049989 59.990323507227004 27.944762736558914 163.81671503745019 4.8515426311641923 70.299609029665589 14.025038367137311 51.652961872518063 142.51006592903286 18.947531703859568 6.6311655715107909 30.677639223635197 32.451045613735914 142.05978877469897 4.7943728268146506 112.3783287089318 14.225135648623107 73.392340885475278 157.13953361101449 192.41391558200121 10.022483594715593 4.2251835372298983 18.814182810485363 3.0110972113907337
leaf_count=3411 977 37 1517 39 1336 11120 3371 922 354 2985 112 995 152 490 2159 138 63 408 395 2600 68 969 260 967 2001 1545 83 54 211 33
internal_value=7.27326e-05 -0.00214219 -0.0108783 0.0295896 -0.00128849 0.00167288 0.00138289 -0.00456276 -0.000265932 -0.00852512 0.00323267 -0.00627766 0.0130821 0.00507454 -0.00304556 -0.00107719 0.00355156 0.000598721 0.00573325 0.00261464 0.0217361 0.00577919 0.0102694 0.0022856 0.0145407 0.00219366 0.00563915 -0.0131241 0.000349849 0.0279986
internal_weight=2847.85 1193.24 108.458 5.70257 1084.78 1654.61 597.389 487.39 244.47 242.92 480.739 75.1512 41.9698 405.588 202.5 673.292 981.321 415.118 209.983 172.737 37.2454 566.203 251.388 87.6175 163.771 314.815 202.436 102.756 26.0505 7.23628
internal_count=39772 15744 1891 76 13853 24028 6304 7549 3587 3962 4968 1107 506 3861 3081 11258 12770 6882 3471 3008 463 5888 3291 1227 2064 2597 1628 1815 298 87
cat_boundaries=0 1 4 8 12 14 17
cat_threshold=1506 159522816 136381440 2147484484 8519680 2098176 541065728 32 25452608 539049984 2147485764 32 159383552 136380416 131072 2097152 2147484480
is_linear=0
shrinkage=0.03


Tree=117
num_leaves=31
num_cat=14
split_feature=22 23 20 22 5 22 23 22 23 9 23 26 23 41 23 13 42 23 16 22 3 9 14 27 12 18 12 5 5 27
split_gain=14.5039 7.86405 7.70634 14.0339 9.561 13.3394 12.3097 11.9248 11.7936 10.6029 10.1263 11.8644 9.3885 8.90076 9.30063 9.71384 8.77047 8.72155 11.809 8.58126 8.43829 7.91171 9.77484 8.59274 7.78694 7.63232 7.19529 6.881 8.64987 7.22066
threshold=0 1 2 3 -1.0072720766566607 4 5 6 7 0.87207747979138694 8 0.045983086680761058 9 1.4789262149730555 10 -0.7539230769230767 1060.5000000000002 11 0.1878787878787879 12 -0.72055020792517388 0.6895854855007425 2.5000000000000004 0.16496598639455778 -0.055777777777777544 13 0.11800000000000001 0.25307492016835703 0.31199287502667761 0.021054964539007053
decision_type=9 9 9 9 2 9 9 9 9 2 9 2 9 2 9 2 2 9 2 9 2 2 2 2 2 1 2 2 2 2
left_child=1 -1 4 13 5 -2 20 10 9 -9 24 -12 21 17 26 -16 -10 18 -4 -14 -7 23 -23 -5 -6 -21 -15 -3 -29 -30
right_child=2 27 3 12 7 6 -8 8 16 -11 11 -13 19 14 15 -17 -18 -19 -20 25 -22 22 -24 -25 -26 -27 -28 28 29 -31
leaf_value=0.00073289533833725969 -0.013710617037308706 -0.024532017521218002 0.020929066581976935 -0.012186108577787831 -0.0056836948594477061 0.024635126701180884 -0.004994115696210652 -0.015507732512857324 -0.0069919866240488304 0.04882954604763582 0.015170583650841948 0.0048236623915899031 -0.012757243690916858 0.0042773403975009481 0.011310649102054551 -0.0077077877937547145 0.0027642480057071721 -0.001622107137852015 0.0045942465389486138 -0.0051288184297853092 -0.024745947892360075 0.0096615002595209203 -0.014247033437774812 0.0094281110657516952 0.0076931193233632615 0.0075217584988851562 0.0333495306379894 0.083353828355299225 0.058452612123972986 -0.016397708958311993
leaf_weight=40.060150872915983 72.388081477954984 50.956576944328845 50.040798831731081 246.40773640479892 118.02690211310983 30.283720830455422 66.210598077625036 64.701938264071941 101.02675036340952 2.3905490487813941 129.9878403423354 428.61353005468845 27.983893422409892 38.905484175309539 27.499527839943767 199.65353155322373 462.89998662099242 144.32999067753553 195.23654974810779 60.281357241794467 3.4714147485792628 41.83232656866312 24.347972854971886 17.745860727503896 58.616559974849224 107.75843564141542 9.5408098679035884 1.044753924012183 1.3244805391877879 9.3364203050732595
leaf_count=1345 1805 1903 414 4154 1562 483 1287 1068 1396 17 2097 4795 412 432 287 1952 5942 1534 2083 990 57 307 184 225 737 1754 114 26 26 176
internal_value=-0.000117427 -0.0106631 0.000317246 -0.00148704 0.00171513 -0.00493204 0.00254202 0.00256622 -0.000489 -0.0115011 0.00512529 0.00710424 -0.00510377 0.00140798 -0.00269687 -0.00517746 0.000998721 0.00434779 0.00761631 0.000197649 0.0150871 -0.00816306 0.000865464 -0.0107341 -0.0011781 0.00295041 0.00829126 -0.0170468 0.000974545 -0.00709851
internal_weight=2832.9 102.722 2730.18 1191.56 1538.62 172.354 99.9657 1366.26 631.019 67.0925 735.245 558.601 526.358 665.207 275.599 227.153 563.927 389.607 245.277 196.024 33.7551 330.334 66.1803 264.154 176.643 168.04 48.4463 62.6622 11.7057 10.6609
internal_count=39564 3476 36088 14842 21246 3632 1827 17614 8423 1085 9191 6892 8026 6816 2785 2239 7338 4031 2497 3156 540 4870 491 4379 2299 2744 546 2131 228 202
cat_boundaries=0 3 7 8 12 15 19 23 27 31 35 39 42 45 46
cat_threshold=34604064 1073741852 7344128 138412032 671170560 4194816 32 1248 130 541183234 2147483648 4 2147492481 608223232 2147491844 134225920 2098176 2147484416 32 3758367233 323010560 2147623492 4 2097152 538968064 2560 32 4587520 16384 4196356 32 147349568 136331264 4196672 32 10485760 538969088 2151678020 32 139092160 150995968 4196608 1074003969 33554432 139264 96
is_linear=0
shrinkage=0.03


Tree=118
num_leaves=31
num_cat=12
split_feature=22 27 23 22 22 20 3 41 3 40 41 22 3 13 23 22 22 16 41 16 42 42 3 14 4 11 42 23 30 33
split_gain=12.1493 7.55674 12.3797 15.8006 13.9571 12.5922 10.4305 9.22261 9.14205 8.50025 8.01164 12.3935 12.2041 16.1258 10.8789 18.4757 11.5917 8.82767 8.35002 7.91651 7.65398 11.1353 9.09884 6.95875 6.89856 6.72751 6.65087 8.86783 18.5864 16.9452
threshold=0 0.098780487804878067 1 2 3 4 -0.73985979516765588 1.6812584979403098 -1.8811348456609871 1.5612281247564546 1.3657262632585137 5 -2.0978013852147535 -0.74768421052631562 6 7 8 0.57115384615384623 1.4274703974995444 0.50009712509712523 1142.5000000000002 1087.5000000000002 1.396262998003013 -13.499999999999998 -0.60017571219879684 0.059411764705882351 1151.5000000000002 9 10 11
decision_type=9 2 9 9 9 9 2 2 2 2 2 9 2 2 9 9 9 2 2 2 2 2 2 2 2 2 2 9 1 1
left_child=26 10 3 9 5 8 -5 -8 -4 23 14 -12 13 -13 16 -16 17 -2 -14 -17 21 -6 -22 -3 -11 -7 -1 28 29 -28
right_child=1 2 4 6 20 25 7 -9 -10 24 11 12 18 -15 15 19 -18 -19 -20 -21 22 -23 -24 -25 -26 -27 27 -29 -30 -31
leaf_value=-0.016856954335019353 0.009251782086281822 0.038570217465115332 -0.0092903831029627314 -0.012017988062535713 -0.0025346000552806105 0.023152472106004685 0.0013964794276133132 0.018795784082997306 0.010769697702021817 -0.019751354647321327 -0.0081696274701403906 0.066220950583233754 -0.012415642332447355 0.0083293574058115969 0.0088557867539996345 0.0025787199437608066 -0.0088319880190077856 -0.0071660968369346026 -0.00022419121181886808 -0.0088307100586509577 -0.0066096976468407878 0.0092067299188075616 0.017757592406043365 -0.017103862987367633 0.045740298034122225 -0.025496511360919669 0.17567822892160931 -0.013267070236743742 -0.0019295579594931966 0.039172647783635973
leaf_weight=63.018722263164818 81.791018024086952 2.066477980464696 21.708958506584167 37.370882970280945 145.11908278428018 3.0186550635844496 109.84574711695313 36.537724155932665 351.61643186397851 2.3478230312466621 276.74910967703909 5.0731795001775017 56.988490218296647 29.578639887273312 273.5361038800329 115.83409478701651 154.95608101412654 46.08140274323523 448.3237198330462 103.7612747233361 163.1034887265414 145.66612986661494 15.065471995621918 90.89303408190608 3.7749653290957204 16.774751530960202 1.0149879287928343 14.111288923770191 12.212957625277342 4.2265998600050807
leaf_count=2331 1123 24 346 653 1826 29 1238 401 3847 45 4462 79 726 488 3428 1631 2217 801 5789 1718 1957 1689 98 1400 62 155 33 469 364 135
internal_value=-0.000118223 0.000264615 0.00212459 -0.00327006 0.00388736 0.00800585 0.00201817 0.00573939 0.00935268 -0.0123633 -0.00107079 -0.00314476 -0.000410458 0.0168049 0.00111211 0.00376314 -0.00351879 0.00309336 -0.00159913 -0.00268987 0.000339806 0.00334711 -0.00454927 -0.0158662 0.0206271 -0.0120096 -0.0101533 1.35151e-05 0.011667 0.0656058
internal_weight=2832.17 2737.58 1144.91 282.837 862.073 393.119 183.754 146.383 373.325 99.0823 1592.67 816.713 539.964 34.6518 775.96 493.131 282.829 127.872 505.312 219.595 468.954 290.785 178.169 92.9595 6.12279 19.7934 94.5846 31.5658 17.4545 5.24159
internal_count=39564 36232 13770 3823 9947 4377 2292 1639 4193 1531 22462 11544 7082 567 10918 6777 4141 1924 6515 3349 5570 3515 2055 1424 107 184 3332 1001 532 168
cat_boundaries=0 3 7 10 14 15 18 22 26 29 33 34 35
cat_threshold=34604064 28 5242880 6561792 553664512 4196352 32 2147491979 654311425 2147491840 2147491851 16385 16777284 4 1452 3221495938 1073842176 19005509 142622784 2114560 2624 32 2147754632 50448385 131585 4 1610612867 557910016 2147639364 142868480 671088640 2151677952 32 4 2
is_linear=0
shrinkage=0.03


Tree=119
num_leaves=31
num_cat=10
split_feature=22 1 22 23 17 23 16 22 16 22 23 9 17 37 6 35 23 42 37 23 41 9 37 28 12 37 3 26 22 16
split_gain=12.9129 7.55801 9.20733 11.2201 9.62316 14.8313 9.38507 11.576 8.7745 18.8372 14.903 11.9925 10.2562 12.3642 11.2744 8.86963 9.14565 8.82462 11.1861 9.13187 7.7464 8.59257 7.59489 7.47837 7.44003 6.86102 6.596 6.13246 6.04348 6.03258
threshold=0 2.5000000000000004 1 2 0.067460317460317457 3 0.60947570947570961 4 0.24848484848484848 5 6 0.23525506158761786 -0.066983941983941989 4.5000000000000009 0.13100686498855832 425.00000000000006 7 1099.5000000000002 33.500000000000007 8 2.1874492260326792 0.33333020365889848 22.500000000000004 1.0000000180025095e-35 0.51500000000000001 35.500000000000007 0.41259232526141171 0.098780487804878067 9 0.35171772671772678
decision_type=9 2 9 9 2 9 2 9 2 9 9 2 2 2 2 2 9 2 2 9 2 2 2 2 2 2 2 2 9 2
left_child=-1 2 4 6 5 23 7 -4 9 17 25 -12 13 -10 -15 16 -14 18 -3 -19 27 -22 -7 -2 28 -11 -8 -5 -6 -17
right_child=1 8 3 20 24 22 26 -9 12 10 11 -13 15 14 -16 29 -18 19 -20 -21 21 -23 -24 -25 -26 -27 -28 -29 -30 -31
leaf_value=-0.011886541103818836 0.010378098525615869 -0.015835463609861666 0.021798108080781618 -0.014751186446346974 0.0063612114627202791 -0.007524401105011902 -0.015775525240887992 -0.0017860201154237165 -0.016805092149289626 -0.007296169311708612 0.024190993212978542 0.0080663717751932561 -0.0037767956053169197 0.00052767031899424112 -0.01626336108701518 0.051592982081290435 0.0014330716424659597 0.005961605831205411 0.067341609224139037 -0.0076470445975333713 0.063342138436178932 -0.019808975193380388 0.016573718114143498 0.038972151743748511 -0.013020741818608197 0.04017232795566747 0.013392473333253514 -0.0010507666382910254 0.020418796277501955 -0.022122358799349432
leaf_weight=71.50599598325789 28.1907361112535 56.849953697994351 34.395639736205339 71.560621028766036 104.11142788268626 102.75506900623441 23.230939628556371 37.572748478502035 79.028651405125856 60.23082497343421 57.595082137733698 148.66014647297561 431.45101588219404 173.27410808764398 45.425194855779409 1.0459054671227956 958.97988499328494 90.182336429134011 1.4933961275964964 69.672499964013696 2.8110516220331183 1.8576004095375536 13.293324839323757 11.627023203298448 10.457773543894289 2.8710700906813136 9.9732303731143457 49.913764094933867 58.878019623458385 22.349629729054868
leaf_count=2531 336 757 382 983 698 1206 395 458 2012 638 932 1320 6226 3477 825 11 12278 1097 20 854 44 16 155 131 108 41 106 506 620 401
internal_value=-0.000118215 0.000228949 0.00333918 -0.00131334 0.00645118 0.00123725 0.0056425 0.0122662 -0.000562915 0.00298761 0.00811976 0.0119878 -0.00157432 -0.00663498 -0.00295993 -0.000508632 -0.000200407 -0.00355695 -0.0137064 -7.51404e-05 -0.00710129 0.0302573 -0.00438602 0.0149685 0.0115085 -0.00443377 -0.0070146 -0.00912169 0.0130824 -0.0188269
internal_weight=2831.24 2759.74 560.629 231.316 329.313 155.866 105.173 71.9684 2199.11 487.555 269.357 206.255 1711.55 297.728 218.699 1413.83 1390.43 218.198 58.3433 159.855 126.143 4.66865 116.048 39.8178 173.447 63.1019 33.2042 121.474 162.989 23.3955
internal_count=39564 37033 6144 2890 3254 1828 1341 840 30889 5659 2931 2252 25230 6314 4302 18916 18504 2728 777 1951 1549 60 1361 467 1426 679 501 1489 1318 412
cat_boundaries=0 3 7 10 14 17 20 24 27 31 35
cat_threshold=34604064 20 7340032 3223331330 16828425 16777220 4 17580160 2179072 536871748 10616960 1024 2684355072 32 1 71368960 65 3223724674 608206857 16777280 262272 134299648 2147483652 32 11157504 536888320 4196864 143392960 687948800 2048 32 8704 16779265 4 4
is_linear=0
shrinkage=0.03


Tree=120
num_leaves=31
num_cat=6
split_feature=40 41 23 24 5 5 23 20 17 7 5 17 15 7 23 27 1 17 14 7 42 42 7 41 23 42 42 7 33 6
split_gain=10.5519 12.6183 16.6632 11.1 11.0319 10.9271 11.0093 9.06772 9.31827 8.70621 13.3524 12.8323 8.64726 11.108 8.51676 13.057 11.2479 8.33258 11.5166 8.19131 10.2374 8.38953 8.054 15.0268 9.25199 7.48484 14.3893 14.0854 10.5394 6.82022
threshold=-0.33927729300075699 1.2113137857091136 0 9.0000000000000018 -1.2870199951449124 0.27853025126625758 1 2 0.12698412698412698 0.6132478632478634 0.19644316391751152 -0.27365689865689852 26.500000000000004 0.28165064102564102 3 0.061862244897959155 8.5000000000000018 0.17461704961704957 16.500000000000004 0.32993197278911562 1163.5000000000002 1186.5000000000002 0.25677655677655681 1.2637047219444284 4 1130.5000000000002 1218.5000000000002 0.46770833333333339 5 0.070598006644518263
decision_type=2 2 9 2 2 2 9 9 2 2 2 2 2 2 9 2 2 2 2 2 2 2 2 2 9 2 2 2 1 2
left_child=1 2 9 25 14 6 7 -3 -9 10 11 -1 -8 -14 15 16 -5 -16 -19 22 29 -22 24 -24 -7 -2 27 28 -27 -21
right_child=3 5 -4 4 -6 19 12 8 -10 -11 -12 -13 13 -15 17 -17 -18 18 -20 20 21 -23 23 -25 -26 26 -28 -29 -30 -31
leaf_value=0.0020167719936439836 0.0028266883833140194 -0.0057207828374559256 0.00037463914006314242 0.04078500197876777 -0.00088820881208741557 -0.0040019095970910967 -0.0058011467634652607 0.0078033724208223989 0.037256961254768406 0.030440194313691629 0.00062196345352895138 0.029669336008951303 0.062830294235863199 -0.013895291395774546 -0.021022053953468092 -0.011568840063262371 -0.0059756110215509334 -0.0062491231581654821 0.087210559052801201 -0.01461850881438017 0.019122285096285871 0.0019489454651433341 0.10351152145768582 0.017592050490120966 0.012832940722395176 -0.012901294954680736 -0.025108137037701258 -0.024415221509411628 0.072921645998066012 -0.0002220117713668169
leaf_weight=22.459679993800819 18.981325289234519 41.056746561080217 160.20887683518231 11.258201483637096 1453.059871760197 49.459055742248893 356.63496232312173 70.687848348170519 11.198747303336857 27.825623381882906 53.560003940016031 46.113320737145841 3.7633983585983506 3.094736211001873 67.532089900225401 24.346446298994124 7.8633694602176538 33.487821424379945 1.2302258275449265 39.200322818011045 39.882571961730719 71.49943945556879 1.9344992861151684 34.5775136500597 56.453160334378481 1.5106707401573658 3.2710754293948403 2.137022551149129 8.7294253911822999 121.1320917699486
leaf_count=394 323 670 1852 219 21094 531 5542 1097 125 161 485 620 68 45 2057 471 186 528 20 307 271 526 16 350 569 29 46 18 139 952
internal_value=0.000259816 0.00238224 0.00760087 -0.0013134 -0.00167737 0.000584888 -0.00246422 0.00509052 0.0105438 0.0143398 0.0118458 0.0206123 -0.00502135 0.0282078 -0.0095467 0.00244103 0.0215556 -0.0135558 -0.0029374 0.00416629 0.00111165 0.00809821 0.00999389 0.0221443 0.00580518 0.0154903 0.0308514 0.0456406 0.0602606 -0.00374187
internal_weight=2844.15 1210.74 310.168 1633.41 1598.78 900.575 486.436 122.943 81.8866 149.959 122.133 68.573 363.493 6.85813 145.718 43.468 19.1216 102.25 34.718 414.139 271.714 111.382 142.424 36.512 105.912 34.6295 15.6482 12.3771 10.2401 160.332
internal_count=39711 14581 3512 25130 24575 11069 7547 1892 1222 1660 1499 1014 5655 113 3481 876 405 2605 548 3522 2056 797 1466 366 1100 555 232 186 168 1259
cat_boundaries=0 3 6 7 10 13 14
cat_threshold=145244288 153092096 2308 128 17408 2151678784 12 136323072 1024 2816 278720 553713664 2688549184 4
is_linear=0
shrinkage=0.03


Tree=121
num_leaves=31
num_cat=6
split_feature=22 23 5 13 13 5 23 16 24 6 5 13 22 2 24 14 14 14 13 23 13 39 37 28 39 28 7 23 37 10
split_gain=9.7636 13.477 12.3155 16.8442 16.0199 10.9076 17.3666 8.80104 8.4188 8.1335 11.7134 8.01496 7.95717 10.1372 15.1901 7.93628 7.84703 9.52755 7.49373 7.34886 10.5474 14.8891 8.21253 9.65164 8.89676 7.26473 7.028 7.92538 12.4157 6.92983
threshold=0 1 -1.3680773226662852 0.71900000000000031 -0.83774999999999988 -1.0396428587887201 2 0.52315462315462324 17.500000000000004 0.081356867071152708 -0.03835789555949224 -0.6539999999999998 3 121.50000000000001 117.00000000000001 5.5000000000000009 6.5000000000000009 8.5000000000000018 -0.34999999999999981 4 -0.7539230769230767 -0.12158263800241338 5.5000000000000009 -0.087939393939393831 -3.9402355413132155 1.6374125874125876 0.10620300751879695 5 10.500000000000002 0.098780487804878067
decision_type=9 9 2 2 2 2 9 2 2 2 2 2 9 2 2 2 2 2 2 9 2 2 2 2 2 2 2 9 2 2
left_child=1 2 3 4 -1 6 -2 19 9 10 -4 -10 13 14 -8 -13 -14 -18 -11 20 21 -3 23 -21 -24 -15 -9 28 -28 -6
right_child=5 7 8 -5 29 -7 12 26 11 18 -12 15 16 25 -16 -17 17 -19 -20 22 -22 -23 24 -25 -26 -27 27 -29 -30 -31
leaf_value=0.12601649667327186 -0.011938421053057658 0.086641649114686525 0.075179533919503258 0.12967696254264721 -0.011159527522856467 0.0016946468995728472 0.016154677017925872 -0.023864122438587158 -0.021662286554809913 0.022215436727679779 0.0042587637884055557 0.005965368886376418 -0.014939067076320709 -0.00013378209206587124 0.10186955062151136 -0.02635525215939508 0.089780390020473208 -0.0027396822482588048 -0.032956067518393486 -0.0088701402894225748 0.0002903721624799607 0.008327718061399432 0.051828747633299553 0.020080594414076329 -0.016360338697479552 0.052629125693947773 0.029814579565170522 -0.014135372225620606 -0.010080847096681497 0.05206860177652331
leaf_weight=1.1352943722158659 133.42367477994412 3.2898941766470671 4.4670463223010302 1.4789434997364868 5.8855763729661685 2161.1280050761998 29.88949137181044 41.179145539179444 15.550864776596425 5.849583700299263 3.9486348330974597 59.349021759815514 33.951829749159515 77.218332475051284 1.9842936843633641 7.7278631292283526 1.4707932956516732 3.1410440448671579 3.5666876155883056 27.223634625785053 45.167876300401986 6.5051597356796247 1.7689709933474649 16.734800759702921 64.915659943595529 2.4222463220357886 11.769202057272198 52.359120182693005 17.399668495170772 2.1227377336472273
leaf_count=25 2778 78 89 32 176 26014 488 1484 269 78 53 930 917 1160 31 106 28 93 59 688 779 117 32 292 1270 40 165 1078 327 35
internal_value=0.000251258 -0.00403984 0.00461054 0.0357446 0.0205514 0.000964901 -0.0045639 -0.00741551 0.00177738 0.0204719 0.0419035 -0.00225709 0.00261359 0.00660123 0.0214908 0.00224174 -0.00790232 0.0267665 0.00131762 -0.00316088 0.00542356 0.0346313 -0.00725936 0.00215129 -0.0145515 0.00147099 -0.0137619 -0.00865934 0.00448035 0.00560015
internal_weight=2844.03 399.395 111.082 10.6226 9.14361 2444.63 283.502 288.313 100.46 17.832 8.41568 82.6277 150.078 111.514 31.8738 67.0769 38.5637 4.61184 9.41627 165.606 54.9629 9.79505 110.643 43.9584 66.6846 79.6406 122.707 81.528 29.1689 8.00831
internal_count=39711 8162 1852 268 236 31549 5535 6310 1584 279 142 1305 2757 1719 519 1036 1038 121 137 3256 974 195 2282 980 1302 1200 3054 1570 492 211
cat_boundaries=0 3 6 9 13 16 19
cat_threshold=85065760 33559068 554848257 138412032 16778240 541065476 25690176 689979392 541067584 1075847298 71387137 4194368 4 25165824 536952832 2112 663616 136314880 512
is_linear=0
shrinkage=0.03


Tree=122
num_leaves=31
num_cat=8
split_feature=40 22 22 41 23 23 26 23 20 41 26 12 7 23 15 41 16 42 23 1 3 6 41 35 16 42 6 26 4 14
split_gain=9.85744 16.3065 13.5735 13.3769 19.8427 11.8326 11.5679 20.5645 11.1763 11.3794 9.90675 13.1213 10.9035 9.89395 13.8852 26.8782 9.77441 10.9344 9.77286 9.3926 9.30714 8.82905 8.56334 9.84537 10.3305 8.85035 11.4548 9.23357 8.55517 8.53043
threshold=-0.33927729300075699 0 1 1.2113137857091136 2 3 0.10300618921308571 4 5 0.97090508076035953 1.0000000180025095e-35 0.97900000000000009 0.089572192513368967 6 -14.499999999999998 1.8057772967243386 0.58587801087801095 1256.5000000000002 7 7.5000000000000009 -3.9402355413132155 0.26794871794871794 1.7311856580348117 -299.99999999999994 0.23076923076923078 1010.5000000000001 0.079473684210526321 0.039230769230769208 -2.0153775682216923 2.5000000000000004
decision_type=2 9 9 2 9 9 2 9 9 2 2 2 2 9 2 2 2 2 9 2 2 2 2 2 2 2 2 2 2 2
left_child=2 6 3 4 -1 20 7 8 21 -10 12 -12 -6 19 15 -15 17 -9 -8 28 29 -2 25 24 -24 26 -7 -27 -5 -4
right_child=1 -3 5 13 10 22 18 16 9 -11 11 -13 -14 14 -16 -17 -18 -19 -20 -21 -22 -23 23 -25 -26 27 -28 -29 -30 -31
leaf_value=-0.0016144154308911055 -0.022485794263244669 -0.0050987711376996227 0.055361664953317062 -0.011130383159280974 0.098672700381998435 0.013366531502989477 0.0030501679201740081 0.0016851029871861043 0.024088364994973022 0.0088661486288409228 0.01604697629481161 0.085309521273369035 0.032268813006889607 0.0032907157790730106 -0.0044174570336306066 0.090800689741851487 -0.0096057852293121894 0.05070302574907215 -0.0048361781602908049 -0.00078947772165300679 -0.0065359178480625313 0.015204685376760103 -0.015387391220166679 -0.0068699518176882348 0.081676730392976724 -0.0084415898056030784 0.11121873008957746 0.0084086956813425248 0.013178847541742872 -0.020510055830798599
leaf_weight=64.507105059921741 17.244435219094161 613.62693838216364 4.1397620178759089 14.252190129831432 2.7473708949983111 3.1579435383900991 226.94763229135424 97.210092015564442 61.016757002100348 160.35185604728758 84.379785396158695 2.5356077421456567 11.714979704469441 13.982191540300848 197.6791360443458 4.0807573962956658 95.926997523754835 4.2758610751479855 346.67773607652634 93.593470232561231 267.67077358346432 8.2791494727134687 1.6990654971450556 84.894463828764856 2.354196522384882 35.424149587750435 1.6336798407137392 168.425940643996 151.88030953332782 1.96756836771965
leaf_count=803 301 12513 55 163 55 49 2037 1595 874 2559 843 39 152 172 2575 55 1870 62 3236 1326 3226 83 29 1023 41 644 18 1722 1568 23
internal_value=0.000239704 -0.00128293 0.00228821 0.00523768 0.0126545 -0.00109503 0.00105703 0.00470122 0.0102363 0.0124974 0.0199274 0.0180676 0.0448834 0.00276021 -0.00202307 0.0230609 -0.00260758 0.00375035 -0.00174718 0.00655882 -0.00549953 -0.00737181 0.0030041 -0.00468907 0.0409889 0.00642783 0.0467287 0.00548053 0.0110934 0.0309184
internal_weight=2844.28 1631.56 1212.72 641.353 165.885 571.368 1017.93 444.305 246.892 221.369 101.378 86.9154 14.4624 475.468 215.742 18.0629 197.413 101.486 573.625 259.726 273.778 25.5236 297.589 88.9477 4.05326 208.642 4.79162 203.85 166.132 6.10733
internal_count=39711 25130 14581 7751 1892 6830 12617 7344 3817 3433 1089 882 207 5859 2802 227 3527 1657 5273 3057 3304 384 3526 1093 70 2433 67 2366 1731 78
cat_boundaries=0 4 8 12 15 18 19 22 26
cat_threshold=3240370688 826314243 37749316 4 537273483 385959176 2147491844 4 17047616 536888320 2688549440 32 30294016 153157632 2112 155197504 690028544 2147483716 2119 12992576 136397824 2151678016 14827712 536888320 832 32
is_linear=0
shrinkage=0.03


Tree=123
num_leaves=31
num_cat=7
split_feature=22 1 22 4 37 18 16 28 12 6 22 0 4 26 14 40 6 37 37 40 22 2 12 4 22 15 16 18 13 12
split_gain=13.2636 9.7021 11.9944 11.751 11.291 10.5014 13.1479 10.2583 10.2441 14.1555 9.41213 12.122 8.36092 8.13796 7.95929 7.80227 7.74067 7.63979 7.52184 10.3455 7.3979 7.15635 6.85911 6.72415 6.70654 10.6577 6.31614 5.88426 5.50188 5.49973
threshold=0 4.5000000000000009 1 0.38835773461713613 24.500000000000004 2 0.60947570947570961 -0.36599999999999988 -0.76799999999999979 0.061862244897959155 3 1500.0000000000002 2.4687565772497391 0.23861283643892336 -1.4999999999999998 -1.3792758694081109 0.072299651567944212 31.500000000000004 34.500000000000007 -0.93598404061942475 4 118.50000000000001 -0.82899999999999985 0.14354599714739327 5 -11.499999999999998 0.88931623931623949 6 0.44500000000000001 -0.88793939393939392
decision_type=9 2 9 2 2 1 2 2 2 2 9 2 2 2 2 2 2 2 2 2 9 2 2 2 9 2 2 1 2 2
left_child=-1 2 5 18 10 6 7 -2 9 -5 11 28 27 21 -8 -13 20 -10 23 -20 29 -7 -22 -4 25 -18 -14 -12 -3 -6
right_child=1 4 3 8 16 13 14 -9 17 -11 12 15 26 -15 -16 -17 24 -19 19 -21 22 -23 -24 -25 -26 -27 -28 -29 -30 -31
leaf_value=-0.012647590737286265 0.026840500975510294 -0.010300062094257946 0.0029956509409606318 0.0049804703557543347 0.036899107330506026 0.0046632304240455131 -0.025330540306682831 0.0041955085338828378 0.0096595677474432262 0.050354170321319322 0.0058733202731844469 0.026300059519152517 -0.0097448209695211157 0.027902055102567089 0.0037144614811703775 0.00079874683804578709 0.050951474574515911 -0.01566445631192339 0.069174948265018146 0.0085982671349901733 0.057478601307801719 -0.0083408149876742724 0.0069583116997373635 -0.0088184782059677492 -0.016257236695497727 -0.004486548401211864 0.045749741725795545 0.00075989783515317745 0.0046853414226493686 -0.018424431123244645
leaf_weight=58.649592832662165 30.82604143768549 192.63196690008044 406.67313155438751 11.8333054818213 1.7437977883964801 46.954475004225969 14.895632751286028 43.28487809933722 217.11263811588287 12.971364693716167 257.81873070821166 12.092334927991031 73.29107971303165 6.5858545638620845 19.749635681509972 100.87018888723105 3.5992261227220324 11.278540559113024 3.4808128178119651 9.3615051750093681 2.610638875514268 201.67677957098931 32.893928341567516 48.533211610279977 80.137186214327812 23.488055000081658 1.8935267906635989 873.13940966129303 24.900780253112316 22.275971243157983
leaf_count=2083 370 3935 4717 213 38 582 237 451 2137 156 3321 183 840 66 253 2010 64 135 39 134 43 2417 478 510 1466 413 29 11318 484 465
internal_value=0.000384464 0.000701392 0.00292087 0.00512028 -0.000708509 -0.00153593 0.00593681 0.0136146 0.0103976 0.0287082 9.60845e-05 -0.00431387 0.0013292 -0.00482409 -0.00877335 0.00352859 -0.00812307 0.008409 0.00237484 0.0250171 0.00055212 -0.00588498 0.00832756 0.00173605 -0.012939 0.0021033 -0.00834719 0.00198423 -0.0085847 -0.0101728
internal_weight=2847.25 2788.6 1085.22 721.245 1703.39 363.973 108.756 74.1109 253.196 24.8047 1536.64 330.495 1206.14 255.217 34.6453 112.963 166.749 228.391 468.049 12.8423 59.5243 248.631 35.5046 455.206 107.224 27.0873 75.1846 1130.96 217.533 24.0198
internal_count=39587 37504 12417 8041 25087 4376 1311 821 2641 369 22120 6612 15508 3065 490 2193 2967 2272 5400 173 1024 2999 521 5227 1943 477 869 14639 4419 503
cat_boundaries=0 3 6 7 10 13 16 17
cat_threshold=68157472 16777236 33558528 2098306 339804162 4194369 33 2684616706 1107346696 19922948 2147483659 637534208 16777221 2098177 33587201 8193 2
is_linear=0
shrinkage=0.03


Tree=124
num_leaves=31
num_cat=8
split_feature=22 1 20 22 42 31 37 22 12 18 7 42 0 40 22 22 41 1 22 17 17 26 4 13 28 17 26 12 7 41
split_gain=12.4945 8.14743 11.4092 11.24 16.1593 11.8891 11.1657 11.0677 9.97567 9.33123 9.08252 8.96992 12.8032 13.5632 10.2551 8.95758 8.47823 7.9154 7.6006 7.10347 11.2773 5.72492 5.66423 5.46815 8.57056 22.4136 15.4909 6.12878 6.57411 8.64944
threshold=0 4.5000000000000009 1 2 1289.5000000000002 4.5000000000000009 24.500000000000004 3 -0.081999999999999892 4 0.14142857142857143 1169.5000000000002 2100.0000000000005 0.047933487059011355 5 6 1.0530492256865405 10.500000000000002 7 0.37332112332112338 0.14682539682539689 0.089898989898989853 1.9820976537998996 -0.49795833333333306 -0.011999999999999898 -0.22467532467532456 0.079473684210526321 -0.33399999999999991 0.15075757575757578 1.688353814031424
decision_type=9 2 9 9 2 2 2 9 2 1 2 2 2 2 9 9 2 2 9 2 2 2 2 2 2 2 2 2 2 2
left_child=23 2 3 4 9 10 11 -7 15 -2 -5 14 13 -13 -3 -4 -17 -16 19 20 -8 -14 -10 24 27 26 -26 -1 -29 -30
right_child=1 6 8 5 -6 7 18 -9 22 -11 -12 12 21 -15 17 16 -18 -19 -20 -21 -22 -23 -24 -25 25 -27 -28 28 29 -31
leaf_value=-0.019792897448742932 0.0050836139444885194 0.00082172971230264633 -0.010113522727695952 0.001635495249764295 0.080321828644100632 0.011324186390499152 -0.0010335064580164074 -0.0065601949117383125 -0.021023259167295989 -0.0078913618329595047 0.0098989545117585571 0.0073880406698717364 0.032148232406461197 -0.0041143457241510292 -0.0028054528569990537 0.022030264638799622 -0.0011664533709939574 -0.013033621516798993 -0.01121722669626119 -0.027603902259775819 0.037901897682205817 0.11606345644474671 0.012647988031345269 -0.018135583156901149 0.18536870585844314 -0.0033588877055151897 0.024678175833101692 -0.031187334518046776 0.049170217334493026 -0.032446359043400735
leaf_weight=20.711537633091211 71.878609930165112 752.00691373646259 36.57648341730237 165.95571476500481 2.1012472528964272 32.676027581095695 23.640887571498752 108.55978586710989 39.157036058604717 125.72237465530634 429.56848478130996 274.89024909958243 1.8686053100973361 138.87425292190164 263.17549284454435 23.566629055887461 35.604976233094931 91.865580921061337 122.20232782140374 5.2415887434035531 9.3403408713638765 1.2026016488671301 5.0797045100480309 48.265757490880787 1.1030897693708541 7.2554453210905177 1.0575897339731453 2.415291487239303 4.3914621006697416 1.5923693031072614
leaf_count=729 939 9008 440 2656 27 437 403 1092 425 1664 4016 3307 35 2074 5355 219 334 2138 2266 69 144 15 44 1351 26 152 26 89 78 29
internal_value=0.000369548 0.000737139 0.00277841 0.00395491 -0.00231766 0.00566339 -0.000563067 -0.00208519 -0.00501628 -0.00331372 0.00759616 0.00022946 0.0039804 0.00352743 -0.00118288 6.88808e-05 0.00690525 -0.0053026 -0.0080913 0.00383419 0.00999307 0.0650072 -0.0171568 -0.0102294 -0.00297969 0.0218994 0.106715 -0.0110271 0.0105887 0.0274511
internal_weight=2847.55 2760.76 1076.45 936.462 199.702 736.76 1684.31 141.236 139.985 197.601 595.524 1523.88 416.836 413.765 1107.05 95.7481 59.1716 355.041 160.425 38.2228 32.9812 3.07121 44.2367 86.7925 38.5268 9.41612 2.16068 29.1107 8.39912 5.98383
internal_count=39587 37107 12293 10831 2630 8201 24814 1529 1462 2603 6672 21932 5431 5381 16501 993 553 7493 2882 616 547 50 469 2480 1129 204 52 925 196 107
cat_boundaries=0 3 4 7 10 11 15 18 21
cat_threshold=605290528 16777236 570429440 1194 1075840130 268500994 4194369 2147622921 33024 16785920 49 2105473 809506817 2153931329 4 2147622921 71319553 131077 2097152 33603585 8704
is_linear=0
shrinkage=0.03


Tree=125
num_leaves=31
num_cat=8
split_feature=22 22 17 23 22 17 12 23 23 8 13 17 16 23 31 4 15 26 16 17 23 7 16 28 4 16 14 4 35 28
split_gain=12.7823 7.47633 13.4537 11.8354 12.0121 12.1628 10.8002 17.0269 10.4651 16.4062 15.4499 10.1886 9.66044 14.8789 17.0526 10.5544 9.18563 9.46145 8.8972 13.4585 8.44135 8.20726 7.88142 7.46638 7.29697 6.94428 6.8819 6.38367 6.08208 5.96995
threshold=0 1 -0.12854090354090347 2 3 -0.34060384060384047 0.15060975609756103 4 5 0.012524514579377753 -0.14399999999999993 0.21825396825396828 0.24242424242424246 6 3.5000000000000004 0.73208368080641384 27.500000000000004 0.059411764705882351 0.74368686868686884 0.33333333333333343 7 0.30495169082125612 0.060606060606060559 0.28227564102564101 1.3920722443735609 0.4358974358974359 8.5000000000000018 -2.4883158351177666 -374.99999999999994 0.25794736842105259
decision_type=9 9 2 9 9 2 2 9 9 2 2 2 2 9 2 2 2 2 2 2 9 2 2 2 2 2 2 2 2 2
left_child=-1 2 3 4 26 -6 12 11 9 10 -4 -8 13 14 -3 -15 17 -9 19 -10 21 -14 -11 -20 -22 27 -2 -5 -27 -13
right_child=1 6 8 25 5 -7 7 16 18 22 -12 29 20 15 -16 -17 -18 -19 23 -21 24 -23 -24 -25 -26 28 -28 -29 -30 -31
leaf_value=-0.012491411507353507 -0.015129773530855458 0.012974259323915764 0.0054140271830203906 0.014473536571724004 -0.007565700898476988 0.022148466833466683 -0.015963227982426397 -0.0094753787158722482 -0.0014284227010202685 0.038676662239700503 0.025543398625161667 0.0085920060063708302 0.010359623337937373 0.0087036345149816615 -0.015879572421503989 0.024326427549658036 0.078037834775823586 0.011905505180218909 -0.0046258280178198942 0.011208057920292936 0.00095309676608476774 0.00092991430181701116 -0.0023624476249622067 -0.022055741847310371 -0.0089906476500068479 0.029206001170503065 0.030116756601580467 -0.0093339443872149895 -0.024768876174318895 -0.019410302955042827
leaf_weight=58.090628151781857 35.568638950586319 31.875625040382147 96.739230907522142 10.775678446516393 18.263483908027411 38.602689239196479 97.533460198901594 26.565856542438269 516.17419695854187 4.3286094777286044 53.18277988769114 30.007254883646965 170.11806570086628 144.98799595981836 43.715881131589413 53.19849962182343 1.6001667473465193 62.334570703096688 129.48147456627339 88.923675807192922 492.46438940893859 162.34361253120005 155.85932920966297 26.675748023204505 76.771980076096952 1.9814195912331332 3.3066354840993872 170.87560387980193 36.326213386841118 8.8798308540135604
leaf_count=2097 596 317 1728 174 362 632 1324 472 7387 31 852 266 2333 1391 425 504 21 775 2408 823 5689 1469 1919 485 864 60 55 2955 1078 95
internal_value=0.000355382 0.000665313 -0.00089413 -0.00634341 0.00263146 0.0107201 0.00220312 -0.00377316 0.00070327 0.00525265 0.0125546 -0.0100497 0.00337556 0.00831121 -0.00327868 0.0122777 0.00612212 0.00551632 -0.00120319 0.000428603 0.00187697 0.00558697 -0.00125349 -0.00760331 -0.000381301 -0.0099186 -0.00897305 -0.00792167 -0.0219771 0.0021977
internal_weight=2847.55 2789.46 1387.07 315.7 95.7414 56.8662 1402.4 226.921 1071.37 310.11 149.922 136.421 1175.48 273.778 75.5915 198.186 90.5006 88.9004 761.255 605.098 901.698 332.462 160.188 156.157 569.236 219.959 38.8753 181.651 38.3076 38.8871
internal_count=39587 37490 21545 5912 1645 994 15945 2953 15633 4530 2580 1685 12992 2637 742 1895 1268 1247 11103 8210 10355 3802 1950 2893 6553 4267 651 3129 1138 361
cat_boundaries=0 3 6 9 12 15 18 21 24
cat_threshold=68157472 16777236 570429440 2686846090 608192000 24117828 131136 66560 2147484420 2229250 603979776 512 134897728 687947776 2147483712 4456640 555745280 536871172 270464 16843776 2151677952 8544256 136314880 4194304
is_linear=0
shrinkage=0.03


Tree=126
num_leaves=31
num_cat=11
split_feature=35 20 22 23 22 41 27 23 42 1 23 16 25 2 29 11 2 15 12 22 37 15 23 22 2 16 39 15 23 39
split_gain=9.99818 10.4386 18.9981 11.7139 11.3229 11.106 10.7671 10.6774 9.96518 10.6576 11.2039 10.4468 8.77067 8.54814 9.18119 8.56335 7.18553 8.04233 7.60954 6.94132 13.4139 11.6087 6.60624 8.42731 6.57154 6.1806 5.93777 5.76226 15.3232 9.36354
threshold=300.00000000000006 0 1 2 3 -1.0000000180025095e-35 0.32843137254901966 4 1129.5000000000002 8.5000000000000018 5 0.09090909090909087 6 127.50000000000001 1.0000000180025095e-35 0.059411764705882351 116.50000000000001 16.500000000000004 -0.31399999999999989 7 10.500000000000002 -5.4999999999999991 8 9 128.50000000000003 0.15384615384615388 -0.84484158125802955 -7.4999999999999991 10 -1.0532711071659697
decision_type=2 9 9 9 9 2 2 9 2 2 9 2 1 2 2 2 2 2 2 9 2 2 9 9 2 2 2 2 9 2
left_child=1 4 5 13 6 -3 7 26 9 11 -11 -6 -9 14 -4 -15 18 -18 -5 20 -2 -22 25 -24 -23 -7 -1 28 -10 -29
right_child=19 2 3 16 8 22 -8 12 27 10 -12 -13 -14 15 -16 -17 17 -19 -20 -21 21 24 23 -25 -26 -27 -28 29 -30 -31
leaf_value=-0.022174691895253271 -0.011267191388103715 0.094183943448617205 0.0069330678128379534 0.019990742563566356 0.025255458406498621 -0.0013723965065323229 0.074599984534075459 0.0047942123191263755 0.023018677681939569 -0.013882706133328726 0.00089509880740194629 0.00243486337434434 -0.0058060637382255816 -0.019662388998172908 -0.014927748496327737 0.0003418939505150785 -0.0040132180566813001 -0.023106941768526831 -0.006007432998857005 -0.011676492397453652 0.11100056782963287 -0.0090716206029029002 0.0027819217842237043 -0.011611400345415059 0.072053714795059953 -0.016642443870770234 -0.0066550479751034354 0.016669288391379367 -0.0011256721552396452 0.0032653331471275034
leaf_weight=27.399832373484969 7.6175559964030963 0.94222810678183933 341.75365384761244 22.149307702668011 18.835196904838085 29.327456336468458 1.629081780090927 178.07607210893184 46.993193240836263 67.315041054040194 119.10600787401199 435.25366940628737 102.46503641363233 22.782271389849484 18.211957463994622 124.54511358961463 306.91355497483164 21.226915739476681 18.676059664227068 88.525270604528487 1.8627382013946769 2.5081443097442393 83.714429020881653 52.80128453951329 1.4004354886710642 127.86179114319384 116.62504193093628 53.888878808356822 47.406389268115163 361.91147871501744
leaf_count=715 167 14 3737 299 204 402 17 2399 610 1282 2127 5846 1622 279 295 1248 3729 242 242 1507 29 50 1415 956 20 2517 1785 1025 662 4356
internal_value=-0.0001078 0.000234419 -0.00190311 0.000339123 0.00182212 -0.00836359 -0.0023235 -0.00267339 0.00336435 0.00090193 -0.00513772 0.00338144 0.00085598 0.00327119 0.00582705 -0.00275151 -0.00367214 -0.00524836 0.00809756 -0.00933471 0.00851217 0.049368 -0.00897733 -0.00319764 0.0199954 -0.0129684 -0.0089838 0.00652164 0.0132128 0.00500252
internal_weight=2849.73 2747.81 1170.91 876.259 1576.9 294.647 426.195 424.566 1150.71 640.51 186.421 454.089 280.541 507.293 359.966 147.327 368.966 328.14 40.8254 101.914 13.3889 5.77132 293.705 136.516 3.90858 157.189 144.025 510.2 94.3996 415.8
internal_count=39798 38025 15375 10071 22650 5304 6538 6521 16112 9459 3409 6050 4021 5559 4032 1527 4512 3971 541 1773 266 99 5290 2371 70 2919 2500 6653 1272 5381
cat_boundaries=0 1 4 8 11 14 18 19 22 26 29 32
cat_threshold=1186 3222537729 117522461 16900 4333760 673252352 541067264 32 68157601 1610664726 2150629952 32129024 671105024 2684356608 655552 2113536 4196420 32 28 640 2064 4194308 143392960 136397824 4194368 32 1073742336 67190793 4 151806080 2162688 256
is_linear=0
shrinkage=0.03


Tree=127
num_leaves=31
num_cat=10
split_feature=35 0 22 22 23 42 23 5 23 22 23 2 40 27 35 11 40 28 23 23 11 7 16 4 13 40 16 40 22 3
split_gain=9.5469 11.9879 29.0026 17.683 15.6586 15.5872 15.5484 12.5123 12.1645 11.1942 10.2182 12.4798 12.7922 9.71028 9.12748 8.67106 12.5235 7.82543 14.2198 7.99795 7.8015 9.62184 7.75235 7.55795 7.51062 6.95716 8.31642 7.68389 6.58111 10.0634
threshold=300.00000000000006 1625.0000000000002 0 1 2 1081.5000000000002 3 -0.070026818226194637 4 5 6 122.50000000000001 2.0057160088690726 0.16496598639455778 -174.99999999999997 0.13921188630490958 1.6568994391589698 -0.70444664031620541 7 8 1.0000000180025095e-35 0.078461538461538458 0.78797591297591307 0.80992968093668793 -0.86299999999999988 1.2434530270676274 0.28673271173271175 1.9015896264640022 9 1.0226241465957318
decision_type=2 2 9 9 9 2 9 2 9 9 9 2 2 2 2 2 2 2 9 9 2 2 2 2 2 2 2 2 9 2
left_child=1 3 4 10 7 8 20 13 9 -5 11 12 -1 -3 -8 22 -17 18 -7 -19 21 -4 -6 -16 -13 26 -12 -27 29 -2
right_child=28 2 6 5 15 17 14 -9 -10 -11 25 24 -14 -15 23 16 -18 19 -20 -21 -22 -23 -24 -25 -26 27 -28 -29 -30 -31
leaf_value=-0.011930550830484546 0.0041445132119793645 0.0050182708250474913 0.10766636475282076 -0.0070389495460922262 0.013605649348502322 -0.0029423334793438898 -0.018957234960324386 -0.01280098156738502 -0.0093807467021299763 0.0089740002337781889 -0.0028963308034182151 0.035840420451621717 0.070658699412228049 0.051394811162524555 0.0068862926164292857 0.020682447729901774 0.075284634785455537 0.0040488880818055949 0.013064203755868666 -0.0014524292160008523 -0.013949147438486569 -0.012052299834894852 -0.0037017290660406777 -0.0053332476497615971 0.0019011002074718628 0.018980582359561456 -0.014620060643674992 -0.014865382060279771 -0.011458989736863403 0.080528240343700569
leaf_weight=90.808554217219353 11.757252361625431 38.12158499378711 1.0712648928165429 60.813276585191488 169.98169904947281 76.817407184280455 17.602798930369318 44.297534817829728 196.85814186092466 79.940292136743665 77.709877070039511 6.0511723570525637 1.7198495399206866 4.5480527300387612 162.95348280854523 48.924403015524149 4.0970857609063378 467.53229236789048 134.25196079816669 468.36776286084205 102.47934848442674 1.3857704829424617 26.99085358902812 63.232246531173587 194.17853671312332 15.063779610209169 181.983652215451 10.07402801979333 87.701810517348349 1.7884771116077889
leaf_count=1427 250 731 24 984 2237 1296 254 550 2926 1013 1147 101 38 68 2138 555 55 5415 2066 5377 1506 24 424 773 2547 374 3739 236 1507 16
internal_value=-0.000106962 0.000226382 0.00366271 -0.000916221 0.00977378 0.000826961 -0.00245216 -0.00146443 -0.00483339 0.00204753 -0.00531896 -0.0012414 -0.0103954 0.00996143 0.0017779 0.0135892 0.0249017 0.0025003 0.00771827 0.00132352 -0.0115791 0.0401449 0.011234 0.00347021 0.00292679 -0.00932574 -0.0111119 0.00541674 -0.00915393 0.00818624
internal_weight=2849.1 2747.86 685.686 2062.17 336.961 1484.58 348.725 86.9672 337.612 140.754 577.589 292.758 92.5284 42.6696 243.789 249.994 53.0215 1146.97 211.069 935.9 104.936 2.45704 196.973 226.186 200.23 284.831 259.694 25.1378 101.248 13.5457
internal_count=39798 38025 9339 28686 4620 19077 4719 1349 4923 1997 9609 4113 1465 799 3165 3271 610 14154 3362 10792 1554 48 2661 2911 2648 5496 4886 610 1773 266
cat_boundaries=0 3 6 9 13 16 19 22 25 29 32
cat_threshold=3758097538 1161873409 2202148868 2735998593 1090570774 542114372 4980864 16793600 541067840 29622272 66560 2684356672 32 4735168 671154176 536873024 131072 608239625 2164260865 134226112 2163712 2688548928 2908288 671088640 541065472 25428096 134284288 2684357440 32 640 2064 4194308
is_linear=0
shrinkage=0.03


Tree=128
num_leaves=31
num_cat=12
split_feature=17 16 22 22 23 23 23 3 41 42 9 24 15 23 22 16 27 18 23 16 31 23 9 5 22 13 37 8 27 22
split_gain=9.42573 25.1982 15.4943 13.1142 16.5095 9.62084 9.25523 13.1222 9.20442 9.88735 9.78666 9.05003 14.2404 9.00384 11.2677 10.3545 24.784 8.14499 14.8907 14.726 9.39021 9.4612 7.79136 10.4632 7.56825 9.95573 8.39251 7.45504 9.01463 10.1743
threshold=0.14682539682539689 0.60615773115773131 0 1 2 3 4 -2.0978013852147535 1.3474564090467323 1047.5000000000002 0.67482980392603931 17.500000000000004 -4.4999999999999991 5 6 0.69519739519739543 0.051956815114709808 7 8 0.5790922040922043 5.5000000000000009 9 0.70371855450171972 1.1857131092603421 10 -0.76043478260869557 19.500000000000004 0.3338408174128431 0.094494047619047616 11
decision_type=2 2 9 9 9 9 9 2 2 2 2 2 2 9 9 2 2 1 9 2 2 9 2 2 9 2 2 2 2 9
left_child=1 3 6 4 8 11 7 -2 10 -10 -1 12 -4 14 15 -3 -17 20 19 -19 21 -5 23 -6 25 -13 -26 28 -7 -30
right_child=2 13 5 17 22 27 -8 -9 9 -11 -12 24 -14 -15 -16 16 -18 18 -20 -21 -22 -23 -24 -25 26 -27 -28 -29 29 -31
leaf_value=0.010247893679145333 0.087799967968835366 0.0083046734818706912 0.02735344152672194 -0.005767575305785407 -0.0011827877060350735 -0.0027735027193232652 -0.01531216331941096 0.0020998713154134936 -0.017460146691479307 0.0052626392689565536 0.034621004123360076 -0.032368465208719555 0.0057640375679766792 -0.01296280476820893 -0.010658217927926985 0.16667455605025186 0.028012733466856309 0.0073832326054915675 -0.0096171282521041006 0.10083095542598736 -0.011849179873109413 0.0033651907420980086 -0.015907105435336338 0.046451553136528601 0.0040389867183763676 0.024163650306783531 -0.0083639799232962022 -0.0096946326378756584 0.011975037378082934 -0.0037571510807859082
leaf_weight=143.31879104673862 1.7448913846164966 7.3269914565607888 40.929607018828392 131.58451028354466 296.4078634576872 204.77121050097048 62.132464155554771 20.497313069179654 18.912183467298746 194.28494639042765 16.537999790161848 3.0583709031343451 83.782580679282546 190.06347738206387 14.687434155493976 1.5128724956884978 4.9753626091405749 38.887230794876814 239.9298867508769 1.5793517269194115 58.553435916081071 358.19888235628605 32.834127489477396 4.2091208063065997 370.30694854073226 33.664014644920826 56.605708857998252 65.215883804485202 97.529821621254086 54.624438844621181
leaf_count=2182 35 146 396 2006 4384 2724 1122 347 350 2734 115 54 855 4988 378 39 108 630 3467 37 792 4956 207 32 3388 461 698 498 975 694
internal_value=-0.000105656 -0.00146913 0.00207842 -0.000112321 0.0028697 0.00311993 -0.00962399 0.00608653 0.00713612 0.00324696 0.0127694 0.00558064 0.0128495 -0.0109995 0.00491538 0.0189954 0.0603447 -0.0026571 -0.00673991 0.00884468 -0.000485997 0.000862545 -0.00197223 -0.00051583 0.00374576 0.0152914 0.00233963 -0.000359391 0.00133624 0.00686717
internal_weight=2848.67 1753.8 1094.86 1535.24 706.505 1010.49 84.3747 22.2422 373.054 213.197 159.857 588.347 124.712 218.566 28.5027 13.8152 6.48824 828.733 280.396 40.4666 548.337 489.783 333.451 300.617 463.635 36.7224 426.913 422.141 356.925 152.154
internal_count=39798 27551 12247 21892 10004 10743 1504 382 5381 3084 2297 5852 1251 5659 671 293 147 11888 4134 667 7754 6962 4623 4416 4601 515 4086 4891 4393 1669
cat_boundaries=0 3 7 11 14 17 20 24 25 28 31 34 38
cat_threshold=537001984 1124073500 2168455680 1711415328 1191253256 2170692101 4 25714688 153093120 2147485952 32 151126208 687931392 2151678020 2097280 153109504 541065732 4202624 0 2048 540017160 37814273 16777217 4 105 393344 16384 536873476 4341888 2163712 2684356608 1073743488 32768 8193 2149580802 541114369 131140 4
is_linear=0
shrinkage=0.03


Tree=129
num_leaves=31
num_cat=9
split_feature=22 41 4 6 3 4 23 15 5 28 42 22 23 26 15 3 37 26 23 26 22 40 22 0 3 22 12 23 41 1
split_gain=10.6457 9.4468 8.31584 14.5373 6.99422 9.71048 7.80706 14.5928 7.30415 6.91375 6.79813 12.5367 11.3691 9.01362 11.3618 8.26048 8.85452 8.8874 8.07803 11.6051 16.1012 15.4911 15.0732 13.73 11.6004 11.0525 9.51074 9.01702 7.94434 7.30534
threshold=0 0.64715031021698766 -0.5850138381608504 0.089898989898989853 0.56063501366039559 3.0442554792022056 1 -6.4999999999999991 0.7047357154190943 0.56581250000000016 1081.5000000000002 2 3 0.19782608695652179 -3.4999999999999996 1.1504769044797156 6.5000000000000009 0.086335403726708074 4 0.10582306830907051 5 -1.0000000180025095e-35 6 2100.0000000000005 -2.7801960768167744 7 0.80600000000000016 8 0.16711722669603318 9.5000000000000018
decision_type=9 2 2 2 2 2 9 2 2 2 2 9 9 2 2 2 2 2 9 2 9 2 9 2 2 9 2 9 2 2
left_child=1 2 3 -1 8 6 7 -6 -3 -4 11 12 13 14 -2 16 28 -18 25 20 21 -20 27 -22 -24 26 -12 -21 -13 -27
right_child=10 4 9 -5 5 -7 -8 -9 -10 -11 18 15 -14 -15 -16 -17 17 -19 19 22 23 -23 24 -25 -26 29 -28 -29 -30 -31
leaf_value=0.1601804146901353 0.00026358442133964831 -0.015693394822229999 -0.002897307199530443 -0.0027436025147061665 0.066987959681067133 0.062478232856973244 -0.014065260201854926 -0.00070028864039290686 0.054172358952836792 0.09557838947571462 0.0025013361410648931 0.046145291348794845 -0.0019595295055129637 0.00031822978479628401 0.028563267651408254 -0.017608133298632929 0.0043910685839353997 -0.0073381847778829076 0.005236975418940081 0.011755779252219489 0.0013709276844216598 0.022402990401319257 0.028266822540232935 0.051687705934768222 -0.005645934111549478 -0.0081816468401968157 -0.018343566742617112 0.00065136911376924896 -0.010761210159606491 0.0025829368045198735
leaf_weight=0.93919677101075638 19.167730192653835 96.938908451236784 7.2012910088524205 1.0372541490942238 3.8642710614949456 2.190648239105939 14.093316232785588 11.10181976854801 1.3657129481434811 0.70441489480435837 464.69757480081171 2.2416957411915055 172.05181543249637 38.264503680169582 38.242313095368445 45.971495885401964 137.41663083434105 100.77938484586775 101.59898700378835 97.341026339679956 390.28924682084471 88.550784158520401 9.3423970229923707 4.9425512216985217 320.72066222596914 245.33333164080977 20.571673618629575 186.6841061078012 146.38285848964006 73.810532798059285
leaf_count=28 284 3090 183 26 48 30 244 170 19 16 5920 33 1858 273 570 453 2541 1358 1155 879 6072 1232 96 74 3018 3789 348 1603 2857 1455
internal_value=-0.000263958 -0.00805815 0.0196372 0.0746768 -0.0107927 0.00157037 -0.00302118 0.010057 -0.0147228 0.00587708 0.000167083 -0.00237624 0.00271065 0.0104997 0.0191147 -0.00545949 -0.00415682 -0.000571512 0.00105701 0.0026042 0.00564828 0.01257 -0.000255169 0.0019508 -0.00454824 -0.00126665 0.00158501 0.00472746 -0.00990289 -0.00551911
internal_weight=2843.84 139.437 9.88216 1.97645 129.555 31.2501 29.0594 14.9661 98.3046 7.90571 2704.4 700.518 267.726 95.6745 57.41 432.792 386.821 238.196 2003.88 1199.47 585.382 190.15 614.088 395.232 330.063 804.413 485.269 284.025 148.625 319.144
internal_count=39722 3854 253 54 3601 492 462 218 3109 199 35868 10227 2985 1127 854 7242 6789 3899 25641 14129 8533 2387 5596 6146 3114 11512 6268 2482 2890 5244
cat_boundaries=0 3 6 10 14 18 22 26 30 33
cat_threshold=536871936 4116 536875076 134488064 18874368 2151678464 1074004640 1140885504 2153914880 4 2097344 150995968 2151678016 32 10764480 16793600 2151678528 32 2150637568 50400513 16384 4 8322 67223808 2164400129 4 2236928 1900052736 2169520641 4 16777216 2163712 256
is_linear=0
shrinkage=0.03


Tree=130
num_leaves=31
num_cat=10
split_feature=22 0 23 2 35 16 6 4 16 20 22 40 40 22 5 1 28 23 22 1 24 22 25 40 16 0 35 15 23 27
split_gain=10.1756 9.31337 12.3555 7.68542 6.55087 10.1173 8.06435 7.11066 10.195 6.4837 11.442 9.29622 11.3748 11.7698 10.8484 10.3026 11.859 9.32253 11.7457 11.349 9.54737 8.5026 10.6054 9.99592 7.15293 6.8957 6.77495 6.62442 6.96102 9.64307
threshold=0 1625.0000000000002 1 113.50000000000001 1.0000000180025095e-35 0.13464775964775963 0.079473684210526321 1.6317464690388237 0.21818181818181817 2 3 1.5612281247564546 1.5908665453108111 4 -1.1760154354105554 9.5000000000000018 -0.31595454545454532 5 6 4.5000000000000009 69.500000000000014 7 8 -0.35237073346015707 0.78797591297591307 1300.0000000000002 425.00000000000006 -8.4999999999999982 9 0.19782608695652179
decision_type=9 2 9 2 2 2 2 2 2 9 9 2 2 9 2 2 2 9 9 2 2 9 1 2 2 2 2 2 9 2
left_child=1 -1 3 -3 5 -4 -7 8 -6 11 27 17 15 25 -15 16 -13 18 20 -20 -2 22 -19 -23 26 -14 -12 -11 29 -29
right_child=9 2 4 -5 7 6 -8 -9 -10 10 24 12 13 14 -16 -17 -18 21 19 -21 -22 23 -24 -25 -26 -27 -28 28 -30 -31
leaf_value=-0.01327538030053849 -0.0092974110023994316 0.059071998023992559 -0.032855463851763522 -0.027352952187208974 0.075194522305764178 0.020582485775417183 0.069533494416060659 0.070400948990813936 -0.022923782519251611 -0.018908779318454673 0.0010809859919258197 -0.032562263368752967 -0.027407279005806681 -0.016055744725507911 0.022681597173959202 0.12610208409186088 0.074794729413790145 -0.0015045434086626819 0.019293775123396688 0.0042297288547679642 0.020121701328874867 0.0013189570411644889 0.006228782795228335 -0.006643279016368994 -0.0084145833802149565 0.0014765533510109263 -0.028905984116091781 -0.00060091475916063304 -0.010033020558837551 0.050395733289337795
leaf_weight=100.2855752594769 62.13225937820971 0.98993561137467523 1.7562137506902242 14.348331704735754 1.1123663112521152 6.2816989999264461 5.8494107760488987 1.1719539128243921 6.6557376142591238 39.118597402237356 825.49226940236986 1.6190455630421641 10.948214784264563 7.4988337177783242 49.167360993102193 1.3230882408097384 2.1634732671082011 339.71521093323827 75.413043500855565 111.64958514086902 11.816236893646417 262.94307264685631 288.56427667941898 308.27079534344375 82.730941097252071 23.207947480492294 6.8370042350143185 84.152257421053946 106.34505541343242 3.4749419670552006
leaf_count=2865 788 33 26 422 18 155 109 30 196 631 9429 30 221 181 693 26 27 3754 748 1605 186 3737 3395 5635 1250 400 117 1261 1714 40
internal_value=-0.000257675 -0.00790444 0.00413738 -0.0131813 0.0149844 0.034443 0.0441858 0.00151854 -0.00887357 0.000162398 -0.00154026 0.00142023 0.010476 0.00802668 0.014922 0.0540466 0.0288423 0.00083516 0.00585712 0.00977988 -0.00404899 -0.000303919 0.00208926 -0.00292684 -1.5471e-06 -0.00601939 0.000834664 -0.00733233 -0.00537571 0.00127581
internal_weight=2843.03 138.451 38.1656 15.3383 22.8274 13.8873 12.1311 8.94006 7.7681 2704.58 1148.15 1556.43 95.928 90.8224 56.6662 5.10561 3.78252 1460.5 261.011 187.063 73.9485 1199.49 628.279 571.214 915.06 34.1562 832.329 233.091 193.972 87.6272
internal_count=39722 3854 989 455 534 290 264 244 214 35868 14442 21426 1578 1495 874 83 57 19848 3327 2353 974 16521 7149 9372 10796 621 9546 3646 3015 1301
cat_boundaries=0 3 7 8 11 14 17 20 24 25 28
cat_threshold=536871936 4116 536875076 2113536 153158656 4196672 32 1442 3222536705 50348041 131584 2105352 100763656 139265 8388608 2098176 536871172 3146368 4294656 513 3224764928 352357385 156160 4 36 23224320 553713664 536873216
is_linear=0
shrinkage=0.03


Tree=131
num_leaves=31
num_cat=8
split_feature=22 39 4 7 4 41 14 24 15 12 22 23 40 40 12 15 40 33 15 42 41 12 41 15 7 20 22 26 23 22
split_gain=9.80681 9.67758 12.3767 12.7862 7.02357 12.764 8.74063 7.76174 17.2789 6.60114 7.87774 9.49366 8.00577 15.9437 7.01287 13.8241 11.3515 10.5915 12.9676 7.81443 6.51186 8.42866 10.2448 6.98303 7.96665 6.17527 12.7747 10.0519 9.91801 7.68753
threshold=0 0.56063501366039559 2.3386402778627704 0.28730158730158734 -0.5850138381608504 0.61647472965690253 -1.0000000180025095e-35 117.00000000000001 10.500000000000002 0.97900000000000009 1 2 -0.99204367803915139 -0.021573141039758745 0.76200000000000012 -11.499999999999998 0.27258745722270133 3 2.5000000000000004 1027.5000000000002 1.2727355355572374 -0.5918333333333331 1.0404727543353187 -6.4999999999999991 0.25866188769414572 4 5 0.042109929078014162 6 7
decision_type=9 2 2 2 2 2 2 2 2 2 9 9 2 2 2 2 2 1 2 2 2 2 2 2 2 9 9 2 9 9
left_child=1 4 20 -4 5 6 -1 -7 -9 14 11 12 -11 -14 25 16 -16 18 -17 -19 21 -3 -23 24 -22 29 28 -28 -27 -2
right_child=9 2 3 -5 -6 7 -8 8 -10 10 -12 -13 13 -15 15 17 -18 19 -20 -21 23 22 -24 -25 -26 26 27 -29 -30 -31
leaf_value=0.00761444471685911 0.0057612807175981126 -0.0096188294331587595 0.10343664568607756 -0.011854109331855831 -0.019770679445077922 -0.010155140017255882 0.1476747422659804 -0.031213493701963583 0.19698181088194838 -0.012191216270638615 -0.014635228304811253 -0.0075078875917546917 0.090647334075104335 0.012031437536206582 0.10880179126838296 0.001030588289942869 0.0050207553646216705 0.067058512838278128 0.096323710862014966 -0.0032849853681374414 0.058880619125598527 0.00020848963133677517 0.099312139609734534 -0.024725718771651188 -0.020695986468413172 0.0012908846134936848 0.007346065989119085 -0.0011757799662436156 -0.010836447352401466 0.00037832911239426366
leaf_weight=0.77064348571002483 288.94141404982656 3.9106979873031378 2.1983904652297492 1.4281964488327501 60.297699816524982 25.252585005946461 0.83606009557843453 0.6909597935155023 0.52596194483339787 2.7254764139652243 46.786286311224103 23.303958461619914 4.1038018502295008 5.3465333227068177 2.3214739356189962 2.6763517055660486 1.6039067339152095 1.4958646325394536 2.472601942718029 28.521566661074758 2.2725887279957595 1.7547158766537969 2.0189394447952509 11.536255294457073 2.2565211709588766 92.048073349520564 152.97805138863623 670.89185507409275 187.06713059172034 1212.8327725064009
leaf_count=23 4418 70 36 22 2167 835 20 24 19 35 770 442 58 99 32 43 29 27 33 405 38 24 26 203 27 1464 2503 6773 3015 16042
internal_value=-0.000251718 -0.00844223 0.00641384 0.0580337 -0.0139996 -0.00160538 0.0804959 -0.00658894 0.0674141 0.000126553 -0.00824185 0.00336536 0.0181774 0.0461703 0.000387423 0.0129997 0.066397 0.00703928 0.0467917 0.000220456 -0.00146852 0.0212451 0.0532298 -0.0123328 0.0192335 0.000198141 -0.0014994 0.0004017 -0.00693072 0.00144527
internal_weight=2841.87 115.75 27.3763 3.62659 88.3739 28.0762 1.6067 26.4695 1.21692 2726.12 82.2661 35.4798 12.1758 9.45034 2643.85 39.0918 3.92538 35.1664 5.14895 30.0174 23.7497 7.68435 3.77366 16.0654 4.52911 2604.76 1102.99 823.87 279.115 1501.77
internal_count=39722 3534 446 58 3088 921 43 878 43 36188 1404 634 192 157 34784 569 61 508 76 432 388 120 50 268 65 34215 13755 9276 4479 20460
cat_boundaries=0 3 6 9 10 11 14 17 20
cat_threshold=1024 4116 536875076 131586 637599744 5251072 136577152 136380416 541065220 4 1442 3222536705 385957897 139776 19021824 553648128 2684354816 3221619200 16826369 8704
is_linear=0
shrinkage=0.03


Tree=132
num_leaves=31
num_cat=7
split_feature=37 17 16 20 23 18 23 23 13 11 16 23 16 1 24 18 16 16 10 42 37 0 8 37 31 15 15 15 41 13
split_gain=9.66801 8.4754 21.6966 9.37855 11.0875 10.4124 14.5387 10.4361 10.3763 9.21118 7.47292 7.29952 10.3322 14.1935 8.85405 8.47309 6.96912 8.91093 15.5068 9.9385 10.599 7.67023 6.98516 6.92019 7.36738 10.1789 6.73938 11.0464 5.69574 5.63292
threshold=23.500000000000004 0.091269841269841265 0.62616550116550129 0 1 2 3 4 -0.64373913043478248 0.15849282296650716 0.37098734598734601 5 0.24242424242424246 7.5000000000000009 21.500000000000004 6 0.38927738927738947 0.35897435897435914 0.044949494949494906 1157.5000000000002 11.500000000000002 1725.0000000000002 0.62146440840406891 24.500000000000004 4.5000000000000009 18.500000000000004 -7.4999999999999991 -2.4999999999999996 1.7128694395800743 -0.66999999999999982
decision_type=2 2 2 9 9 1 9 9 2 2 2 9 2 2 2 1 2 2 2 2 2 2 2 2 2 2 2 2 2 2
left_child=1 2 3 4 8 6 -5 -7 -1 -4 -6 12 13 14 -2 23 17 18 22 20 -19 -20 -3 -13 25 -25 -11 -28 -21 -18
right_child=11 16 9 5 10 7 -8 -9 -10 26 -12 15 -14 -15 -16 -17 29 19 21 28 -22 -23 -24 24 -26 -27 27 -29 -30 -31
leaf_value=0.02643490175199819 0.11084548020055628 0.041041480924056302 -0.016158456479772057 -0.0038316540188226707 0.0046267140148653256 0.0012818913039254309 0.00922613985152578 -0.0062997453170322926 0.0066090026000270091 -0.031920073694687127 -0.0088325990530899734 -0.02360073514776952 8.9497619018480071e-05 -0.020992674878542162 0.032729678627115379 -0.010547397737146065 -0.0029857465648560847 0.052118681913129794 -0.0021954271052241677 -0.0088422180835139308 0.0019715512647414195 0.025877206075352842 -0.012990261901095078 0.0058991248520189037 -0.013672783185816328 0.065072892070533225 0.10808625181063494 0.011378053236751335 0.040685108383223818 0.0025207048771326013
leaf_weight=34.35393200814724 2.2633749991655341 13.266110612079499 106.77458647824824 136.44260550010949 96.650456346571445 261.2960043400526 156.71155718527734 428.07400038093328 77.034316631034017 2.1812262525781989 60.283804437145591 9.2840718403458578 34.433854194357991 2.4846974238753319 3.0869613904505968 182.53827906120569 212.14585685823113 12.586173497140413 94.471495684236288 9.5684731192886812 5.4297107011079779 9.6548196822404844 2.5706533454358569 61.320767476223409 17.233989713713527 2.7328832894563666 1.2841282272711394 6.173322379589079 2.6737491264939299 789.15907864272594
leaf_count=525 22 126 3254 2093 1226 3744 2161 6339 1185 57 1041 142 548 38 32 3072 2668 101 591 71 45 70 20 970 280 43 33 143 20 9036
internal_value=-0.000258224 0.000361785 -0.00123526 -8.23616e-05 0.00478572 -0.0014458 0.00322274 -0.00344879 0.0116755 -0.013623 -0.000510912 -0.00520995 0.00579391 0.0382589 0.0657753 -0.00687348 0.00225803 0.0082835 0.00461393 0.0228321 0.0370051 0.000407529 0.0322709 0.000843457 0.00373905 0.00842381 0.0144638 0.0280306 0.00197474 0.00135406
internal_weight=2834.16 2518.79 1367.26 1250.85 268.323 982.524 293.154 689.37 111.388 116.413 156.934 315.379 42.2689 7.83503 5.35034 273.11 1151.53 150.221 119.963 30.2581 18.0159 104.126 15.8368 90.5717 81.2876 64.0537 9.63868 7.45745 12.2422 1001.3
internal_count=39696 34549 21801 18314 3977 14337 4254 10083 1710 3487 2267 5147 640 92 54 4507 12748 1044 807 237 146 661 146 1435 1293 1013 233 176 91 11704
cat_boundaries=0 1 5 6 10 13 16 17
cat_threshold=1412 14680128 18890752 2684357380 32 65 30154880 153092096 541065216 32 12730528 136315904 4194560 131072 136314880 536870916 9
is_linear=0
shrinkage=0.03


Tree=133
num_leaves=31
num_cat=14
split_feature=37 22 17 16 22 18 23 23 22 26 9 11 4 11 23 22 24 22 23 41 16 26 23 22 28 28 6 31 23 20
split_gain=9.17424 9.75936 7.9692 20.7056 16.1737 17.6819 19.9581 15.6473 14.0294 17.0158 24.3866 8.77628 8.44834 8.43742 10.1924 9.79366 8.93459 16.0133 10.7614 8.57555 7.94957 8.34141 7.79122 9.20965 11.7172 11.3575 7.78647 8.40502 7.58761 9.26446
threshold=23.500000000000004 0 0.091269841269841265 0.62616550116550129 1 2 3 4 5 0.15301003344481603 0.38720342950163394 0.15849282296650716 3.5116693660140403 0.097167584579071611 6 7 14.500000000000002 8 9 2.09557302172681 0.20716783216783211 0.21352583586626137 10 11 -0.029999999999999947 -0.066333333333333286 0.086335403726708074 3.5000000000000004 12 13
decision_type=2 9 2 2 9 1 9 9 9 2 2 2 2 2 9 9 2 9 9 2 2 2 9 9 2 2 2 2 9 9
left_child=2 20 3 4 28 7 -7 -6 9 12 -11 -5 -4 16 15 -15 17 -10 -18 -16 21 26 23 24 25 -3 27 -2 29 -1
right_child=1 22 8 11 5 6 -8 -9 13 10 -12 -13 -14 14 19 -17 18 -19 -20 -21 -22 -23 -24 -25 -26 -27 -28 -29 -30 -31
leaf_value=-0.0037318732111097752 0.058489172398852117 0.018719139560755958 0.0098719947831654112 -0.015907395360532987 0.0001253199866541823 -0.010768910022776431 0.0030380032334648842 0.013001194393626519 0.020404108507368564 0.1206257660537757 0.0073821187383737849 0.01382346967813535 0.080225704020642399 0.015987818530270675 -0.00015251956143593807 0.0010478389090777776 -0.010627349741851635 -0.0037749858350765689 -0.00022983526008875477 0.02134588791830078 -0.001700735203522096 0.073756473410726969 -0.012756171205233697 -0.009401387433341242 -0.008925553207242377 0.1028881101040007 -0.0043029302574804406 0.0036264292840501515 -0.0079622671454319133 0.0089636824893014246
leaf_weight=191.1840181350708 5.1758992336690479 22.482299622148279 54.670192134566605 105.2295730933547 154.66350570227951 131.95722360070795 272.66910667717457 197.12397014442831 34.54678644426167 3.3008918929845086 3.5543072409927845 9.7651228485628945 1.5805852003395546 96.551788855344057 329.12083885166794 77.486357341520488 109.51484690140933 53.869988824240863 371.48102632537484 17.591622581705451 72.94642049074173 2.2122478410601607 135.86350482143462 41.345748162828386 16.146583143621683 1.5417963583022345 11.47836955450475 4.8852814082056284 243.44724091514945 59.691338373348117
leaf_count=2630 62 339 1012 3254 2271 2021 3941 2797 368 47 37 233 21 833 3207 773 1352 692 4234 172 1235 22 2278 713 246 22 162 68 3825 829
internal_value=-0.000252705 -0.00508743 0.000350107 -0.00120048 -8.04303e-05 0.00266634 -0.00161585 0.00750024 0.00218636 0.0149224 0.0619108 -0.0133827 0.0118489 0.0013003 0.00407203 0.00975451 -0.00121173 0.0075532 -0.0028229 0.000911971 0.00290693 0.0182819 -0.00839131 -0.000517466 0.00867767 0.0241209 0.0125843 0.0318502 -0.00425148 -0.000483381
internal_weight=2833.08 314.078 2519 1365.73 1250.74 756.414 404.626 351.787 1153.27 63.106 6.8552 114.995 56.2508 1090.16 520.751 174.038 569.413 88.4168 480.996 346.712 96.6982 23.7518 217.38 81.5164 40.1707 24.0241 21.5396 10.0612 494.323 250.875
internal_count=39696 5147 34549 21801 18314 11030 5962 5068 12748 1117 84 3487 1033 11631 4985 1606 6646 1060 5586 3379 1549 314 3598 1320 607 361 292 130 7284 3459
cat_boundaries=0 3 6 7 10 14 17 20 24 27 30 33 35 39 40
cat_threshold=2097666 33587200 2147623425 2687501474 838895637 34742336 73 136585408 553664512 2048 21889152 134217728 541065792 32 1049728 32768 8260 134488192 536871936 324 2149720074 4194304 131073 4 8200 71321601 2147483648 2359360 536871936 836 8790208 673185792 536872964 2147491849 557842689 138805312 150995968 536871172 32 2600
is_linear=0
shrinkage=0.03


Tree=134
num_leaves=31
num_cat=5
split_feature=37 22 22 24 40 11 3 2 16 17 13 41 17 22 16 22 19 10 3 17 17 17 27 17 27 28 4 3 28 3
split_gain=8.74954 9.29742 7.74538 10.9343 9.57781 8.94599 9.13594 7.66944 7.35777 7.28442 8.81485 8.33747 7.22947 17.134 15.6222 9.91229 11.0867 7.30266 7.14071 10.7714 10.702 9.36208 11.8406 6.90381 6.37899 6.03734 5.90501 10.405 10.5155 8.84762
threshold=23.500000000000004 0 1 24.500000000000004 0.020542923025290701 0.20881782945736432 -3.0188489230955571 116.50000000000001 0.20716783216783211 -0.48397435897435886 0.46500000000000002 2.0613975723424303 -0.014297739297739248 2 0.4685314685314686 3 4 0.079473684210526321 -1.4392891154589378 -0.291590354090354 -0.24999999999999992 -0.027625152625152544 0.051956815114709808 0.33333333333333343 1.0000000180025095e-35 0.47013513513513522 0.64060757274280011 0.48674480638900247 -0.7537087912087912 0.73899442941151339
decision_type=2 9 9 2 2 2 2 2 2 2 2 2 2 9 2 9 9 2 2 2 2 2 2 2 2 2 2 2 2 2
left_child=2 8 3 26 5 6 -5 18 9 -2 11 -11 13 -9 -15 16 -14 -17 21 -20 -21 22 -4 -23 -10 -3 29 28 -28 -1
right_child=1 25 7 4 -6 -7 -8 12 24 10 -12 -13 15 14 -16 17 -18 -19 19 20 -22 23 -24 -25 -26 -27 27 -29 -30 -31
leaf_value=-0.0055185536213992964 -0.014660067082931745 -0.0068218797697048115 -0.0041811338133132077 0.034965436751476654 -0.018701933744528332 0.060370241083633376 -0.0067979224733125199 -0.0073345471970698113 0.055889744747039206 0.041195758358203549 -0.033429059723690424 -0.020481092915615264 -0.0062801756240295397 0.0053708653912369021 -0.011918933166982905 0.010430718883340691 0.0016065730918743851 0.0027173531162707999 -0.024103908763286844 0.052748854416050754 0.005643403010944726 -0.010684723602015389 0.064471784843311744 0.040679104849816607 -0.0030218453390423086 -0.022734791060665643 0.051699564403254988 -0.0015413489667101116 0.0090644827122086987 0.01937573128474801
leaf_weight=92.922099565155804 5.0238847490400103 191.84931208752096 3.2540191635489482 4.9121636645868412 60.108362080529332 1.9069219138473261 116.95539522264153 291.29766819253564 1.693594817072152 14.768916811794048 2.0126119889318934 2.2766448408365241 200.40749618597329 284.87752633541822 56.333894491195679 157.27684774715453 665.59760439675301 371.16809751093388 10.613793371245263 4.5142734367400399 112.92160381842405 8.0286058988422138 7.4089693417772651 3.3327899668365708 71.147893544286489 24.160260392352939 8.6402761237695831 28.526876553893089 13.100363402627407 14.910830928012727
leaf_count=2098 84 3175 85 124 1523 27 2186 4995 31 178 25 27 2148 3411 1192 2707 7345 3514 206 65 1493 157 156 37 1204 423 274 371 284 151
internal_value=-0.000246133 -0.00497722 0.000341602 -0.00379203 -0.00887695 -0.00410566 -0.00511455 0.00100375 0.00281056 0.017476 0.0259473 0.0329581 0.00052385 -0.00213639 0.00244468 0.00173051 -0.000269404 0.00491992 0.00755231 0.00483836 0.00745415 0.0233312 0.043521 0.00438251 -0.00165213 -0.00822112 0.00188228 0.010374 0.0260087 -0.00207624
internal_weight=2831.95 312.933 2519.02 341.983 183.883 123.774 121.868 2177.03 96.9235 24.0821 19.0582 17.0456 2026.96 632.509 341.211 1394.45 866.005 528.445 150.074 128.05 117.436 22.0244 10.663 11.3614 72.8415 216.01 158.1 50.2675 21.7406 107.833
internal_count=39696 5147 34549 7038 3860 2337 2310 27511 1549 314 230 205 25312 9598 4603 15714 9493 6221 2199 1764 1558 435 241 194 1235 3598 3178 929 558 2249
cat_boundaries=0 3 6 9 13 14
cat_threshold=2097666 33587200 2147623425 571474976 587202588 2182221824 3223454338 335579136 4218949 2147753995 1078018051 18874369 4 517
is_linear=0
shrinkage=0.03


Tree=135
num_leaves=31
num_cat=8
split_feature=20 22 22 23 4 41 14 17 42 12 2 16 3 9 17 41 5 26 24 42 24 28 41 27 20 23 3 2 23 23
split_gain=9.83154 16.4303 14.393 11.4778 14.985 12.3571 10.9335 9.56647 10.7266 9.23092 9.21196 8.64143 8.49971 8.2137 7.9209 7.71133 9.53333 7.64961 9.19622 8.57356 7.70071 8.18862 7.6785 12.9905 6.78937 8.88311 11.165 9.6879 7.51841 6.57379
threshold=0 1 2 3 -2.2795496209542407 1.0066722257921301 -5.4999999999999991 0.28571428571428581 1270.5000000000002 -0.25549999999999989 121.50000000000001 0.35674048174048173 0.18444639718744263 0.50712816198009625 -0.44444444444444431 0.84613156275862367 0.31199287502667761 0.13245614035087719 6.5000000000000009 1234.5000000000002 90.500000000000014 1.0015625000000001 2.2953162371200642 0.070598006644518263 4 5 -4.4999357161218878 116.50000000000001 6 7
decision_type=9 9 9 9 2 2 2 2 2 2 2 2 2 2 2 2 2 2 2 2 2 2 2 2 9 9 2 2 9 9
left_child=1 3 13 7 11 10 -7 8 -1 -9 -6 -5 -11 -2 29 16 -15 18 -3 20 21 -19 -20 -24 25 27 -27 -16 -26 -4
right_child=2 17 14 4 5 6 -8 9 -10 12 -12 -13 -14 15 24 -17 -18 19 22 -21 -22 -23 23 -25 28 26 -28 -29 -30 -31
leaf_value=-0.016051135839024684 -0.010279716971998743 0.073644351352657803 0.0048551804994846869 0.11846000273113663 0.092750861275768509 0.072522138195835667 -0.0044370777390573485 -0.01380012635173351 0.054926025314099604 -0.0028929938280203762 0.020163234942832547 0.028110427040270315 0.046659174211425652 -0.0071978693914894832 0.0092426800072666661 -0.0024512727284433651 0.05262716429836739 -0.021708352206220183 0.010651509524786653 0.051369204379766262 0.039056311030317682 0.017029469643967808 0.00085909854261987349 0.070756291437637744 0.0082784623479427184 0.0232602716237825 0.0016647215649067716 -0.0032824641255806454 -0.011917611403331599 -0.014433281116219023
leaf_weight=77.889267386868596 215.21890872437507 2.2278712373226872 20.647474677301943 1.5680491309612983 1.8611723389476527 1.7135164672508825 54.648318413645029 9.9558439888060111 1.9646470043808211 5.5699816644191724 10.18053559027612 2.4279757812619209 7.0697979759424925 4.2545907907187921 60.928348995745182 54.764037672430277 5.4915870986878872 20.32386961765588 153.69125598948449 2.4232067950069895 2.9074463695287696 6.4760460676625362 4.4699121452867967 5.1503383107483387 15.912133682519196 21.900066232308745 1333.8449089303613 632.97193918842822 68.511015001684427 48.694751029834151
leaf_count=1079 5354 33 438 17 25 35 656 109 20 57 114 41 50 46 918 590 44 279 2842 28 42 88 83 80 124 238 16182 8663 747 940
internal_value=-0.000233991 0.00424618 -0.0009195 -0.00244657 0.00623413 0.0037964 -0.00209736 -0.00858995 -0.0143049 0.00780528 0.0313824 0.0635638 0.024823 -0.00720759 -9.22533e-05 0.00192436 0.0265112 0.009999 0.0131049 -0.00289076 -0.0073167 -0.0123476 0.012279 0.0382796 0.00023156 0.000590061 0.00199882 -0.00215168 -0.00763744 -0.0100712
internal_weight=2855.66 372.519 2483.14 174.849 72.3996 68.4035 56.3618 102.45 79.8539 22.5956 12.0417 3.99602 12.6398 279.729 2203.41 64.5102 9.74618 197.67 165.539 32.1306 29.7074 26.7999 163.312 9.62025 2134.07 2049.65 1355.74 693.9 84.4231 69.3422
internal_count=39962 5678 34284 2203 888 830 691 1315 1099 216 139 58 107 6034 28250 680 90 3475 3038 437 409 367 3005 163 26872 26001 16420 9581 871 1378
cat_boundaries=0 1 5 8 11 12 16 19 23
cat_threshold=384 3221226626 83953925 2168602624 4 571473953 33560348 4676 151412928 553713664 4196864 1070 10502144 153108480 2684357120 32 8388608 150994944 2048 10764288 553713664 536873472 32
is_linear=0
shrinkage=0.03


Tree=136
num_leaves=31
num_cat=7
split_feature=20 22 22 23 4 8 14 17 42 10 13 9 37 14 5 26 16 14 12 12 27 23 15 41 5 41 16 20 6 23
split_gain=9.21574 15.3135 13.6407 10.8372 13.2995 11.7431 11.0547 9.10915 9.93562 9.05972 8.37943 7.8311 7.66386 7.57167 8.70077 9.85062 7.71768 10.8734 10.2079 9.86503 9.26483 8.41097 7.25621 7.14915 8.61288 6.99981 6.94927 6.86778 13.5334 9.00747
threshold=0 1 2 3 -2.2795496209542407 0.043895815427746405 -5.4999999999999991 0.28571428571428581 1270.5000000000002 0.1939964157706093 -0.30599999999999966 0.50712816198009625 25.500000000000004 -2.4999999999999996 0.10567034237895916 0.041241496598639411 0.42757705257705253 2.5000000000000004 -0.57699999999999985 1.4610000000000001 0.057983193277310906 4 -1.0000000180025095e-35 0.84613156275862367 0.31199287502667761 1.3095381576636804 0.35674048174048173 5 0.82575757575757591 6
decision_type=9 9 9 9 2 2 2 2 2 2 2 2 2 2 2 2 2 2 2 2 2 9 2 2 2 2 2 9 2 9
left_child=1 3 11 7 26 6 -6 8 -1 -9 -11 -2 27 14 -3 22 17 20 -19 21 -15 -18 -16 24 -13 -17 -5 -4 29 -29
right_child=2 13 12 4 5 -7 -8 9 -10 10 -12 23 -14 16 15 25 19 18 -20 -21 -22 -23 -24 -25 -26 -27 -28 28 -30 -31
leaf_value=-0.015765865184921051 -0.010062345236139024 -0.008466301961387904 0.0007804898498649436 0.10526082137895447 0.08335783379072792 -0.018878030813729962 0.007906506588731526 -0.0081054256966617833 0.051368884765105094 0.0016835807112471326 0.058998482261208698 -0.0070187535563363017 -0.0063590971783652108 0.0030287394079367407 0.021326224375030033 0.049455409238148507 -0.0058639770742524456 0.031581657922838895 -0.010913544591135801 0.082356630398725872 0.036951224788810258 0.011752425172670441 0.11014025787882462 -0.0023818905620361505 0.049574569141947911 -0.032714558837136545 0.026659067880579243 0.0096987993981217848 0.026174673811694769 -0.01574598684079891
leaf_weight=76.934257972985506 213.301548210904 31.985653295181692 1957.4803266469389 1.7093691676855076 1.8098838040605176 15.95670500397682 50.83435417804867 13.494614418596031 2.0365225188434115 4.5625934675335884 4.6207195147871953 4.2326094415038806 162.64619731158018 9.2131986245512945 1.6428195126354697 1.4459049105644224 32.344121597707272 7.820773838087919 14.556642673909662 1.5587463974952687 33.938302609138191 60.58864972833544 1.6690738853067149 54.669936878606677 5.6522875595837831 2.6305301375687122 2.4824937209486961 11.241323202848433 9.0436268821358663 62.819409657269716
leaf_count=1079 5354 733 24700 17 35 159 636 154 20 32 30 46 2694 154 23 18 608 124 208 28 469 1051 21 590 44 38 41 126 42 688
internal_value=-0.000229451 0.0040995 -0.000894629 -0.00238414 0.00601102 0.00366699 0.0105005 -0.00839601 -0.0140346 0.00753673 0.0305224 -0.00703833 -9.15262e-05 0.00961472 -0.00168847 0.0276542 0.0129968 0.0209082 0.00393828 0.00751026 0.0297085 0.00625487 0.0660853 0.00186329 0.0253419 -0.003569 0.0587115 0.000407586 -0.00756016 -0.0127004
internal_weight=2854.92 373.836 2481.09 174.442 72.7928 68.6009 52.6442 101.649 78.9708 22.6779 9.18331 277.856 2203.23 199.394 39.374 7.38833 160.02 65.5289 22.3774 94.4915 43.1515 92.9328 3.31189 64.5548 9.8849 4.07644 4.19186 2040.58 83.1044 74.0607
internal_count=39962 5678 34284 2203 888 830 671 1315 1099 216 62 6034 28250 3475 833 100 2642 955 332 1687 623 1659 44 680 90 56 58 25556 856 814
cat_boundaries=0 1 5 8 11 13 14 17
cat_threshold=384 3221226626 83953925 2168602624 4 571473953 33560348 4676 151412928 553713664 4196864 153878656 673185792 1070 25165824 16777216 2304
is_linear=0
shrinkage=0.03


Tree=137
num_leaves=31
num_cat=9
split_feature=20 22 23 22 41 2 40 42 16 26 23 27 26 1 22 24 41 28 16 24 26 40 17 35 20 6 23 23 41 0
split_gain=8.6516 13.8436 18.9507 12.7596 10.9704 18.0598 19.2824 13.7156 10.4043 12.7104 10.2488 11.1884 10.1773 9.11393 9.19423 11.2024 9.10706 14.112 12.4674 7.55023 12.594 8.06369 7.10603 7.90316 7.12193 12.9882 7.58945 6.72455 7.7425 7.40842
threshold=0 1 2 3 1.1224641390176451 125.50000000000001 1.103013674486119 1119.5000000000002 0.24103535353535352 0.064866760168302909 4 1.0000000180025095e-35 1.0000000180025095e-35 4.5000000000000009 5 222.50000000000003 1.6658949381024122 -0.55192592592592582 0.81827894327894335 90.500000000000014 0.059411764705882351 -1.1334974761077541 -0.44444444444444431 425.00000000000006 6 0.82575757575757591 7 8 0.40398538489769559 1725.0000000000002
decision_type=9 9 9 9 2 2 2 2 2 2 9 2 2 2 9 2 2 2 2 2 2 2 2 2 9 2 9 9 2 2
left_child=1 2 -1 27 5 7 -7 -4 9 -6 11 12 -3 16 15 -15 18 -18 -12 21 -21 -13 -5 24 26 -26 -24 28 -2 -30
right_child=3 10 4 22 8 6 -8 -9 -10 -11 13 19 -14 14 -16 -17 17 -19 -20 20 -22 -23 23 -25 25 -27 -28 -29 29 -31
leaf_value=-0.010905395714852148 0.058875846699868242 0.14797566619264624 0.099173386085075046 -0.0094226921651065342 0.075206841910550826 -0.010611368778051711 0.075217486063928585 0.011943142616473841 -0.0039602881750989763 0.0051045235889987713 -0.0011236395778407644 0.036524531242203041 0.033932303378957938 0.0067082447456731373 -0.0098905896781988148 0.091566566151295659 -0.0058265754204840908 0.047486704330209163 0.057350285468471068 0.098308200161056625 0.014139271684688802 0.0086797479025427348 -0.0016455898088296791 -0.015777328196618323 -0.012695953020487406 0.02523356913022581 0.0020712261658087775 -0.013513100693718723 -0.00086680826380360694 -0.02714781786944229
leaf_weight=93.649548192508519 1.8258831053972233 1.1621515825390809 4.4214753285050419 72.82508647814393 3.5734357722103578 10.857524139806626 3.0085781849920741 2.5624536257237196 44.819446716457605 6.6775698233395815 33.289526448585093 12.211692759767173 1.7874522432684896 38.45164592191577 46.664994830265641 1.4530320446938265 6.7002963535487678 13.415313392877577 3.6405366705730549 2.7467884542420498 3.8319700211286545 40.086943982169032 786.45764092728496 27.849266974255443 75.950661094859242 9.098626956343649 1298.3777788244188 96.112302524037659 99.781498213298619 10.68744569737464
leaf_count=1389 30 22 50 1497 46 120 37 29 580 67 428 167 29 816 736 28 115 154 57 59 63 686 10885 524 858 42 15783 2345 2111 209
internal_value=-0.000223579 0.00396329 -0.00236578 -0.000869439 0.00821126 0.0278264 0.00801123 0.067168 0.0022759 0.0295417 0.00905457 0.0188064 0.0788657 0.00390541 -0.00195748 0.00783478 0.0134873 0.0297286 0.00464067 0.0189917 0.0492818 0.0151815 -0.000202129 0.000102488 0.000306297 -0.00772941 0.000667978 -0.00779754 -0.00220068 -0.00340939
internal_weight=2853.98 375.012 169.57 2478.97 75.9205 20.85 13.8661 6.98393 55.0705 10.251 205.442 61.827 2.9496 143.615 86.5697 39.9047 57.0457 20.1156 36.9301 58.8774 6.57876 52.2986 2270.56 2197.73 2169.88 85.0493 2084.84 208.407 112.295 110.469
internal_count=39962 5678 2318 34284 929 236 157 79 693 113 3360 1026 51 2334 1580 844 754 269 485 975 122 853 29589 28092 27568 900 26668 4695 2350 2320
cat_boundaries=0 1 5 9 12 16 19 20 23 26
cat_threshold=384 3758105730 83951877 2168602624 4 286912 553713664 2151680512 32 537919520 33559316 580 8912960 16793600 541065220 32 3277320 536887304 4 1070 11026560 153108480 2684357120 155459648 555810816 536871744
is_linear=0
shrinkage=0.03


Tree=138
num_leaves=31
num_cat=9
split_feature=17 22 5 16 41 22 23 28 15 15 7 41 28 22 18 26 8 23 23 7 33 26 42 22 5 5 15 39 12 12
split_gain=8.1635 13.6781 15.1192 13.0228 12.7634 12.6791 10.0277 15.8652 14.7446 9.21814 10.107 8.35056 7.85041 7.38941 9.97733 18.0576 10.5598 9.81516 8.791 14.0521 11.0922 10.3322 8.93631 8.75765 7.77944 7.16687 8.49149 6.67371 6.66728 7.12336
threshold=0.50036075036075056 0 0.59548810947606523 0.74368686868686884 1.9096477297636658 1 2 -0.67193749999999997 -9.4999999999999982 -3.4999999999999996 0.59629629629629644 2.1251906789667596 1.3245000000000002 3 4 1.0000000180025095e-35 0.23073241745869563 5 6 0.24068965517241384 7 0.3407317073170732 1114.5000000000002 8 1.2575313213968007 -1.057332040227658 1.0000000180025095e-35 -3.9402355413132155 -0.52986486486486484 0.16048780487804884
decision_type=2 9 2 2 2 9 9 2 2 2 2 2 2 9 1 2 2 9 9 2 1 2 2 9 2 2 2 2 2 2
left_child=3 2 4 13 25 6 -5 8 -8 10 -4 -6 -9 14 15 -1 -17 27 21 20 -20 23 -21 -15 -19 -2 -27 -16 -11 -30
right_child=1 -3 9 5 11 -7 7 12 -10 28 -12 -13 -14 18 17 16 -18 24 19 22 -22 -23 -24 -25 -26 26 -28 -29 29 -31
leaf_value=-0.013710862386333525 -0.017177314306061627 -0.0064224917042068281 -0.0087244985380799077 -0.0094643533468179546 0.081941774457694391 -0.010702247335300454 0.10696139231038516 0.00048146550250552817 0.023640195929096067 0.014795525459522733 0.047630558929171597 0.023718346638725438 0.04796003180330724 0.0048989265577077017 0.024085078535751758 0.011117218227162018 -0.0055246365718259784 -0.0020011109388984386 0.0039320335527240919 -0.0040032887307572566 0.015348995021093157 -0.026336161444048881 0.0037463729716831012 -0.00275251407750996 0.017710748318956776 0.0083873522077952661 0.034298270876288908 -0.010297074562511365 -0.027389141950105559 0.016017374381620899
leaf_weight=45.162212997674942 4.8709619957953683 45.817731365561485 5.2614128775894624 39.367479396983981 5.0170041844248754 190.42968035209924 2.354687623679637 67.65436745248735 10.154547071084378 7.3076075427234164 6.2862441092729568 3.9723312854766846 3.2865544557571402 181.11535589024425 5.2102146735414854 151.05842693988234 44.402609877288342 396.05254974588752 185.89739348832518 219.09538388624787 130.24842449557036 14.25877878628671 344.45990639179945 446.50854578334838 18.878113523125648 23.184992637485266 22.36227566562593 204.7691448777914 16.609903730452068 4.2792932465672484
leaf_count=1018 48 519 40 678 33 4472 46 827 215 51 32 25 55 2480 80 2261 389 6071 2957 2214 1952 113 3239 6107 120 178 178 3407 103 26
internal_value=-3.83137e-05 0.00689699 0.0124445 -0.000410637 0.0232815 -0.0061618 0.00161787 0.00729921 0.0393242 -0.000622828 0.0219537 0.0562132 0.00268105 0.000344054 -0.00185762 0.00325121 0.00733671 -0.00384501 0.00159815 0.00353322 0.00863569 -0.00106738 0.00073351 -0.000510315 -0.00107829 0.0174099 0.0211088 -0.00901464 -0.00986878 -0.018497
internal_weight=2845.33 144.97 99.152 2700.36 59.4076 313.247 122.818 83.4502 12.5092 39.7445 11.5477 8.98934 70.9409 2387.12 865.533 240.623 195.461 624.91 1521.58 879.701 316.146 641.883 563.555 627.624 414.931 50.4182 45.5473 209.979 28.1968 20.8892
internal_count=39934 1233 714 38701 462 6293 1821 1143 261 252 72 58 882 32408 13346 3668 2650 9678 19062 10362 4909 8700 5453 8587 6191 404 356 3487 180 129
cat_boundaries=0 4 8 12 15 16 19 23 24 27
cat_threshold=2236426 541067264 0 4 1077019136 100608 17981504 4 27672576 17408 2560 32 2217871008 608240156 34607168 9 18899072 18875392 2624 2892000 16793600 2151678020 32 1 536870912 1342212354 2149728772
is_linear=0
shrinkage=0.03


Tree=139
num_leaves=31
num_cat=10
split_feature=20 22 17 23 22 23 37 2 16 23 24 1 17 41 31 42 35 23 16 40 37 23 17 16 40 4 23 23 40 41
split_gain=8.14337 11.8118 10.9259 9.85729 9.70284 12.6446 11.8116 9.09305 15.6015 8.67891 10.6889 9.57912 11.8026 10.5841 8.59767 10.086 8.35526 8.29246 12.6429 9.1609 8.2748 8.127 8.08843 12.0403 10.8537 8.008 12.0174 10.9577 10.4712 9.99979
threshold=0 1 0.50036075036075056 2 3 4 6.5000000000000009 127.50000000000001 0.17948717948717957 5 48.500000000000007 4.5000000000000009 0.55573593073593097 1.9096477297636658 3.5000000000000004 1053.5000000000002 -1.0000000180025095e-35 6 0.40000000000000008 -1.7038165256542726 3.5000000000000004 7 0.027777777777777752 0.53857808857808875 0.27258745722270133 0.083036882455178262 8 9 2.0057160088690726 1.3847503178401599
decision_type=9 9 2 9 9 9 2 2 2 9 2 2 2 2 2 2 2 9 2 2 2 9 2 2 2 2 9 9 2 2
left_child=2 3 4 22 17 14 -7 -5 -9 -4 11 12 -11 -13 -6 -16 -3 19 20 -1 -19 -8 -2 24 -24 27 28 -18 -27 -28
right_child=1 16 9 7 5 6 21 8 -10 10 -12 13 -14 -15 15 -17 25 18 -20 -21 -22 -23 23 -25 -26 26 29 -29 -30 -31
leaf_value=0.01444513982914624 -0.013287604574594733 -0.014692291321797911 -0.0029028969570755428 0.0055084294183164765 0.010259262760287935 -0.0074617829951464532 0.0082874771329504993 0.016446538897022082 -0.0082845255069149033 0.07823362534206886 -0.015673555749605911 0.0099869027051902731 0.023852705642905928 0.073258466019883769 -0.019784724143210308 0.0041160894543157802 -0.014142680904216831 -0.0086373169378271553 -0.0029358789878068552 -0.0081954550772687252 0.0090956584826300015 -0.0021923053522306421 0.0043402205187196147 -0.0076030544091648137 0.040680515364414513 -0.01344413683162779 0.014693429689616361 -0.0010457830266687371 0.066858835952964615 -0.0023084637058926817
leaf_weight=17.394325017929077 70.611503683030605 75.921462478116155 26.940602455288172 353.14108633156866 257.5536030670628 147.62476640287787 124.9003065302968 28.590580951422453 116.51917377207428 6.4493889696896067 5.5793012082576743 21.229479942470793 8.1071103140711767 2.6798359118401995 18.140816709026694 128.09383088722825 105.28135924227536 27.578628947027028 350.35919044073671 213.5825776476413 167.66106590162963 128.51502253580838 37.987065874040127 82.080173276364803 9.1853500045835954 55.299174848943949 64.013177782297134 131.63590467255563 1.5010907230898727 60.616527997888625
leaf_count=265 1143 1453 243 4007 2957 2231 1593 227 1155 49 51 196 58 21 254 1453 1873 422 6192 3982 2243 1790 315 1032 86 691 914 2080 23 935
internal_value=-4.07758e-05 -0.00192121 0.00131981 0.000602137 0.000810953 0.00309687 -0.000698783 0.00285324 -0.00341183 0.0128419 0.0188514 0.0287599 0.0479467 0.0170786 0.00679247 0.00115113 -0.0054265 -0.00157769 0.00046467 -0.00622111 0.00659078 0.00321337 -0.0048783 -0.000661673 0.0114164 -0.00387466 0.000868399 -0.00750687 -0.00962704 0.00594699
internal_weight=2844.77 1192.38 1652.39 698.115 1581.4 804.828 401.04 498.251 145.11 70.9857 44.0451 38.4658 14.5565 23.9093 403.788 146.235 494.269 776.576 545.599 230.977 195.24 253.415 199.864 129.253 47.1724 418.347 181.43 236.917 56.8003 124.63
internal_count=39934 15934 24000 7965 23382 10278 5614 5389 1382 618 375 324 107 217 4664 1707 7969 13104 8857 4247 2665 3383 2576 1433 401 6516 2563 3953 714 1849
cat_boundaries=0 1 5 8 11 14 18 22 25 28 31
cat_threshold=1506 85983275 1879149826 2204107265 4 27533312 18890752 2147484228 2217738410 1614873885 2154827781 142614528 690029568 536873728 9306112 134217728 2147483904 32 2105344 18874368 541067776 32 19398848 16384 68 8192 134300672 320 145514624 18874368 4194880
is_linear=0
shrinkage=0.03


Tree=140
num_leaves=31
num_cat=1
split_feature=20 37 16 16 41 0 11 9 14 4 40 11 12 24 40 5 40 15 40 15 7 15 42 42 26 12 2 42 41 15
split_gain=7.69031 7.78297 8.41483 6.34293 12.4823 6.36701 13.763 8.15312 7.65509 6.64846 12.0388 9.71153 5.67684 6.22064 11.2541 20.5089 20.1117 9.21295 7.21858 6.7162 7.48065 6.3488 8.34779 5.98776 5.73495 5.52644 10.4315 5.36528 5.49856 6.51886
threshold=0 28.500000000000004 1.0000000180025095e-35 0.76936026936026947 2.5711747985644022 1625.0000000000002 1.0000000180025095e-35 0.33333020365889848 4.5000000000000009 0.09528030353690127 1.3540130925288698 0.16869918699186989 1.0260000000000002 17.500000000000004 1.6568994391589698 -0.46494090182569986 1.9015896264640022 -25.499999999999996 -0.12932135991204666 -25.499999999999996 0.56904761904761914 -4.4999999999999991 1113.5000000000002 1158.5000000000002 0.025978407557354904 -0.7315555555555554 132.50000000000003 1058.5000000000002 0.54972853182099923 15.500000000000002
decision_type=9 2 2 2 2 2 2 2 2 2 2 2 2 2 2 2 2 2 2 2 2 2 2 2 2 2 2 2 2 2
left_child=12 3 -3 5 25 9 7 -7 -8 11 -11 -2 13 14 17 23 -17 -1 -19 20 -15 22 -21 -16 -23 26 -5 -14 -29 -30
right_child=1 2 -4 4 -6 6 8 -9 -10 10 -12 -13 27 19 15 16 -18 18 -20 21 -22 24 -24 -25 -26 -27 -28 28 29 -31
leaf_value=0.066992816944846559 -0.0056437676516552177 0.050772100648138349 -0.015600994093064705 0.00097216752637178743 0.073914252740737069 0.028806787102241736 0.0049997260469708971 0.1112929256668183 -0.0085252205489960032 0.00014883839632182143 0.030251218058768754 0.011233278815203541 -0.032201408664667801 -0.020938635475992014 -0.023320470460696529 0.098616093854396167 0.019707831614171566 0.0074844953217737065 -0.001566546681955007 -0.00027315163522503323 0.051880944636908344 -0.0049588090352309525 0.009301795384714465 0.033223678171328153 0.00084777722791486078 -0.011694204493635346 0.10909316268706018 0.044618471743369505 -0.011716607949074273 0.027418165948390284
leaf_weight=2.0625010170042506 404.99826960917562 1.7807678915560234 49.649989815428853 19.490543231368068 1.6616663895547379 4.3298743767663828 201.06017288006842 1.4361750595271585 46.345184375531971 310.49331059027463 12.435955125838516 33.201389094814658 7.5423302752897134 19.60945524182171 6.420122426934542 4.9187789745628816 7.1076726391911507 175.04223541729152 144.99604792054743 165.0665429122746 1.3575525358319271 194.34756151586771 162.74416808132082 2.2855475498363376 721.0132458973676 102.61823119688779 0.83761243242770334 1.9440779592841853 32.756875553168356 4.338115604594349
leaf_count=28 5547 26 961 469 26 72 2612 16 509 3541 185 358 166 336 144 58 92 2193 2265 2584 10 3956 2199 48 9212 1597 15 35 608 66
internal_value=-4.18813e-05 -0.00187172 -0.0133029 -0.00137195 -0.00775947 -0.000587233 0.003534 0.049352 0.00246617 -0.00195806 0.00130808 -0.00436503 0.00127895 0.00158595 0.00517014 0.0265946 0.0519811 0.00379115 0.00338384 0.000613925 -0.0162238 0.000897906 0.00448041 -0.00847562 -0.000385065 -0.00886332 0.00542724 -0.00903769 -0.00456247 -0.00713995
internal_weight=2843.89 1190.34 51.4308 1138.91 124.608 1014.3 253.171 5.76605 247.405 761.129 322.929 438.2 1653.55 1606.97 342.833 20.7321 12.0265 322.101 320.038 1264.14 20.967 1243.17 327.811 8.70567 915.361 122.946 20.3282 46.5814 39.0391 37.095
internal_count=39934 15934 987 14947 2107 12840 3209 88 3121 9631 3726 5905 24000 23125 4828 342 150 4486 4458 18297 346 17951 4783 192 13168 2081 484 875 709 674
cat_boundaries=0 1
cat_threshold=1506
is_linear=0
shrinkage=0.03


Tree=141
num_leaves=31
num_cat=9
split_feature=16 22 33 22 13 23 13 17 18 15 4 16 9 23 2 28 4 16 5 6 23 14 14 7 26 28 22 41 18 14
split_gain=8.27112 14.4322 13.0586 13.9787 14.6383 12.6785 18.2006 12.5748 12.0401 11.8477 16.2256 9.56305 17.4274 9.29575 9.04327 10.0665 10.0574 8.86732 8.51955 13.252 8.24875 14.9603 14.4197 7.77702 7.46089 8.49777 7.3731 10.8342 8.53942 7.41457
threshold=0.48018648018648019 0 1 2 0.33000000000000024 3 -0.84399999999999975 -0.0013828763828763497 4 5.5000000000000009 0.65510174508237484 0.46153846153846162 0.37615652537158423 5 127.50000000000001 0.49900000000000011 1.0000000180025095e-35 0.48484848484848492 -1.6910510448042646 0.094494047619047616 6 4.5000000000000009 12.500000000000002 0.5064102564102565 0.082482993197278864 -0.70444664031620541 7 1.6658949381024122 8 -7.4999999999999991
decision_type=2 9 1 9 2 9 2 2 1 2 2 2 2 9 2 2 2 2 2 2 9 2 2 2 2 2 9 2 1 2
left_child=2 5 3 4 18 6 9 20 17 10 -2 14 -13 24 16 -16 -5 -8 19 -1 21 -3 -23 -4 -9 -26 27 -25 29 -28
right_child=1 7 23 11 -6 -7 8 13 -10 -11 -12 12 -14 -15 15 -17 -18 -19 -20 -21 -22 22 -24 26 25 -27 28 -29 -30 -31
leaf_value=-0.031813203143060853 0.027380245029510707 -0.0027871105349382588 0.0021434572725829489 0.010457199498172014 0.037602873855485906 -0.0099351508673838941 0.07544958280608427 0.0091036396057439621 -0.0093061253393920927 -0.014457056536839144 0.11320947533113962 0.010103710605950998 0.12654927956767284 -0.0024009089891860033 -0.004249452232639569 0.049746209725346338 0.0359838601175572 0.0054552323455273888 -0.016400957547623819 0.10943912885331865 -0.013231271563264103 0.12836719576477443 0.014845674445814194 0.0093463182218945558 0.038421944686632604 0.0012075960436337308 0.017688122203990353 -0.011512042075231384 -0.012110533107116241 -0.0037522624277578093
leaf_weight=1.1417145319283002 7.5785246286541206 18.305688920430843 925.1720640938729 28.240592404268682 6.1381140500307074 272.36649311520159 1.6656543109565962 171.9639384187758 87.515225631184876 3.4464091453701249 2.6844947021454573 2.712207779288291 2.0169000290334225 337.75068916473538 25.447045970708135 3.539684619754552 27.338909486308694 73.932830997742712 33.680297195911407 1.254677591845393 78.352599537931383 1.6712023485451926 2.5339194815605879 76.18037455715239 5.596074614673852 419.36545528285205 18.052949652075768 31.753902032971382 107.42103543877602 74.105537245050073
leaf_count=24 188 440 12707 379 62 6185 28 2487 1978 89 64 39 18 4496 255 40 326 1628 406 18 1722 31 52 445 53 3808 128 202 884 587
internal_value=4.20121e-05 -0.00150744 0.00172836 0.0107146 -0.00422465 -0.0059284 0.000444763 0.000463038 -0.00232044 0.0336693 0.0498306 0.0164123 0.0597662 0.0015535 0.0159287 0.00234417 0.0230135 0.00617994 -0.0125122 0.0421422 -0.00959607 0.00618641 0.0599615 0.00076966 0.00376806 0.00169765 -0.00336349 0.00293769 -0.0065883 0.000403876
internal_weight=2848.93 1484.73 1364.2 131.51 42.2148 449.19 176.823 1035.54 163.114 13.7094 10.263 89.2953 4.72911 934.676 84.5662 28.9867 55.5795 75.5985 36.0767 2.39639 100.863 22.5108 4.20512 1232.69 596.925 424.962 307.514 107.934 199.58 92.1585
internal_count=39769 23249 16520 1567 510 10160 3975 13089 3634 341 252 1057 57 10844 1000 295 705 1656 448 42 2245 523 83 14953 6348 3861 2246 647 1599 715
cat_boundaries=0 3 4 7 11 12 16 19 23 24
cat_threshold=2684354569 1728140316 2703360516 4 2149711880 104857857 8256 134750336 153092096 536871428 32 41 155852992 134299648 68 32 2113536 136314880 2147484164 8192 33620224 16908288 4 112
is_linear=0
shrinkage=0.03


Tree=142
num_leaves=31
num_cat=9
split_feature=40 22 3 2 23 2 16 23 42 11 2 23 12 4 22 40 5 16 23 2 41 28 42 23 23 23 14 17 41 14
split_gain=9.43818 13.6027 9.87549 9.10975 9.90549 10.6841 17.8784 8.48126 7.74021 7.421 13.3065 10.4474 9.27128 7.31104 7.22531 9.74548 22.2755 9.38625 7.88702 7.42854 9.07988 8.63552 6.9051 10.9855 6.97055 6.86765 8.17167 9.95514 9.67381 11.6202
threshold=-0.13877456226830173 0 -1.6514946359304117 116.50000000000001 1 114.50000000000001 0.74128464128464144 2 1008.5000000000001 0.13921188630490958 117.50000000000001 3 -0.17399999999999979 -2.1653687557683829 4 -0.15056034133332843 0.18075845985168507 0.43123543123543129 5 121.50000000000001 0.80620652009642157 -0.68790243902439008 1129.5000000000002 6 7 8 2.5000000000000004 0.083333333333333356 1.3427575880680271 9.5000000000000018
decision_type=2 9 2 2 9 2 2 9 2 2 2 9 2 2 9 2 2 2 9 2 2 2 2 9 9 9 2 2 2 2
left_child=14 3 -3 4 13 -6 -7 -5 -9 22 12 -12 -11 -2 15 18 17 -17 19 21 -21 -1 24 -24 -4 26 27 -16 29 -28
right_child=1 2 9 7 5 6 -8 8 -10 10 11 -13 -14 -15 25 16 -18 -19 -20 20 -22 -23 23 -25 -26 -27 28 -29 -30 -31
leaf_value=0.080816423541449675 0.06099382091214843 -0.016252676009387484 -0.0023614107303559155 0.0039037809903061985 0.0048566093521905359 0.06222994074587597 -0.016854994880082134 -0.025423908121155032 -0.0018805287166115477 0.013973276326992756 0.010233219821103834 -0.0087905841013528885 0.067035775610870721 -0.01300917199287655 -0.0052664619800592578 0.14287254890764386 -0.024918310823937955 0.041505169989586775 0.0023632010775660262 0.062696963628634236 0.0047889391851976644 0.022995798252127317 -0.0077240134535410815 0.0048750054221561511 -0.012267062397341554 -0.0040808011940892137 0.033708756041995649 0.0098250465517553259 0.0023117514651871036 -0.019793660153557473
leaf_weight=2.8641993710771194 1.2911208979785467 61.53259901329875 133.67580600455403 316.13673976249993 8.7990081198513508 12.604141491465269 3.232459696009756 12.990325987339018 386.35201949998736 8.7992600798606855 36.651636742986739 48.683512383140624 4.4684456763789049 17.308915821835399 127.23452873434871 1.6913383267819875 2.5202036872506142 1.5997140314429996 814.68766277935356 2.625179558992385 33.985913304612041 12.341625474393366 109.07691605389118 121.35005958005786 154.47821686416864 286.33720141649246 23.205135961994532 56.945973314344883 41.134918322786689 4.3361925687640896
leaf_count=42 29 1742 2446 3624 206 165 63 180 4899 141 554 790 73 327 2032 22 23 26 9116 20 346 138 1915 2163 3350 3968 229 602 471 67
internal_value=3.45818e-05 -0.0016765 -0.0047224 0.00109603 0.014483 0.0223067 0.0460877 0.000302392 -0.00258173 -0.00364936 0.00389476 -0.000450763 0.0318443 -0.00511972 0.00177709 0.00344182 0.0422014 0.0935999 0.0032216 0.013631 0.0089412 0.033887 -0.0050838 -0.00121262 -0.00817945 -0.000962122 0.00259039 -0.000600384 0.0115248 0.0252852
internal_weight=2848.94 1437.43 678.716 758.715 43.2356 24.6356 15.8366 715.479 399.342 617.184 98.6029 85.3351 13.2677 18.6 1411.51 872.316 5.81126 3.29105 866.505 51.8169 36.6111 15.2058 518.581 230.427 288.154 539.194 252.857 184.181 68.6762 27.5413
internal_count=39769 22667 13174 9493 790 434 228 8703 5079 11432 1558 1344 214 356 17102 9733 71 48 9662 546 366 180 9874 4078 5796 7369 3401 2634 767 296
cat_boundaries=0 4 7 10 13 17 20 23 27 31
cat_threshold=1630806656 285248003 54526529 4 9322560 553713664 4194304 13262976 65536 4 16785472 151011328 2684354816 537011339 1442925832 2164400128 4 4194304 1024 536870976 18874432 136332288 2151680832 138543296 136332288 536871684 32 2621632 671105024 2684357380 32
is_linear=0
shrinkage=0.03


Tree=143
num_leaves=31
num_cat=12
split_feature=40 22 11 23 5 2 23 1 24 18 31 16 23 2 2 28 5 23 23 41 22 40 1 22 41 22 23 0 23 28
split_gain=8.89461 12.9336 9.52498 11.4368 8.78666 9.84528 8.16662 8.81403 11.6105 11.0171 7.35033 6.82478 9.31202 8.9308 12.6654 17.1327 9.60878 13.8202 10.1288 8.78884 7.20772 7.08268 6.78368 17.6673 14.5915 11.5722 13.5379 10.6658 11.3602 14.9847
threshold=-0.13877456226830173 0 0.13921188630490958 1 -0.22052893472183202 120.50000000000001 2 1.5000000000000002 55.500000000000007 3 5.5000000000000009 0.80203130203130213 4 116.50000000000001 114.50000000000001 -0.7537087912087912 -0.43596333027894152 5 6 2.5711747985644022 7 1.5612281247564546 1.5000000000000002 8 0.78184797293141306 9 10 1725.0000000000002 11 1.3245000000000002
decision_type=2 9 2 9 2 2 9 2 2 1 2 2 9 2 2 2 2 9 9 2 9 2 2 9 2 9 9 2 9 2
left_child=22 11 6 4 10 -6 7 8 -3 -9 -4 13 19 14 21 -16 17 -15 -18 20 -13 -2 23 24 -1 26 -24 -27 29 -29
right_child=1 2 3 -5 5 -7 -8 9 -10 -11 -12 12 -14 16 15 -17 18 -19 -20 -21 -22 -23 25 -25 -26 27 -28 28 -30 -31
leaf_value=0.064619663971082722 -0.01298352915340136 0.0273333066343814 -0.0047351629555521723 -0.0039094959166434606 0.066010943864175387 0.019345202269056647 -0.0092744748883602113 0.0095209893411171316 -0.022345022966015253 -0.0071717506273620045 0.075736362054976261 -0.0095794704613614973 -0.011814958006455429 0.017334791579482485 0.071359374668978667 0.014671668975475468 -0.0033588433399910004 -0.0080639629664397486 0.0061824177888950647 0.083330671825732339 0.0090550941842954952 0.049757702366180545 -0.0005980147346132859 -0.0028417842950567754 0.016100535901915049 -0.0028675270047881776 0.0085782260990608268 0.016632746783724468 -0.005899471328197365 0.10742859299081703
leaf_weight=6.1623757109045973 13.872839659452437 18.115528154186908 13.043754960410295 70.348684761673212 5.648201969452205 14.551624898798762 329.00987162441015 37.277421438135207 5.5255437903106204 149.74869578704238 1.1083669876679767 20.871308189816773 69.937828399240971 13.156664907000957 6.336972893215715 19.762347240932289 137.19516921509057 138.74793884251267 328.87293526902795 1.2348897326737631 39.045311852358282 1.8333213562145818 282.06846843007952 73.097798613831401 58.874103702604771 624.2277126070112 293.27148624230176 44.191156069748104 29.507358821108937 1.6987894400954235
leaf_count=46 328 245 263 1102 75 188 6412 679 84 2850 23 433 1147 285 148 309 1658 2420 3407 14 544 53 3289 755 547 8004 3499 545 394 23
internal_value=3.10146e-05 -0.00163244 -0.00474588 0.00346133 0.0152536 0.0323937 -0.00642606 -0.00146765 0.0157222 -0.003719 0.00156721 0.000952268 -0.00528783 0.00220653 0.015626 0.0284356 0.00129871 -0.00525384 0.00343437 0.00353167 0.00247643 -0.00565998 0.00172054 0.00803544 0.0179395 0.00103636 0.00414609 -0.00155793 0.00907786 0.0164165
internal_weight=2848.34 1435.25 644.378 104.701 34.3519 20.1998 539.677 210.667 23.6411 187.026 14.1521 790.868 131.089 659.778 41.8055 26.0993 617.973 151.905 466.068 61.1515 59.9166 15.7062 1413.1 138.134 65.0365 1274.96 575.34 699.625 75.3973 45.8899
internal_count=39769 22667 11921 1651 549 263 10270 3858 329 3529 286 10746 2138 8608 838 457 7770 2705 5065 991 977 381 17102 1348 593 15754 6788 8966 962 568
cat_boundaries=0 4 7 10 11 15 16 20 23 26 30 34 37
cat_threshold=1630807680 285248003 55575109 4 17039424 150994944 2684354624 147480704 2097152 536870916 32 151658560 536887296 4194560 32 16793728 23330880 553649152 541065984 32 537141376 16809985 16777220 2149580803 641796360 16777216 536880264 1442956554 2149720064 4 161619968 553730048 2147483652 32 136708288 136381440 2147483904
is_linear=0
shrinkage=0.03


end of trees

feature_importances:
trainer=490
jockey=419
avg_early_pct_last_3=225
speed_figure_ewm=219
barrier_draw=217
avg_late_speed_last_3=209
past_standardized_early_speed=189
early_pressure_index=160
horse_place_rate_ewm=146
horse_weight=142
career_starts=141
jockey_roi_50=133
barrier_win_rate_50=128
last_speed_figure=118
trainer_roi_50=115
horse_weight_diff=98
horse_win_rate_50=95
days_since_last_race=91
weight_carried=89
jockey_trainer_roi_50=88
speed_figure_change=80
horse_place_rate_50=80
jockey_trainer_win_rate_50=76
jockey_win_rate_50=70
weight_diff=67
horse_win_rate_ewm=62
race_class=62
trainer_win_rate_50=53
num_front_runners=46
distance_diff=40
course_type=38
distance=37
past_speed_figure=33
track=27
run_style=11
pace_scenario=8
rest_period=6
pace_advantage=5
track_condition=4
is_high_value_combo=3

parameters:
[boosting: gbdt]
[objective: binary]
[metric: binary_logloss]
[tree_learner: serial]
[device_type: cpu]
[data_sample_strategy: bagging]
[data: ]
[valid: ]
[num_iterations: 150]
[learning_rate: 0.03]
[num_leaves: 31]
[num_threads: -1]
[seed: 42]
[deterministic: 0]
[force_col_wise: 0]
[force_row_wise: 0]
[histogram_pool_size: -1]
[max_depth: 6]
[min_data_in_leaf: 20]
[min_sum_hessian_in_leaf: 0.001]
[bagging_fraction: 0.8]
[pos_bagging_fraction: 1]
[neg_bagging_fraction: 1]
[bagging_freq: 3]
[bagging_seed: 400]
[bagging_by_query: 0]
[feature_fraction: 0.8]
[feature_fraction_bynode: 1]
[feature_fraction_seed: 30056]
[extra_trees: 0]
[extra_seed: 12879]
[early_stopping_round: 0]
[early_stopping_min_delta: 0]
[first_metric_only: 0]
[max_delta_step: 0]
[lambda_l1: 0]
[lambda_l2: 0]
[linear_lambda: 0]
[min_gain_to_split: 0]
[drop_rate: 0.1]
[max_drop: 50]
[skip_drop: 0.5]
[xgboost_dart_mode: 0]
[uniform_drop: 0]
[drop_seed: 17869]
[top_rate: 0.2]
[other_rate: 0.1]
[min_data_per_group: 100]
[max_cat_threshold: 32]
[cat_l2: 10]
[cat_smooth: 10]
[max_cat_to_onehot: 4]
[top_k: 20]
[monotone_constraints: ]
[monotone_constraints_method: basic]
[monotone_penalty: 0]
[feature_contri: ]
[forcedsplits_filename: ]
[refit_decay_rate: 0.9]
[cegb_tradeoff: 1]
[cegb_penalty_split: 0]
[cegb_penalty_feature_lazy: ]
[cegb_penalty_feature_coupled: ]
[path_smooth: 0]
[interaction_constraints: ]
[verbosity: -1]
[saved_feature_importance_type: 0]
[use_quantized_grad: 0]
[num_grad_quant_bins: 4]
[quant_train_renew_leaf: 0]
[stochastic_rounding: 1]
[linear_tree: 0]
[max_bin: 255]
[max_bin_by_feature: ]
[min_data_in_bin: 3]
[bin_construct_sample_cnt: 200000]
[data_random_seed: 175]
[is_enable_sparse: 1]
[enable_bundle: 1]
[use_missing: 1]
[zero_as_missing: 0]
[feature_pre_filter: 1]
[pre_partition: 0]
[two_round: 0]
[header: 0]
[label_column: ]
[weight_column: ]
[group_column: ]
[ignore_column: ]
[categorical_feature: 18,19,20,21,22,23,25,30,33]
[forcedbins_filename: ]
[precise_float_parser: 0]
[parser_config_file: ]
[objective_seed: 16083]
[num_class: 1]
[is_unbalance: 0]
[scale_pos_weight: 1]
[sigmoid: 1]
[boost_from_average: 1]
[reg_sqrt: 0]
[alpha: 0.9]
[fair_c: 1]
[poisson_max_delta_step: 0.7]
[tweedie_variance_power: 1.5]
[lambdarank_truncation_level: 30]
[lambdarank_norm: 1]
[label_gain: ]
[lambdarank_position_bias_regularization: 0]
[eval_at: ]
[multi_error_top_k: 1]
[auc_mu_weights: ]
[num_machines: 1]
[local_listen_port: 12400]
[time_out: 120]
[machine_list_filename: ]
[machines: ]
[gpu_platform_id: -1]
[gpu_device_id: -1]
[gpu_use_dp: 0]
[num_gpu: 1]

end of parameters

pandas_categorical:[["ALL WEATHER TRACK", "TURF - \"A\" Course", "TURF - \"A+3\" Course", "TURF - \"B\" Course", "TURF - \"B+2\" Course", "TURF - \"C\" Course", "TURF - \"C+3\" Course"], ["FAST", "GOOD", "GOOD TO FIRM", "GOOD TO YIELDING", "HEAVY", "SEALED", "SOFT", "WET FAST", "WET SLOW", "YIELDING"], ["4 Year Olds", "Class 1", "Class 2", "Class 3", "Class 3 (Restricted)", "Class 4", "Class 4 (Restricted)", "Class 5", "Griffin Race", "Group One", "Group Three", "Group Two"], ["Happy Valley", "Sha Tin"], ["A Atzeni", "A Badel", "A De Vries", "A Hamelin", "A Nishimura", "A Pouchin", "A Sugawara", "B Avdulla", "B Murzabayev", "B Shinn", "B Thompson", "C Demuro", "C Keane", "C L Chau", "C L Cheung", "C Lemaire", "C Perkins", "C Schofield", "C Soumillon", "C Williams", "C Wong", "C Y Ho", "D B McMonagle", "D Beasley", "D Lane", "D McDonogh", "D Moor", "D Probert", "E Brown", "E C W Wong", "G van Niekerk", "H Bentley", "H Bowman", "H Doyle", "H N Wong", "H T Mo", "H W Lai", "H Y Yuen", "J Collett", "J Hart", "J McDonald", "J McNeil", "J Melham", "J Moreira", "J Orman", "J Spencer", "K C Leung", "K De Melo", "K H Chan", "K Manning", "K Maruta", "K Matsuyama", "K Miura", "K Stott", "K Teetan", "K Yokoyama", "L Currie", "L Ferraris", "L Hewitson", "L Morris", "M Barzalona", "M Chadwick", "M Dee", "M Dwyer", "M F Poon", "M Guyon", "M L Yeung", "M Matsuoka", "M Velon", "M Zahra", "N Callan", "O Murphy", "O Orr", "P N Wong", "P-C Boudot", "R King", "R Kingscote", "R Maia", "R Moore", "R Ryan", "R Sakai", "S De Sousa", "S Nakano", "T Clark", "T H So", "T Marquand", "T Piccone", "U Rispoli", "V Borges", "W Buick", "W J Lee", "W Lordan", "Y Iwata", "Y Kawada", "Y Kitamura", "Y L Chung", "Y Take", "Y Yoshida", "Z Purton"], ["A & S Freedman", "A Fabre", "A Forsman", "A M Balding", "A Neasham", "A P O'Brien", "A S Cruz", "A T Millard", "A Watson", "B Crawford", "B,W & JD Hayes", "C & Y Lerner", "C Appleby", "C Fownes", "C H Yip", "C Hills", "C Maher", "C S Shum", "C W Chang", "D A Hayes", "D A O'Brien", "D E Ferraris", "D Eustace", "D J Hall", "D J Whyte", "D Meagher", "F A Nass", "F C Lor", "F-H Graffard", "G Boughey", "H Eustace", "H Fujiwara", "H Mori", "H Otonashi", "H Palmer", "H Shaheen", "H Sugiyama", "H Take", "H Tanaka", "H Uemura", "J Ferguson", "J Lau", "J Moore", "J P O'Brien", "J Quinn", "J Reynier", "J Richards", "J S Bolger", "J Size", "J-P Gauvin", "K Burke", "K Fujioka", "K Fujisawa", "K H Ting", "K Hagiwara", "K J Condon", "K L Man", "K M Chin", "K Mori", "K W Lui", "K Yoshimura", "L Ho", "M Botti", "M Delzangles", "M Ikezoe", "M Nakauchida", "M Newnham", "M Takayanagi", "N Hori", "N P Moore", "P C Ng", "P Cottier", "P F Yiu", "P O'Sullivan", "R Fahey", "R Gibson", "R M Beckett", "R Takei", "S Kunieda", "S Marsh", "S Yasuda", "T Gollan", "T Kimura", "T Matsushita", "T Okumura", "T Ozeki", "T P Yung", "T Saito", "T Takano", "T Tanaka", "T Tezuka", "T Yasuda", "W J Haggas", "W K Mo", "W Muir", "W Y So", "W'House & Bott", "Y Barberot", "Y Hatakeyama", "Y Ikee", "Y Munakata", "Y S Tsui", "Y Shikato", "Y Tomomichi", "Y Tsujino", "Y Yahagi", "de Royer Dupre"], ["Freshened", "Long_Layoff", "Optimal", "Quick_Return", "Short_Backup", "Spell"], ["Closer", "Leader", "Stalker"], ["Fast", "Normal", "Slow"]]
